iso3,country,year,indicator,value,unit,source,downloaded
ALB,Albania,2010,EG.FEC.RNEW.ZS,37.0,% of total final energy consumption,World Bank,2026-10-09
ALB,Albania,2011,EG.FEC.RNEW.ZS,35.8,% of total final energy consumption,World Bank,2026-10-09
ALB,Albania,2012,EG.FEC.RNEW.ZS,39.9,% of total final energy consumption,World Bank,2026-10-09
ALB,Albania,2013,EG.FEC.RNEW.ZS,41.1,% of total final energy consumption,World Bank,2026-10-09
ALB,Albania,2014,EG.FEC.RNEW.ZS,38.6,% of total final energy consumption,World Bank,2026-10-09
ALB,Albania,2015,EG.FEC.RNEW.ZS,38.5,% of total final energy consumption,World Bank,2026-10-09
ALB,Albania,2016,EG.FEC.RNEW.ZS,39.4,% of total final energy consumption,World Bank,2026-10-09
ALB,Albania,2017,EG.FEC.RNEW.ZS,36.9,% of total final energy consumption,World Bank,2026-10-09
ALB,Albania,2018,EG.FEC.RNEW.ZS,37.8,% of total final energy consumption,World Bank,2026-10-09
ALB,Albania,2019,EG.FEC.RNEW.ZS,40.1,% of total final energy consumption,World Bank,2026-10-09
ALB,Albania,2020,EG.FEC.RNEW.ZS,44.4,% of total final energy consumption,World Bank,2026-10-09
ALB,Albania,2021,EG.FEC.RNEW.ZS,41.9,% of total final energy consumption,World Bank,2026-10-09
AUT,Austria,2010,EG.FEC.RNEW.ZS,31.1,% of total final energy consumption,World Bank,2026-10-09
AUT,Austria,2011,EG.FEC.RNEW.ZS,31.6,% of total final energy consumption,World Bank,2026-10-09
AUT,Austria,2012,EG.FEC.RNEW.ZS,34.4,% of total final energy consumption,World Bank,2026-10-09
AUT,Austria,2013,EG.FEC.RNEW.ZS,34.6,% of total final energy consumption,World Bank,2026-10-09
AUT,Austria,2014,EG.FEC.RNEW.ZS,35.7,% of total final energy consumption,World Bank,2026-10-09
AUT,Austria,2015,EG.FEC.RNEW.ZS,34.8,% of total final energy consumption,World Bank,2026-10-09
AUT,Austria,2016,EG.FEC.RNEW.ZS,34.6,% of total final energy consumption,World Bank,2026-10-09
AUT,Austria,2017,EG.FEC.RNEW.ZS,34.0,% of total final energy consumption,World Bank,2026-10-09
AUT,Austria,2018,EG.FEC.RNEW.ZS,34.1,% of total final energy consumption,World Bank,2026-10-09
AUT,Austria,2019,EG.FEC.RNEW.ZS,34.0,% of total final energy consumption,World Bank,2026-10-09
AUT,Austria,2020,EG.FEC.RNEW.ZS,35.8,% of total final energy consumption,World Bank,2026-10-09
AUT,Austria,2021,EG.FEC.RNEW.ZS,36.0,% of total final energy consumption,World Bank,2026-10-09
BEL,Belgium,2010,EG.FEC.RNEW.ZS,6.2,% of total final energy consumption,World Bank,2026-10-09
BEL,Belgium,2011,EG.FEC.RNEW.ZS,6.7,% of total final energy consumption,World Bank,2026-10-09
BEL,Belgium,2012,EG.FEC.RNEW.ZS,7.7,% of total final energy consumption,World Bank,2026-10-09
BEL,Belgium,2013,EG.FEC.RNEW.ZS,8.3,% of total final energy consumption,World Bank,2026-10-09
BEL,Belgium,2014,EG.FEC.RNEW.ZS,9.1,% of total final energy consumption,World Bank,2026-10-09
BEL,Belgium,2015,EG.FEC.RNEW.ZS,9.4,% of total final energy consumption,World Bank,2026-10-09
BEL,Belgium,2016,EG.FEC.RNEW.ZS,9.2,% of total final energy consumption,World Bank,2026-10-09
BEL,Belgium,2017,EG.FEC.RNEW.ZS,9.7,% of total final energy consumption,World Bank,2026-10-09
BEL,Belgium,2018,EG.FEC.RNEW.ZS,10.7,% of total final energy consumption,World Bank,2026-10-09
BEL,Belgium,2019,EG.FEC.RNEW.ZS,10.2,% of total final energy consumption,World Bank,2026-10-09
BEL,Belgium,2020,EG.FEC.RNEW.ZS,12.3,% of total final energy consumption,World Bank,2026-10-09
BEL,Belgium,2021,EG.FEC.RNEW.ZS,11.7,% of total final energy consumption,World Bank,2026-10-09
BGR,Bulgaria,2010,EG.FEC.RNEW.ZS,14.3,% of total final energy consumption,World Bank,2026-10-09
BGR,Bulgaria,2011,EG.FEC.RNEW.ZS,13.2,% of total final energy consumption,World Bank,2026-10-09
BGR,Bulgaria,2012,EG.FEC.RNEW.ZS,15.6,% of total final energy consumption,World Bank,2026-10-09
BGR,Bulgaria,2013,EG.FEC.RNEW.ZS,18.2,% of total final energy consumption,World Bank,2026-10-09
BGR,Bulgaria,2014,EG.FEC.RNEW.ZS,17.1,% of total final energy consumption,World Bank,2026-10-09
BGR,Bulgaria,2015,EG.FEC.RNEW.ZS,17.9,% of total final energy consumption,World Bank,2026-10-09
BGR,Bulgaria,2016,EG.FEC.RNEW.ZS,17.7,% of total final energy consumption,World Bank,2026-10-09
BGR,Bulgaria,2017,EG.FEC.RNEW.ZS,17.1,% of total final energy consumption,World Bank,2026-10-09
BGR,Bulgaria,2018,EG.FEC.RNEW.ZS,19.6,% of total final energy consumption,World Bank,2026-10-09
BGR,Bulgaria,2019,EG.FEC.RNEW.ZS,19.3,% of total final energy consumption,World Bank,2026-10-09
BGR,Bulgaria,2020,EG.FEC.RNEW.ZS,21.1,% of total final energy consumption,World Bank,2026-10-09
BGR,Bulgaria,2021,EG.FEC.RNEW.ZS,20.4,% of total final energy consumption,World Bank,2026-10-09
BIH,Bosnia and Herzegovina,2010,EG.FEC.RNEW.ZS,19.6,% of total final energy consumption,World Bank,2026-10-09
BIH,Bosnia and Herzegovina,2011,EG.FEC.RNEW.ZS,14.2,% of total final energy consumption,World Bank,2026-10-09
BIH,Bosnia and Herzegovina,2012,EG.FEC.RNEW.ZS,15.3,% of total final energy consumption,World Bank,2026-10-09
BIH,Bosnia and Herzegovina,2013,EG.FEC.RNEW.ZS,19.5,% of total final energy consumption,World Bank,2026-10-09
BIH,Bosnia and Herzegovina,2014,EG.FEC.RNEW.ZS,23.6,% of total final energy consumption,World Bank,2026-10-09
BIH,Bosnia and Herzegovina,2015,EG.FEC.RNEW.ZS,25.2,% of total final energy consumption,World Bank,2026-10-09
BIH,Bosnia and Herzegovina,2016,EG.FEC.RNEW.ZS,23.0,% of total final energy consumption,World Bank,2026-10-09
BIH,Bosnia and Herzegovina,2017,EG.FEC.RNEW.ZS,18.5,% of total final energy consumption,World Bank,2026-10-09
BIH,Bosnia and Herzegovina,2018,EG.FEC.RNEW.ZS,35.4,% of total final energy consumption,World Bank,2026-10-09
BIH,Bosnia and Herzegovina,2019,EG.FEC.RNEW.ZS,36.8,% of total final energy consumption,World Bank,2026-10-09
BIH,Bosnia and Herzegovina,2020,EG.FEC.RNEW.ZS,37.7,% of total final energy consumption,World Bank,2026-10-09
BIH,Bosnia and Herzegovina,2021,EG.FEC.RNEW.ZS,36.6,% of total final energy consumption,World Bank,2026-10-09
CYP,Cyprus,2010,EG.FEC.RNEW.ZS,6.5,% of total final energy consumption,World Bank,2026-10-09
CYP,Cyprus,2011,EG.FEC.RNEW.ZS,7.6,% of total final energy consumption,World Bank,2026-10-09
CYP,Cyprus,2012,EG.FEC.RNEW.ZS,8.6,% of total final energy consumption,World Bank,2026-10-09
CYP,Cyprus,2013,EG.FEC.RNEW.ZS,9.7,% of total final energy consumption,World Bank,2026-10-09
CYP,Cyprus,2014,EG.FEC.RNEW.ZS,9.5,% of total final energy consumption,World Bank,2026-10-09
CYP,Cyprus,2015,EG.FEC.RNEW.ZS,10.4,% of total final energy consumption,World Bank,2026-10-09
CYP,Cyprus,2016,EG.FEC.RNEW.ZS,10.3,% of total final energy consumption,World Bank,2026-10-09
CYP,Cyprus,2017,EG.FEC.RNEW.ZS,10.9,% of total final energy consumption,World Bank,2026-10-09
CYP,Cyprus,2018,EG.FEC.RNEW.ZS,12.0,% of total final energy consumption,World Bank,2026-10-09
CYP,Cyprus,2019,EG.FEC.RNEW.ZS,12.0,% of total final energy consumption,World Bank,2026-10-09
CYP,Cyprus,2020,EG.FEC.RNEW.ZS,15.0,% of total final energy consumption,World Bank,2026-10-09
CYP,Cyprus,2021,EG.FEC.RNEW.ZS,15.6,% of total final energy consumption,World Bank,2026-10-09
CZE,Czechia,2010,EG.FEC.RNEW.ZS,10.9,% of total final energy consumption,World Bank,2026-10-09
CZE,Czechia,2011,EG.FEC.RNEW.ZS,12.2,% of total final energy consumption,World Bank,2026-10-09
CZE,Czechia,2012,EG.FEC.RNEW.ZS,12.8,% of total final energy consumption,World Bank,2026-10-09
CZE,Czechia,2013,EG.FEC.RNEW.ZS,13.9,% of total final energy consumption,World Bank,2026-10-09
CZE,Czechia,2014,EG.FEC.RNEW.ZS,14.8,% of total final energy consumption,World Bank,2026-10-09
CZE,Czechia,2015,EG.FEC.RNEW.ZS,14.8,% of total final energy consumption,World Bank,2026-10-09
CZE,Czechia,2016,EG.FEC.RNEW.ZS,14.8,% of total final energy consumption,World Bank,2026-10-09
CZE,Czechia,2017,EG.FEC.RNEW.ZS,14.5,% of total final energy consumption,World Bank,2026-10-09
CZE,Czechia,2018,EG.FEC.RNEW.ZS,14.7,% of total final energy consumption,World Bank,2026-10-09
CZE,Czechia,2019,EG.FEC.RNEW.ZS,15.9,% of total final energy consumption,World Bank,2026-10-09
CZE,Czechia,2020,EG.FEC.RNEW.ZS,17.0,% of total final energy consumption,World Bank,2026-10-09
CZE,Czechia,2021,EG.FEC.RNEW.ZS,17.2,% of total final energy consumption,World Bank,2026-10-09
DEU,Germany,2010,EG.FEC.RNEW.ZS,11.6,% of total final energy consumption,World Bank,2026-10-09
DEU,Germany,2011,EG.FEC.RNEW.ZS,12.5,% of total final energy consumption,World Bank,2026-10-09
DEU,Germany,2012,EG.FEC.RNEW.ZS,13.6,% of total final energy consumption,World Bank,2026-10-09
DEU,Germany,2013,EG.FEC.RNEW.ZS,13.6,% of total final energy consumption,World Bank,2026-10-09
DEU,Germany,2014,EG.FEC.RNEW.ZS,14.0,% of total final energy consumption,World Bank,2026-10-09
DEU,Germany,2015,EG.FEC.RNEW.ZS,14.6,% of total final energy consumption,World Bank,2026-10-09
DEU,Germany,2016,EG.FEC.RNEW.ZS,14.2,% of total final energy consumption,World Bank,2026-10-09
DEU,Germany,2017,EG.FEC.RNEW.ZS,15.2,% of total final energy consumption,World Bank,2026-10-09
DEU,Germany,2018,EG.FEC.RNEW.ZS,16.0,% of total final energy consumption,World Bank,2026-10-09
DEU,Germany,2019,EG.FEC.RNEW.ZS,17.1,% of total final energy consumption,World Bank,2026-10-09
DEU,Germany,2020,EG.FEC.RNEW.ZS,18.5,% of total final energy consumption,World Bank,2026-10-09
DEU,Germany,2021,EG.FEC.RNEW.ZS,17.6,% of total final energy consumption,World Bank,2026-10-09
DNK,Denmark,2010,EG.FEC.RNEW.ZS,21.2,% of total final energy consumption,World Bank,2026-10-09
DNK,Denmark,2011,EG.FEC.RNEW.ZS,23.8,% of total final energy consumption,World Bank,2026-10-09
DNK,Denmark,2012,EG.FEC.RNEW.ZS,26.9,% of total final energy consumption,World Bank,2026-10-09
DNK,Denmark,2013,EG.FEC.RNEW.ZS,27.0,% of total final energy consumption,World Bank,2026-10-09
DNK,Denmark,2014,EG.FEC.RNEW.ZS,30.2,% of total final energy consumption,World Bank,2026-10-09
DNK,Denmark,2015,EG.FEC.RNEW.ZS,32.5,% of total final energy consumption,World Bank,2026-10-09
DNK,Denmark,2016,EG.FEC.RNEW.ZS,32.0,% of total final energy consumption,World Bank,2026-10-09
DNK,Denmark,2017,EG.FEC.RNEW.ZS,35.0,% of total final energy consumption,World Bank,2026-10-09
DNK,Denmark,2018,EG.FEC.RNEW.ZS,34.6,% of total final energy consumption,World Bank,2026-10-09
DNK,Denmark,2019,EG.FEC.RNEW.ZS,37.2,% of total final energy consumption,World Bank,2026-10-09
DNK,Denmark,2020,EG.FEC.RNEW.ZS,39.5,% of total final energy consumption,World Bank,2026-10-09
DNK,Denmark,2021,EG.FEC.RNEW.ZS,39.5,% of total final energy consumption,World Bank,2026-10-09
ESP,Spain,2010,EG.FEC.RNEW.ZS,14.4,% of total final energy consumption,World Bank,2026-10-09
ESP,Spain,2011,EG.FEC.RNEW.ZS,14.7,% of total final energy consumption,World Bank,2026-10-09
ESP,Spain,2012,EG.FEC.RNEW.ZS,15.8,% of total final energy consumption,World Bank,2026-10-09
ESP,Spain,2013,EG.FEC.RNEW.ZS,16.9,% of total final energy consumption,World Bank,2026-10-09
ESP,Spain,2014,EG.FEC.RNEW.ZS,17.3,% of total final energy consumption,World Bank,2026-10-09
ESP,Spain,2015,EG.FEC.RNEW.ZS,16.3,% of total final energy consumption,World Bank,2026-10-09
ESP,Spain,2016,EG.FEC.RNEW.ZS,16.7,% of total final energy consumption,World Bank,2026-10-09
ESP,Spain,2017,EG.FEC.RNEW.ZS,15.2,% of total final energy consumption,World Bank,2026-10-09
ESP,Spain,2018,EG.FEC.RNEW.ZS,16.9,% of total final energy consumption,World Bank,2026-10-09
ESP,Spain,2019,EG.FEC.RNEW.ZS,16.7,% of total final energy consumption,World Bank,2026-10-09
ESP,Spain,2020,EG.FEC.RNEW.ZS,19.3,% of total final energy consumption,World Bank,2026-10-09
ESP,Spain,2021,EG.FEC.RNEW.ZS,19.0,% of total final energy consumption,World Bank,2026-10-09
EST,Estonia,2010,EG.FEC.RNEW.ZS,25.3,% of total final energy consumption,World Bank,2026-10-09
EST,Estonia,2011,EG.FEC.RNEW.ZS,25.2,% of total final energy consumption,World Bank,2026-10-09
EST,Estonia,2012,EG.FEC.RNEW.ZS,25.0,% of total final energy consumption,World Bank,2026-10-09
EST,Estonia,2013,EG.FEC.RNEW.ZS,24.5,% of total final energy consumption,World Bank,2026-10-09
EST,Estonia,2014,EG.FEC.RNEW.ZS,25.3,% of total final energy consumption,World Bank,2026-10-09
EST,Estonia,2015,EG.FEC.RNEW.ZS,28.2,% of total final energy consumption,World Bank,2026-10-09
EST,Estonia,2016,EG.FEC.RNEW.ZS,27.2,% of total final energy consumption,World Bank,2026-10-09
EST,Estonia,2017,EG.FEC.RNEW.ZS,27.5,% of total final energy consumption,World Bank,2026-10-09
EST,Estonia,2018,EG.FEC.RNEW.ZS,28.6,% of total final energy consumption,World Bank,2026-10-09
EST,Estonia,2019,EG.FEC.RNEW.ZS,31.3,% of total final energy consumption,World Bank,2026-10-09
EST,Estonia,2020,EG.FEC.RNEW.ZS,40.4,% of total final energy consumption,World Bank,2026-10-09
EST,Estonia,2021,EG.FEC.RNEW.ZS,38.0,% of total final energy consumption,World Bank,2026-10-09
EUU,European Union (aggregate),2010,EG.FEC.RNEW.ZS,14.469048952148,% of total final energy consumption,World Bank,2026-10-09
EUU,European Union (aggregate),2011,EG.FEC.RNEW.ZS,14.6250037786311,% of total final energy consumption,World Bank,2026-10-09
EUU,European Union (aggregate),2012,EG.FEC.RNEW.ZS,16.0530317099573,% of total final energy consumption,World Bank,2026-10-09
EUU,European Union (aggregate),2013,EG.FEC.RNEW.ZS,16.7974520279699,% of total final energy consumption,World Bank,2026-10-09
EUU,European Union (aggregate),2014,EG.FEC.RNEW.ZS,17.4415753867716,% of total final energy consumption,World Bank,2026-10-09
EUU,European Union (aggregate),2015,EG.FEC.RNEW.ZS,17.6122764341327,% of total final energy consumption,World Bank,2026-10-09
EUU,European Union (aggregate),2016,EG.FEC.RNEW.ZS,17.523235814157,% of total final energy consumption,World Bank,2026-10-09
EUU,European Union (aggregate),2017,EG.FEC.RNEW.ZS,17.6857102209371,% of total final energy consumption,World Bank,2026-10-09
EUU,European Union (aggregate),2018,EG.FEC.RNEW.ZS,18.7249884796166,% of total final energy consumption,World Bank,2026-10-09
EUU,European Union (aggregate),2019,EG.FEC.RNEW.ZS,19.3440009483852,% of total final energy consumption,World Bank,2026-10-09
EUU,European Union (aggregate),2020,EG.FEC.RNEW.ZS,21.0591470733795,% of total final energy consumption,World Bank,2026-10-09
FIN,Finland,2010,EG.FEC.RNEW.ZS,33.4,% of total final energy consumption,World Bank,2026-10-09
FIN,Finland,2011,EG.FEC.RNEW.ZS,35.1,% of total final energy consumption,World Bank,2026-10-09
FIN,Finland,2012,EG.FEC.RNEW.ZS,38.7,% of total final energy consumption,World Bank,2026-10-09
FIN,Finland,2013,EG.FEC.RNEW.ZS,38.5,% of total final energy consumption,World Bank,2026-10-09
FIN,Finland,2014,EG.FEC.RNEW.ZS,41.2,% of total final energy consumption,World Bank,2026-10-09
FIN,Finland,2015,EG.FEC.RNEW.ZS,43.2,% of total final energy consumption,World Bank,2026-10-09
FIN,Finland,2016,EG.FEC.RNEW.ZS,42.4,% of total final energy consumption,World Bank,2026-10-09
FIN,Finland,2017,EG.FEC.RNEW.ZS,44.4,% of total final energy consumption,World Bank,2026-10-09
FIN,Finland,2018,EG.FEC.RNEW.ZS,44.2,% of total final energy consumption,World Bank,2026-10-09
FIN,Finland,2019,EG.FEC.RNEW.ZS,45.4,% of total final energy consumption,World Bank,2026-10-09
FIN,Finland,2020,EG.FEC.RNEW.ZS,47.3,% of total final energy consumption,World Bank,2026-10-09
FIN,Finland,2021,EG.FEC.RNEW.ZS,50.2,% of total final energy consumption,World Bank,2026-10-09
FRA,France,2010,EG.FEC.RNEW.ZS,11.9,% of total final energy consumption,World Bank,2026-10-09
FRA,France,2011,EG.FEC.RNEW.ZS,10.6,% of total final energy consumption,World Bank,2026-10-09
FRA,France,2012,EG.FEC.RNEW.ZS,12.3,% of total final energy consumption,World Bank,2026-10-09
FRA,France,2013,EG.FEC.RNEW.ZS,13.4,% of total final energy consumption,World Bank,2026-10-09
FRA,France,2014,EG.FEC.RNEW.ZS,13.2,% of total final energy consumption,World Bank,2026-10-09
FRA,France,2015,EG.FEC.RNEW.ZS,13.3,% of total final energy consumption,World Bank,2026-10-09
FRA,France,2016,EG.FEC.RNEW.ZS,14.2,% of total final energy consumption,World Bank,2026-10-09
FRA,France,2017,EG.FEC.RNEW.ZS,14.1,% of total final energy consumption,World Bank,2026-10-09
FRA,France,2018,EG.FEC.RNEW.ZS,15.2,% of total final energy consumption,World Bank,2026-10-09
FRA,France,2019,EG.FEC.RNEW.ZS,15.5,% of total final energy consumption,World Bank,2026-10-09
FRA,France,2020,EG.FEC.RNEW.ZS,16.8,% of total final energy consumption,World Bank,2026-10-09
FRA,France,2021,EG.FEC.RNEW.ZS,16.2,% of total final energy consumption,World Bank,2026-10-09
GRC,Greece,2010,EG.FEC.RNEW.ZS,11.4,% of total final energy consumption,World Bank,2026-10-09
GRC,Greece,2011,EG.FEC.RNEW.ZS,11.4,% of total final energy consumption,World Bank,2026-10-09
GRC,Greece,2012,EG.FEC.RNEW.ZS,14.2,% of total final energy consumption,World Bank,2026-10-09
GRC,Greece,2013,EG.FEC.RNEW.ZS,16.6,% of total final energy consumption,World Bank,2026-10-09
GRC,Greece,2014,EG.FEC.RNEW.ZS,16.4,% of total final energy consumption,World Bank,2026-10-09
GRC,Greece,2015,EG.FEC.RNEW.ZS,17.5,% of total final energy consumption,World Bank,2026-10-09
GRC,Greece,2016,EG.FEC.RNEW.ZS,16.4,% of total final energy consumption,World Bank,2026-10-09
GRC,Greece,2017,EG.FEC.RNEW.ZS,16.4,% of total final energy consumption,World Bank,2026-10-09
GRC,Greece,2018,EG.FEC.RNEW.ZS,17.9,% of total final energy consumption,World Bank,2026-10-09
GRC,Greece,2019,EG.FEC.RNEW.ZS,18.5,% of total final energy consumption,World Bank,2026-10-09
GRC,Greece,2020,EG.FEC.RNEW.ZS,20.1,% of total final energy consumption,World Bank,2026-10-09
GRC,Greece,2021,EG.FEC.RNEW.ZS,21.5,% of total final energy consumption,World Bank,2026-10-09
HRV,Croatia,2010,EG.FEC.RNEW.ZS,29.8,% of total final energy consumption,World Bank,2026-10-09
HRV,Croatia,2011,EG.FEC.RNEW.ZS,27.2,% of total final energy consumption,World Bank,2026-10-09
HRV,Croatia,2012,EG.FEC.RNEW.ZS,29.4,% of total final energy consumption,World Bank,2026-10-09
HRV,Croatia,2013,EG.FEC.RNEW.ZS,32.8,% of total final energy consumption,World Bank,2026-10-09
HRV,Croatia,2014,EG.FEC.RNEW.ZS,33.6,% of total final energy consumption,World Bank,2026-10-09
HRV,Croatia,2015,EG.FEC.RNEW.ZS,33.1,% of total final energy consumption,World Bank,2026-10-09
HRV,Croatia,2016,EG.FEC.RNEW.ZS,31.8,% of total final energy consumption,World Bank,2026-10-09
HRV,Croatia,2017,EG.FEC.RNEW.ZS,29.8,% of total final energy consumption,World Bank,2026-10-09
HRV,Croatia,2018,EG.FEC.RNEW.ZS,32.8,% of total final energy consumption,World Bank,2026-10-09
HRV,Croatia,2019,EG.FEC.RNEW.ZS,31.6,% of total final energy consumption,World Bank,2026-10-09
HRV,Croatia,2020,EG.FEC.RNEW.ZS,32.4,% of total final energy consumption,World Bank,2026-10-09
HRV,Croatia,2021,EG.FEC.RNEW.ZS,34.1,% of total final energy consumption,World Bank,2026-10-09
HUN,Hungary,2010,EG.FEC.RNEW.ZS,13.5,% of total final energy consumption,World Bank,2026-10-09
HUN,Hungary,2011,EG.FEC.RNEW.ZS,14.7,% of total final energy consumption,World Bank,2026-10-09
HUN,Hungary,2012,EG.FEC.RNEW.ZS,16.5,% of total final energy consumption,World Bank,2026-10-09
HUN,Hungary,2013,EG.FEC.RNEW.ZS,17.2,% of total final energy consumption,World Bank,2026-10-09
HUN,Hungary,2014,EG.FEC.RNEW.ZS,15.7,% of total final energy consumption,World Bank,2026-10-09
HUN,Hungary,2015,EG.FEC.RNEW.ZS,15.6,% of total final energy consumption,World Bank,2026-10-09
HUN,Hungary,2016,EG.FEC.RNEW.ZS,15.3,% of total final energy consumption,World Bank,2026-10-09
HUN,Hungary,2017,EG.FEC.RNEW.ZS,14.6,% of total final energy consumption,World Bank,2026-10-09
HUN,Hungary,2018,EG.FEC.RNEW.ZS,13.6,% of total final energy consumption,World Bank,2026-10-09
HUN,Hungary,2019,EG.FEC.RNEW.ZS,13.6,% of total final energy consumption,World Bank,2026-10-09
HUN,Hungary,2020,EG.FEC.RNEW.ZS,14.8,% of total final energy consumption,World Bank,2026-10-09
HUN,Hungary,2021,EG.FEC.RNEW.ZS,15.3,% of total final energy consumption,World Bank,2026-10-09
IRL,Ireland,2010,EG.FEC.RNEW.ZS,5.3,% of total final energy consumption,World Bank,2026-10-09
IRL,Ireland,2011,EG.FEC.RNEW.ZS,7.0,% of total final energy consumption,World Bank,2026-10-09
IRL,Ireland,2012,EG.FEC.RNEW.ZS,6.9,% of total final energy consumption,World Bank,2026-10-09
IRL,Ireland,2013,EG.FEC.RNEW.ZS,7.7,% of total final energy consumption,World Bank,2026-10-09
IRL,Ireland,2014,EG.FEC.RNEW.ZS,8.8,% of total final energy consumption,World Bank,2026-10-09
IRL,Ireland,2015,EG.FEC.RNEW.ZS,9.5,% of total final energy consumption,World Bank,2026-10-09
IRL,Ireland,2016,EG.FEC.RNEW.ZS,8.6,% of total final energy consumption,World Bank,2026-10-09
IRL,Ireland,2017,EG.FEC.RNEW.ZS,10.1,% of total final energy consumption,World Bank,2026-10-09
IRL,Ireland,2018,EG.FEC.RNEW.ZS,10.8,% of total final energy consumption,World Bank,2026-10-09
IRL,Ireland,2019,EG.FEC.RNEW.ZS,12.3,% of total final energy consumption,World Bank,2026-10-09
IRL,Ireland,2020,EG.FEC.RNEW.ZS,13.7,% of total final energy consumption,World Bank,2026-10-09
IRL,Ireland,2021,EG.FEC.RNEW.ZS,12.7,% of total final energy consumption,World Bank,2026-10-09
ITA,Italy,2010,EG.FEC.RNEW.ZS,12.8,% of total final energy consumption,World Bank,2026-10-09
ITA,Italy,2011,EG.FEC.RNEW.ZS,11.9,% of total final energy consumption,World Bank,2026-10-09
ITA,Italy,2012,EG.FEC.RNEW.ZS,14.4,% of total final energy consumption,World Bank,2026-10-09
ITA,Italy,2013,EG.FEC.RNEW.ZS,16.3,% of total final energy consumption,World Bank,2026-10-09
ITA,Italy,2014,EG.FEC.RNEW.ZS,17.1,% of total final energy consumption,World Bank,2026-10-09
ITA,Italy,2015,EG.FEC.RNEW.ZS,16.6,% of total final energy consumption,World Bank,2026-10-09
ITA,Italy,2016,EG.FEC.RNEW.ZS,16.1,% of total final energy consumption,World Bank,2026-10-09
ITA,Italy,2017,EG.FEC.RNEW.ZS,16.4,% of total final energy consumption,World Bank,2026-10-09
ITA,Italy,2018,EG.FEC.RNEW.ZS,17.1,% of total final energy consumption,World Bank,2026-10-09
ITA,Italy,2019,EG.FEC.RNEW.ZS,17.3,% of total final energy consumption,World Bank,2026-10-09
ITA,Italy,2020,EG.FEC.RNEW.ZS,18.7,% of total final energy consumption,World Bank,2026-10-09
ITA,Italy,2021,EG.FEC.RNEW.ZS,17.5,% of total final energy consumption,World Bank,2026-10-09
LTU,Lithuania,2010,EG.FEC.RNEW.ZS,21.5,% of total final energy consumption,World Bank,2026-10-09
LTU,Lithuania,2011,EG.FEC.RNEW.ZS,22.7,% of total final energy consumption,World Bank,2026-10-09
LTU,Lithuania,2012,EG.FEC.RNEW.ZS,23.9,% of total final energy consumption,World Bank,2026-10-09
LTU,Lithuania,2013,EG.FEC.RNEW.ZS,26.3,% of total final energy consumption,World Bank,2026-10-09
LTU,Lithuania,2014,EG.FEC.RNEW.ZS,27.7,% of total final energy consumption,World Bank,2026-10-09
LTU,Lithuania,2015,EG.FEC.RNEW.ZS,29.0,% of total final energy consumption,World Bank,2026-10-09
LTU,Lithuania,2016,EG.FEC.RNEW.ZS,31.5,% of total final energy consumption,World Bank,2026-10-09
LTU,Lithuania,2017,EG.FEC.RNEW.ZS,33.8,% of total final energy consumption,World Bank,2026-10-09
LTU,Lithuania,2018,EG.FEC.RNEW.ZS,33.7,% of total final energy consumption,World Bank,2026-10-09
LTU,Lithuania,2019,EG.FEC.RNEW.ZS,33.5,% of total final energy consumption,World Bank,2026-10-09
LTU,Lithuania,2020,EG.FEC.RNEW.ZS,31.7,% of total final energy consumption,World Bank,2026-10-09
LTU,Lithuania,2021,EG.FEC.RNEW.ZS,33.2,% of total final energy consumption,World Bank,2026-10-09
LUX,Luxembourg,2010,EG.FEC.RNEW.ZS,3.7,% of total final energy consumption,World Bank,2026-10-09
LUX,Luxembourg,2011,EG.FEC.RNEW.ZS,3.8,% of total final energy consumption,World Bank,2026-10-09
LUX,Luxembourg,2012,EG.FEC.RNEW.ZS,4.2,% of total final energy consumption,World Bank,2026-10-09
LUX,Luxembourg,2013,EG.FEC.RNEW.ZS,5.7,% of total final energy consumption,World Bank,2026-10-09
LUX,Luxembourg,2014,EG.FEC.RNEW.ZS,6.8,% of total final energy consumption,World Bank,2026-10-09
LUX,Luxembourg,2015,EG.FEC.RNEW.ZS,9.1,% of total final energy consumption,World Bank,2026-10-09
LUX,Luxembourg,2016,EG.FEC.RNEW.ZS,13.5,% of total final energy consumption,World Bank,2026-10-09
LUX,Luxembourg,2017,EG.FEC.RNEW.ZS,15.3,% of total final energy consumption,World Bank,2026-10-09
LUX,Luxembourg,2018,EG.FEC.RNEW.ZS,16.0,% of total final energy consumption,World Bank,2026-10-09
LUX,Luxembourg,2019,EG.FEC.RNEW.ZS,16.4,% of total final energy consumption,World Bank,2026-10-09
LUX,Luxembourg,2020,EG.FEC.RNEW.ZS,20.8,% of total final energy consumption,World Bank,2026-10-09
LUX,Luxembourg,2021,EG.FEC.RNEW.ZS,20.5,% of total final energy consumption,World Bank,2026-10-09
LVA,Latvia,2010,EG.FEC.RNEW.ZS,33.1,% of total final energy consumption,World Bank,2026-10-09
LVA,Latvia,2011,EG.FEC.RNEW.ZS,35.5,% of total final energy consumption,World Bank,2026-10-09
LVA,Latvia,2012,EG.FEC.RNEW.ZS,40.4,% of total final energy consumption,World Bank,2026-10-09
LVA,Latvia,2013,EG.FEC.RNEW.ZS,39.6,% of total final energy consumption,World Bank,2026-10-09
LVA,Latvia,2014,EG.FEC.RNEW.ZS,40.2,% of total final energy consumption,World Bank,2026-10-09
LVA,Latvia,2015,EG.FEC.RNEW.ZS,38.1,% of total final energy consumption,World Bank,2026-10-09
LVA,Latvia,2016,EG.FEC.RNEW.ZS,38.5,% of total final energy consumption,World Bank,2026-10-09
LVA,Latvia,2017,EG.FEC.RNEW.ZS,42.6,% of total final energy consumption,World Bank,2026-10-09
LVA,Latvia,2018,EG.FEC.RNEW.ZS,41.0,% of total final energy consumption,World Bank,2026-10-09
LVA,Latvia,2019,EG.FEC.RNEW.ZS,41.5,% of total final energy consumption,World Bank,2026-10-09
LVA,Latvia,2020,EG.FEC.RNEW.ZS,43.8,% of total final energy consumption,World Bank,2026-10-09
LVA,Latvia,2021,EG.FEC.RNEW.ZS,44.0,% of total final energy consumption,World Bank,2026-10-09
MKD,North Macedonia,2010,EG.FEC.RNEW.ZS,22.3,% of total final energy consumption,World Bank,2026-10-09
MKD,North Macedonia,2011,EG.FEC.RNEW.ZS,18.6,% of total final energy consumption,World Bank,2026-10-09
MKD,North Macedonia,2012,EG.FEC.RNEW.ZS,18.3,% of total final energy consumption,World Bank,2026-10-09
MKD,North Macedonia,2013,EG.FEC.RNEW.ZS,21.2,% of total final energy consumption,World Bank,2026-10-09
MKD,North Macedonia,2014,EG.FEC.RNEW.ZS,21.2,% of total final energy consumption,World Bank,2026-10-09
MKD,North Macedonia,2015,EG.FEC.RNEW.ZS,23.9,% of total final energy consumption,World Bank,2026-10-09
MKD,North Macedonia,2016,EG.FEC.RNEW.ZS,21.4,% of total final energy consumption,World Bank,2026-10-09
MKD,North Macedonia,2017,EG.FEC.RNEW.ZS,19.0,% of total final energy consumption,World Bank,2026-10-09
MKD,North Macedonia,2018,EG.FEC.RNEW.ZS,20.9,% of total final energy consumption,World Bank,2026-10-09
MKD,North Macedonia,2019,EG.FEC.RNEW.ZS,17.0,% of total final energy consumption,World Bank,2026-10-09
MKD,North Macedonia,2020,EG.FEC.RNEW.ZS,20.0,% of total final energy consumption,World Bank,2026-10-09
MKD,North Macedonia,2021,EG.FEC.RNEW.ZS,19.5,% of total final energy consumption,World Bank,2026-10-09
MLT,Malta,2010,EG.FEC.RNEW.ZS,1.2,% of total final energy consumption,World Bank,2026-10-09
MLT,Malta,2011,EG.FEC.RNEW.ZS,2.0,% of total final energy consumption,World Bank,2026-10-09
MLT,Malta,2012,EG.FEC.RNEW.ZS,2.7,% of total final energy consumption,World Bank,2026-10-09
MLT,Malta,2013,EG.FEC.RNEW.ZS,3.2,% of total final energy consumption,World Bank,2026-10-09
MLT,Malta,2014,EG.FEC.RNEW.ZS,4.5,% of total final energy consumption,World Bank,2026-10-09
MLT,Malta,2015,EG.FEC.RNEW.ZS,6.0,% of total final energy consumption,World Bank,2026-10-09
MLT,Malta,2016,EG.FEC.RNEW.ZS,9.2,% of total final energy consumption,World Bank,2026-10-09
MLT,Malta,2017,EG.FEC.RNEW.ZS,7.3,% of total final energy consumption,World Bank,2026-10-09
MLT,Malta,2018,EG.FEC.RNEW.ZS,7.6,% of total final energy consumption,World Bank,2026-10-09
MLT,Malta,2019,EG.FEC.RNEW.ZS,7.4,% of total final energy consumption,World Bank,2026-10-09
MLT,Malta,2020,EG.FEC.RNEW.ZS,9.2,% of total final energy consumption,World Bank,2026-10-09
MLT,Malta,2021,EG.FEC.RNEW.ZS,8.6,% of total final energy consumption,World Bank,2026-10-09
MNE,Montenegro,2010,EG.FEC.RNEW.ZS,49.1,% of total final energy consumption,World Bank,2026-10-09
MNE,Montenegro,2011,EG.FEC.RNEW.ZS,42.8,% of total final energy consumption,World Bank,2026-10-09
MNE,Montenegro,2012,EG.FEC.RNEW.ZS,45.9,% of total final energy consumption,World Bank,2026-10-09
MNE,Montenegro,2013,EG.FEC.RNEW.ZS,49.3,% of total final energy consumption,World Bank,2026-10-09
MNE,Montenegro,2014,EG.FEC.RNEW.ZS,46.0,% of total final energy consumption,World Bank,2026-10-09
MNE,Montenegro,2015,EG.FEC.RNEW.ZS,43.0,% of total final energy consumption,World Bank,2026-10-09
MNE,Montenegro,2016,EG.FEC.RNEW.ZS,43.9,% of total final energy consumption,World Bank,2026-10-09
MNE,Montenegro,2017,EG.FEC.RNEW.ZS,37.8,% of total final energy consumption,World Bank,2026-10-09
MNE,Montenegro,2018,EG.FEC.RNEW.ZS,40.6,% of total final energy consumption,World Bank,2026-10-09
MNE,Montenegro,2019,EG.FEC.RNEW.ZS,38.7,% of total final energy consumption,World Bank,2026-10-09
MNE,Montenegro,2020,EG.FEC.RNEW.ZS,39.6,% of total final energy consumption,World Bank,2026-10-09
MNE,Montenegro,2021,EG.FEC.RNEW.ZS,39.6,% of total final energy consumption,World Bank,2026-10-09
NLD,Netherlands,2010,EG.FEC.RNEW.ZS,3.9,% of total final energy consumption,World Bank,2026-10-09
NLD,Netherlands,2011,EG.FEC.RNEW.ZS,4.7,% of total final energy consumption,World Bank,2026-10-09
NLD,Netherlands,2012,EG.FEC.RNEW.ZS,4.9,% of total final energy consumption,World Bank,2026-10-09
NLD,Netherlands,2013,EG.FEC.RNEW.ZS,5.0,% of total final energy consumption,World Bank,2026-10-09
NLD,Netherlands,2014,EG.FEC.RNEW.ZS,5.6,% of total final energy consumption,World Bank,2026-10-09
NLD,Netherlands,2015,EG.FEC.RNEW.ZS,5.8,% of total final energy consumption,World Bank,2026-10-09
NLD,Netherlands,2016,EG.FEC.RNEW.ZS,5.6,% of total final energy consumption,World Bank,2026-10-09
NLD,Netherlands,2017,EG.FEC.RNEW.ZS,6.4,% of total final energy consumption,World Bank,2026-10-09
NLD,Netherlands,2018,EG.FEC.RNEW.ZS,7.4,% of total final energy consumption,World Bank,2026-10-09
NLD,Netherlands,2019,EG.FEC.RNEW.ZS,8.6,% of total final energy consumption,World Bank,2026-10-09
NLD,Netherlands,2020,EG.FEC.RNEW.ZS,10.7,% of total final energy consumption,World Bank,2026-10-09
NLD,Netherlands,2021,EG.FEC.RNEW.ZS,12.2,% of total final energy consumption,World Bank,2026-10-09
POL,Poland,2010,EG.FEC.RNEW.ZS,9.5,% of total final energy consumption,World Bank,2026-10-09
POL,Poland,2011,EG.FEC.RNEW.ZS,10.4,% of total final energy consumption,World Bank,2026-10-09
POL,Poland,2012,EG.FEC.RNEW.ZS,10.9,% of total final energy consumption,World Bank,2026-10-09
POL,Poland,2013,EG.FEC.RNEW.ZS,11.4,% of total final energy consumption,World Bank,2026-10-09
POL,Poland,2014,EG.FEC.RNEW.ZS,11.6,% of total final energy consumption,World Bank,2026-10-09
POL,Poland,2015,EG.FEC.RNEW.ZS,11.9,% of total final energy consumption,World Bank,2026-10-09
POL,Poland,2016,EG.FEC.RNEW.ZS,11.3,% of total final energy consumption,World Bank,2026-10-09
POL,Poland,2017,EG.FEC.RNEW.ZS,11.1,% of total final energy consumption,World Bank,2026-10-09
POL,Poland,2018,EG.FEC.RNEW.ZS,15.1,% of total final energy consumption,World Bank,2026-10-09
POL,Poland,2019,EG.FEC.RNEW.ZS,15.6,% of total final energy consumption,World Bank,2026-10-09
POL,Poland,2020,EG.FEC.RNEW.ZS,16.1,% of total final energy consumption,World Bank,2026-10-09
POL,Poland,2021,EG.FEC.RNEW.ZS,15.2,% of total final energy consumption,World Bank,2026-10-09
PRT,Portugal,2010,EG.FEC.RNEW.ZS,27.8,% of total final energy consumption,World Bank,2026-10-09
PRT,Portugal,2011,EG.FEC.RNEW.ZS,27.2,% of total final energy consumption,World Bank,2026-10-09
PRT,Portugal,2012,EG.FEC.RNEW.ZS,25.5,% of total final energy consumption,World Bank,2026-10-09
PRT,Portugal,2013,EG.FEC.RNEW.ZS,30.2,% of total final energy consumption,World Bank,2026-10-09
PRT,Portugal,2014,EG.FEC.RNEW.ZS,30.5,% of total final energy consumption,World Bank,2026-10-09
PRT,Portugal,2015,EG.FEC.RNEW.ZS,27.2,% of total final energy consumption,World Bank,2026-10-09
PRT,Portugal,2016,EG.FEC.RNEW.ZS,29.0,% of total final energy consumption,World Bank,2026-10-09
PRT,Portugal,2017,EG.FEC.RNEW.ZS,24.4,% of total final energy consumption,World Bank,2026-10-09
PRT,Portugal,2018,EG.FEC.RNEW.ZS,27.5,% of total final energy consumption,World Bank,2026-10-09
PRT,Portugal,2019,EG.FEC.RNEW.ZS,28.2,% of total final energy consumption,World Bank,2026-10-09
PRT,Portugal,2020,EG.FEC.RNEW.ZS,31.3,% of total final energy consumption,World Bank,2026-10-09
PRT,Portugal,2021,EG.FEC.RNEW.ZS,32.3,% of total final energy consumption,World Bank,2026-10-09
ROU,Romania,2010,EG.FEC.RNEW.ZS,24.1,% of total final energy consumption,World Bank,2026-10-09
ROU,Romania,2011,EG.FEC.RNEW.ZS,21.1,% of total final energy consumption,World Bank,2026-10-09
ROU,Romania,2012,EG.FEC.RNEW.ZS,21.5,% of total final energy consumption,World Bank,2026-10-09
ROU,Romania,2013,EG.FEC.RNEW.ZS,23.1,% of total final energy consumption,World Bank,2026-10-09
ROU,Romania,2014,EG.FEC.RNEW.ZS,24.3,% of total final energy consumption,World Bank,2026-10-09
ROU,Romania,2015,EG.FEC.RNEW.ZS,23.7,% of total final energy consumption,World Bank,2026-10-09
ROU,Romania,2016,EG.FEC.RNEW.ZS,24.4,% of total final energy consumption,World Bank,2026-10-09
ROU,Romania,2017,EG.FEC.RNEW.ZS,23.4,% of total final energy consumption,World Bank,2026-10-09
ROU,Romania,2018,EG.FEC.RNEW.ZS,23.0,% of total final energy consumption,World Bank,2026-10-09
ROU,Romania,2019,EG.FEC.RNEW.ZS,23.5,% of total final energy consumption,World Bank,2026-10-09
ROU,Romania,2020,EG.FEC.RNEW.ZS,24.1,% of total final energy consumption,World Bank,2026-10-09
ROU,Romania,2021,EG.FEC.RNEW.ZS,23.6,% of total final energy consumption,World Bank,2026-10-09
SRB,Serbia,2010,EG.FEC.RNEW.ZS,20.5,% of total final energy consumption,World Bank,2026-10-09
SRB,Serbia,2011,EG.FEC.RNEW.ZS,17.4,% of total final energy consumption,World Bank,2026-10-09
SRB,Serbia,2012,EG.FEC.RNEW.ZS,19.5,% of total final energy consumption,World Bank,2026-10-09
SRB,Serbia,2013,EG.FEC.RNEW.ZS,20.0,% of total final energy consumption,World Bank,2026-10-09
SRB,Serbia,2014,EG.FEC.RNEW.ZS,23.2,% of total final energy consumption,World Bank,2026-10-09
SRB,Serbia,2015,EG.FEC.RNEW.ZS,21.2,% of total final energy consumption,World Bank,2026-10-09
SRB,Serbia,2016,EG.FEC.RNEW.ZS,20.9,% of total final energy consumption,World Bank,2026-10-09
SRB,Serbia,2017,EG.FEC.RNEW.ZS,20.0,% of total final energy consumption,World Bank,2026-10-09
SRB,Serbia,2018,EG.FEC.RNEW.ZS,21.0,% of total final energy consumption,World Bank,2026-10-09
SRB,Serbia,2019,EG.FEC.RNEW.ZS,21.4,% of total final energy consumption,World Bank,2026-10-09
SRB,Serbia,2020,EG.FEC.RNEW.ZS,26.0,% of total final energy consumption,World Bank,2026-10-09
SRB,Serbia,2021,EG.FEC.RNEW.ZS,27.2,% of total final energy consumption,World Bank,2026-10-09
SVK,Slovakia,2010,EG.FEC.RNEW.ZS,10.3,% of total final energy consumption,World Bank,2026-10-09
SVK,Slovakia,2011,EG.FEC.RNEW.ZS,10.4,% of total final energy consumption,World Bank,2026-10-09
SVK,Slovakia,2012,EG.FEC.RNEW.ZS,10.5,% of total final energy consumption,World Bank,2026-10-09
SVK,Slovakia,2013,EG.FEC.RNEW.ZS,10.7,% of total final energy consumption,World Bank,2026-10-09
SVK,Slovakia,2014,EG.FEC.RNEW.ZS,12.2,% of total final energy consumption,World Bank,2026-10-09
SVK,Slovakia,2015,EG.FEC.RNEW.ZS,13.4,% of total final energy consumption,World Bank,2026-10-09
SVK,Slovakia,2016,EG.FEC.RNEW.ZS,13.1,% of total final energy consumption,World Bank,2026-10-09
SVK,Slovakia,2017,EG.FEC.RNEW.ZS,12.4,% of total final energy consumption,World Bank,2026-10-09
SVK,Slovakia,2018,EG.FEC.RNEW.ZS,12.4,% of total final energy consumption,World Bank,2026-10-09
SVK,Slovakia,2019,EG.FEC.RNEW.ZS,17.6,% of total final energy consumption,World Bank,2026-10-09
SVK,Slovakia,2020,EG.FEC.RNEW.ZS,17.6,% of total final energy consumption,World Bank,2026-10-09
SVK,Slovakia,2021,EG.FEC.RNEW.ZS,17.9,% of total final energy consumption,World Bank,2026-10-09
SVN,Slovenia,2010,EG.FEC.RNEW.ZS,20.1,% of total final energy consumption,World Bank,2026-10-09
SVN,Slovenia,2011,EG.FEC.RNEW.ZS,19.1,% of total final energy consumption,World Bank,2026-10-09
SVN,Slovenia,2012,EG.FEC.RNEW.ZS,20.2,% of total final energy consumption,World Bank,2026-10-09
SVN,Slovenia,2013,EG.FEC.RNEW.ZS,22.5,% of total final energy consumption,World Bank,2026-10-09
SVN,Slovenia,2014,EG.FEC.RNEW.ZS,22.9,% of total final energy consumption,World Bank,2026-10-09
SVN,Slovenia,2015,EG.FEC.RNEW.ZS,21.4,% of total final energy consumption,World Bank,2026-10-09
SVN,Slovenia,2016,EG.FEC.RNEW.ZS,21.0,% of total final energy consumption,World Bank,2026-10-09
SVN,Slovenia,2017,EG.FEC.RNEW.ZS,19.7,% of total final energy consumption,World Bank,2026-10-09
SVN,Slovenia,2018,EG.FEC.RNEW.ZS,20.6,% of total final energy consumption,World Bank,2026-10-09
SVN,Slovenia,2019,EG.FEC.RNEW.ZS,20.9,% of total final energy consumption,World Bank,2026-10-09
SVN,Slovenia,2020,EG.FEC.RNEW.ZS,22.7,% of total final energy consumption,World Bank,2026-10-09
SVN,Slovenia,2021,EG.FEC.RNEW.ZS,23.4,% of total final energy consumption,World Bank,2026-10-09
SWE,Sweden,2010,EG.FEC.RNEW.ZS,44.7,% of total final energy consumption,World Bank,2026-10-09
SWE,Sweden,2011,EG.FEC.RNEW.ZS,45.4,% of total final energy consumption,World Bank,2026-10-09
SWE,Sweden,2012,EG.FEC.RNEW.ZS,48.3,% of total final energy consumption,World Bank,2026-10-09
SWE,Sweden,2013,EG.FEC.RNEW.ZS,47.3,% of total final energy consumption,World Bank,2026-10-09
SWE,Sweden,2014,EG.FEC.RNEW.ZS,48.6,% of total final energy consumption,World Bank,2026-10-09
SWE,Sweden,2015,EG.FEC.RNEW.ZS,51.9,% of total final energy consumption,World Bank,2026-10-09
SWE,Sweden,2016,EG.FEC.RNEW.ZS,50.9,% of total final energy consumption,World Bank,2026-10-09
SWE,Sweden,2017,EG.FEC.RNEW.ZS,51.8,% of total final energy consumption,World Bank,2026-10-09
SWE,Sweden,2018,EG.FEC.RNEW.ZS,51.6,% of total final energy consumption,World Bank,2026-10-09
SWE,Sweden,2019,EG.FEC.RNEW.ZS,52.9,% of total final energy consumption,World Bank,2026-10-09
SWE,Sweden,2020,EG.FEC.RNEW.ZS,57.8,% of total final energy consumption,World Bank,2026-10-09
SWE,Sweden,2021,EG.FEC.RNEW.ZS,57.9,% of total final energy consumption,World Bank,2026-10-09
ALB,Albania,2010,EN.GHG.CO2.PC.CE.AR5,1.56778821711206,t CO2e per capita,World Bank,2026-10-09
ALB,Albania,2011,EN.GHG.CO2.PC.CE.AR5,1.72129581663193,t CO2e per capita,World Bank,2026-10-09
ALB,Albania,2012,EN.GHG.CO2.PC.CE.AR5,1.58649537107597,t CO2e per capita,World Bank,2026-10-09
ALB,Albania,2013,EN.GHG.CO2.PC.CE.AR5,1.69345614437421,t CO2e per capita,World Bank,2026-10-09
ALB,Albania,2014,EN.GHG.CO2.PC.CE.AR5,1.83944794209463,t CO2e per capita,World Bank,2026-10-09
ALB,Albania,2015,EN.GHG.CO2.PC.CE.AR5,1.78508860089342,t CO2e per capita,World Bank,2026-10-09
ALB,Albania,2016,EN.GHG.CO2.PC.CE.AR5,1.68739628528903,t CO2e per capita,World Bank,2026-10-09
ALB,Albania,2017,EN.GHG.CO2.PC.CE.AR5,2.0244422333699,t CO2e per capita,World Bank,2026-10-09
ALB,Albania,2018,EN.GHG.CO2.PC.CE.AR5,2.04549315439886,t CO2e per capita,World Bank,2026-10-09
ALB,Albania,2019,EN.GHG.CO2.PC.CE.AR5,1.94096037816015,t CO2e per capita,World Bank,2026-10-09
ALB,Albania,2020,EN.GHG.CO2.PC.CE.AR5,1.80646079858255,t CO2e per capita,World Bank,2026-10-09
ALB,Albania,2021,EN.GHG.CO2.PC.CE.AR5,2.0532886275877,t CO2e per capita,World Bank,2026-10-09
ALB,Albania,2022,EN.GHG.CO2.PC.CE.AR5,1.84525761573088,t CO2e per capita,World Bank,2026-10-09
ALB,Albania,2023,EN.GHG.CO2.PC.CE.AR5,1.75091161350407,t CO2e per capita,World Bank,2026-10-09
ALB,Albania,2024,EN.GHG.CO2.PC.CE.AR5,1.7852214941728,t CO2e per capita,World Bank,2026-10-09
AUT,Austria,2010,EN.GHG.CO2.PC.CE.AR5,8.82413428790478,t CO2e per capita,World Bank,2026-10-09
AUT,Austria,2011,EN.GHG.CO2.PC.CE.AR5,8.6022725227944,t CO2e per capita,World Bank,2026-10-09
AUT,Austria,2012,EN.GHG.CO2.PC.CE.AR5,8.18751763791919,t CO2e per capita,World Bank,2026-10-09
AUT,Austria,2013,EN.GHG.CO2.PC.CE.AR5,8.2087562440867,t CO2e per capita,World Bank,2026-10-09
AUT,Austria,2014,EN.GHG.CO2.PC.CE.AR5,7.71395434498633,t CO2e per capita,World Bank,2026-10-09
AUT,Austria,2015,EN.GHG.CO2.PC.CE.AR5,7.79423187131705,t CO2e per capita,World Bank,2026-10-09
AUT,Austria,2016,EN.GHG.CO2.PC.CE.AR5,7.75747687791272,t CO2e per capita,World Bank,2026-10-09
AUT,Austria,2017,EN.GHG.CO2.PC.CE.AR5,7.96641934826064,t CO2e per capita,World Bank,2026-10-09
AUT,Austria,2018,EN.GHG.CO2.PC.CE.AR5,7.60710822359904,t CO2e per capita,World Bank,2026-10-09
AUT,Austria,2019,EN.GHG.CO2.PC.CE.AR5,7.74519365039325,t CO2e per capita,World Bank,2026-10-09
AUT,Austria,2020,EN.GHG.CO2.PC.CE.AR5,7.05586627765098,t CO2e per capita,World Bank,2026-10-09
AUT,Austria,2021,EN.GHG.CO2.PC.CE.AR5,7.39223990896623,t CO2e per capita,World Bank,2026-10-09
AUT,Austria,2022,EN.GHG.CO2.PC.CE.AR5,6.92858132698714,t CO2e per capita,World Bank,2026-10-09
AUT,Austria,2023,EN.GHG.CO2.PC.CE.AR5,6.40359510066021,t CO2e per capita,World Bank,2026-10-09
AUT,Austria,2024,EN.GHG.CO2.PC.CE.AR5,6.32278424603578,t CO2e per capita,World Bank,2026-10-09
BEL,Belgium,2010,EN.GHG.CO2.PC.CE.AR5,10.5458393885377,t CO2e per capita,World Bank,2026-10-09
BEL,Belgium,2011,EN.GHG.CO2.PC.CE.AR5,9.46659728377578,t CO2e per capita,World Bank,2026-10-09
BEL,Belgium,2012,EN.GHG.CO2.PC.CE.AR5,9.27476642514783,t CO2e per capita,World Bank,2026-10-09
BEL,Belgium,2013,EN.GHG.CO2.PC.CE.AR5,9.35170659157785,t CO2e per capita,World Bank,2026-10-09
BEL,Belgium,2014,EN.GHG.CO2.PC.CE.AR5,8.72331187181937,t CO2e per capita,World Bank,2026-10-09
BEL,Belgium,2015,EN.GHG.CO2.PC.CE.AR5,9.08415110044211,t CO2e per capita,World Bank,2026-10-09
BEL,Belgium,2016,EN.GHG.CO2.PC.CE.AR5,8.94429666461985,t CO2e per capita,World Bank,2026-10-09
BEL,Belgium,2017,EN.GHG.CO2.PC.CE.AR5,8.77081443615992,t CO2e per capita,World Bank,2026-10-09
BEL,Belgium,2018,EN.GHG.CO2.PC.CE.AR5,8.79128601300038,t CO2e per capita,World Bank,2026-10-09
BEL,Belgium,2019,EN.GHG.CO2.PC.CE.AR5,8.73127988733552,t CO2e per capita,World Bank,2026-10-09
BEL,Belgium,2020,EN.GHG.CO2.PC.CE.AR5,7.96694296814415,t CO2e per capita,World Bank,2026-10-09
BEL,Belgium,2021,EN.GHG.CO2.PC.CE.AR5,8.2875698190821,t CO2e per capita,World Bank,2026-10-09
BEL,Belgium,2022,EN.GHG.CO2.PC.CE.AR5,7.6776616173853,t CO2e per capita,World Bank,2026-10-09
BEL,Belgium,2023,EN.GHG.CO2.PC.CE.AR5,7.27763098404696,t CO2e per capita,World Bank,2026-10-09
BEL,Belgium,2024,EN.GHG.CO2.PC.CE.AR5,7.30661519351762,t CO2e per capita,World Bank,2026-10-09
BGR,Bulgaria,2010,EN.GHG.CO2.PC.CE.AR5,6.69444084245238,t CO2e per capita,World Bank,2026-10-09
BGR,Bulgaria,2011,EN.GHG.CO2.PC.CE.AR5,7.4553286135295,t CO2e per capita,World Bank,2026-10-09
BGR,Bulgaria,2012,EN.GHG.CO2.PC.CE.AR5,6.83236589446759,t CO2e per capita,World Bank,2026-10-09
BGR,Bulgaria,2013,EN.GHG.CO2.PC.CE.AR5,6.20837555281037,t CO2e per capita,World Bank,2026-10-09
BGR,Bulgaria,2014,EN.GHG.CO2.PC.CE.AR5,6.68898259606321,t CO2e per capita,World Bank,2026-10-09
BGR,Bulgaria,2015,EN.GHG.CO2.PC.CE.AR5,7.138544362474,t CO2e per capita,World Bank,2026-10-09
BGR,Bulgaria,2016,EN.GHG.CO2.PC.CE.AR5,6.83625613002581,t CO2e per capita,World Bank,2026-10-09
BGR,Bulgaria,2017,EN.GHG.CO2.PC.CE.AR5,7.2438350558862,t CO2e per capita,World Bank,2026-10-09
BGR,Bulgaria,2018,EN.GHG.CO2.PC.CE.AR5,6.90134019828938,t CO2e per capita,World Bank,2026-10-09
BGR,Bulgaria,2019,EN.GHG.CO2.PC.CE.AR5,6.74590424327681,t CO2e per capita,World Bank,2026-10-09
BGR,Bulgaria,2020,EN.GHG.CO2.PC.CE.AR5,6.01693316252197,t CO2e per capita,World Bank,2026-10-09
BGR,Bulgaria,2021,EN.GHG.CO2.PC.CE.AR5,7.04917445804336,t CO2e per capita,World Bank,2026-10-09
BGR,Bulgaria,2022,EN.GHG.CO2.PC.CE.AR5,7.64769654654833,t CO2e per capita,World Bank,2026-10-09
BGR,Bulgaria,2023,EN.GHG.CO2.PC.CE.AR5,5.73490257494032,t CO2e per capita,World Bank,2026-10-09
BGR,Bulgaria,2024,EN.GHG.CO2.PC.CE.AR5,5.30760215797104,t CO2e per capita,World Bank,2026-10-09
BIH,Bosnia and Herzegovina,2010,EN.GHG.CO2.PC.CE.AR5,5.82913897832648,t CO2e per capita,World Bank,2026-10-09
BIH,Bosnia and Herzegovina,2011,EN.GHG.CO2.PC.CE.AR5,6.75293000851462,t CO2e per capita,World Bank,2026-10-09
BIH,Bosnia and Herzegovina,2012,EN.GHG.CO2.PC.CE.AR5,6.35152105670861,t CO2e per capita,World Bank,2026-10-09
BIH,Bosnia and Herzegovina,2013,EN.GHG.CO2.PC.CE.AR5,6.42871959276172,t CO2e per capita,World Bank,2026-10-09
BIH,Bosnia and Herzegovina,2014,EN.GHG.CO2.PC.CE.AR5,5.83357574795313,t CO2e per capita,World Bank,2026-10-09
BIH,Bosnia and Herzegovina,2015,EN.GHG.CO2.PC.CE.AR5,5.92032322488213,t CO2e per capita,World Bank,2026-10-09
BIH,Bosnia and Herzegovina,2016,EN.GHG.CO2.PC.CE.AR5,6.7682636611601,t CO2e per capita,World Bank,2026-10-09
BIH,Bosnia and Herzegovina,2017,EN.GHG.CO2.PC.CE.AR5,6.99679935322086,t CO2e per capita,World Bank,2026-10-09
BIH,Bosnia and Herzegovina,2018,EN.GHG.CO2.PC.CE.AR5,7.10487156775908,t CO2e per capita,World Bank,2026-10-09
BIH,Bosnia and Herzegovina,2019,EN.GHG.CO2.PC.CE.AR5,6.75452909895075,t CO2e per capita,World Bank,2026-10-09
BIH,Bosnia and Herzegovina,2020,EN.GHG.CO2.PC.CE.AR5,6.83055960433407,t CO2e per capita,World Bank,2026-10-09
BIH,Bosnia and Herzegovina,2021,EN.GHG.CO2.PC.CE.AR5,7.09101986590062,t CO2e per capita,World Bank,2026-10-09
BIH,Bosnia and Herzegovina,2022,EN.GHG.CO2.PC.CE.AR5,6.98907452004835,t CO2e per capita,World Bank,2026-10-09
BIH,Bosnia and Herzegovina,2023,EN.GHG.CO2.PC.CE.AR5,6.53950474604507,t CO2e per capita,World Bank,2026-10-09
BIH,Bosnia and Herzegovina,2024,EN.GHG.CO2.PC.CE.AR5,6.44935787372249,t CO2e per capita,World Bank,2026-10-09
CYP,Cyprus,2010,EN.GHG.CO2.PC.CE.AR5,7.01719074742689,t CO2e per capita,World Bank,2026-10-09
CYP,Cyprus,2011,EN.GHG.CO2.PC.CE.AR5,6.67871500305715,t CO2e per capita,World Bank,2026-10-09
CYP,Cyprus,2012,EN.GHG.CO2.PC.CE.AR5,6.11139379970946,t CO2e per capita,World Bank,2026-10-09
CYP,Cyprus,2013,EN.GHG.CO2.PC.CE.AR5,5.440262861149,t CO2e per capita,World Bank,2026-10-09
CYP,Cyprus,2014,EN.GHG.CO2.PC.CE.AR5,5.67256975156453,t CO2e per capita,World Bank,2026-10-09
CYP,Cyprus,2015,EN.GHG.CO2.PC.CE.AR5,5.62213100101517,t CO2e per capita,World Bank,2026-10-09
CYP,Cyprus,2016,EN.GHG.CO2.PC.CE.AR5,5.83770911607033,t CO2e per capita,World Bank,2026-10-09
CYP,Cyprus,2017,EN.GHG.CO2.PC.CE.AR5,5.87048294831676,t CO2e per capita,World Bank,2026-10-09
CYP,Cyprus,2018,EN.GHG.CO2.PC.CE.AR5,5.67702050070156,t CO2e per capita,World Bank,2026-10-09
CYP,Cyprus,2019,EN.GHG.CO2.PC.CE.AR5,5.60889302704421,t CO2e per capita,World Bank,2026-10-09
CYP,Cyprus,2020,EN.GHG.CO2.PC.CE.AR5,5.22358661605671,t CO2e per capita,World Bank,2026-10-09
CYP,Cyprus,2021,EN.GHG.CO2.PC.CE.AR5,5.25252617267475,t CO2e per capita,World Bank,2026-10-09
CYP,Cyprus,2022,EN.GHG.CO2.PC.CE.AR5,5.425313774533,t CO2e per capita,World Bank,2026-10-09
CYP,Cyprus,2023,EN.GHG.CO2.PC.CE.AR5,5.35563459868429,t CO2e per capita,World Bank,2026-10-09
CYP,Cyprus,2024,EN.GHG.CO2.PC.CE.AR5,5.40469504859816,t CO2e per capita,World Bank,2026-10-09
CZE,Czechia,2010,EN.GHG.CO2.PC.CE.AR5,11.551447766509,t CO2e per capita,World Bank,2026-10-09
CZE,Czechia,2011,EN.GHG.CO2.PC.CE.AR5,11.253602294493,t CO2e per capita,World Bank,2026-10-09
CZE,Czechia,2012,EN.GHG.CO2.PC.CE.AR5,10.8487615339863,t CO2e per capita,World Bank,2026-10-09
CZE,Czechia,2013,EN.GHG.CO2.PC.CE.AR5,10.41753532722,t CO2e per capita,World Bank,2026-10-09
CZE,Czechia,2014,EN.GHG.CO2.PC.CE.AR5,10.1886522126064,t CO2e per capita,World Bank,2026-10-09
CZE,Czechia,2015,EN.GHG.CO2.PC.CE.AR5,10.2684424579836,t CO2e per capita,World Bank,2026-10-09
CZE,Czechia,2016,EN.GHG.CO2.PC.CE.AR5,10.3928969863904,t CO2e per capita,World Bank,2026-10-09
CZE,Czechia,2017,EN.GHG.CO2.PC.CE.AR5,10.4187499138699,t CO2e per capita,World Bank,2026-10-09
CZE,Czechia,2018,EN.GHG.CO2.PC.CE.AR5,10.2865042924091,t CO2e per capita,World Bank,2026-10-09
CZE,Czechia,2019,EN.GHG.CO2.PC.CE.AR5,9.72456561033821,t CO2e per capita,World Bank,2026-10-09
CZE,Czechia,2020,EN.GHG.CO2.PC.CE.AR5,8.86715826663618,t CO2e per capita,World Bank,2026-10-09
CZE,Czechia,2021,EN.GHG.CO2.PC.CE.AR5,9.4724309646164,t CO2e per capita,World Bank,2026-10-09
CZE,Czechia,2022,EN.GHG.CO2.PC.CE.AR5,9.15364691432385,t CO2e per capita,World Bank,2026-10-09
CZE,Czechia,2023,EN.GHG.CO2.PC.CE.AR5,7.88005974203708,t CO2e per capita,World Bank,2026-10-09
CZE,Czechia,2024,EN.GHG.CO2.PC.CE.AR5,7.12966532502255,t CO2e per capita,World Bank,2026-10-09
DEU,Germany,2010,EN.GHG.CO2.PC.CE.AR5,9.96567124737992,t CO2e per capita,World Bank,2026-10-09
DEU,Germany,2011,EN.GHG.CO2.PC.CE.AR5,9.81776726131477,t CO2e per capita,World Bank,2026-10-09
DEU,Germany,2012,EN.GHG.CO2.PC.CE.AR5,9.94745307113612,t CO2e per capita,World Bank,2026-10-09
DEU,Germany,2013,EN.GHG.CO2.PC.CE.AR5,10.1408601249876,t CO2e per capita,World Bank,2026-10-09
DEU,Germany,2014,EN.GHG.CO2.PC.CE.AR5,9.61630846170469,t CO2e per capita,World Bank,2026-10-09
DEU,Germany,2015,EN.GHG.CO2.PC.CE.AR5,9.60884887243027,t CO2e per capita,World Bank,2026-10-09
DEU,Germany,2016,EN.GHG.CO2.PC.CE.AR5,9.58423383867929,t CO2e per capita,World Bank,2026-10-09
DEU,Germany,2017,EN.GHG.CO2.PC.CE.AR5,9.36976518940283,t CO2e per capita,World Bank,2026-10-09
DEU,Germany,2018,EN.GHG.CO2.PC.CE.AR5,9.00657809367265,t CO2e per capita,World Bank,2026-10-09
DEU,Germany,2019,EN.GHG.CO2.PC.CE.AR5,8.38218043063623,t CO2e per capita,World Bank,2026-10-09
DEU,Germany,2020,EN.GHG.CO2.PC.CE.AR5,7.72103264767393,t CO2e per capita,World Bank,2026-10-09
DEU,Germany,2021,EN.GHG.CO2.PC.CE.AR5,8.06128144646434,t CO2e per capita,World Bank,2026-10-09
DEU,Germany,2022,EN.GHG.CO2.PC.CE.AR5,7.91182860265874,t CO2e per capita,World Bank,2026-10-09
DEU,Germany,2023,EN.GHG.CO2.PC.CE.AR5,7.07982839106762,t CO2e per capita,World Bank,2026-10-09
DEU,Germany,2024,EN.GHG.CO2.PC.CE.AR5,6.94395663386317,t CO2e per capita,World Bank,2026-10-09
DNK,Denmark,2010,EN.GHG.CO2.PC.CE.AR5,8.75320381499808,t CO2e per capita,World Bank,2026-10-09
DNK,Denmark,2011,EN.GHG.CO2.PC.CE.AR5,7.80618220175594,t CO2e per capita,World Bank,2026-10-09
DNK,Denmark,2012,EN.GHG.CO2.PC.CE.AR5,6.9026384708987,t CO2e per capita,World Bank,2026-10-09
DNK,Denmark,2013,EN.GHG.CO2.PC.CE.AR5,7.18355983652162,t CO2e per capita,World Bank,2026-10-09
DNK,Denmark,2014,EN.GHG.CO2.PC.CE.AR5,6.41399137942491,t CO2e per capita,World Bank,2026-10-09
DNK,Denmark,2015,EN.GHG.CO2.PC.CE.AR5,5.99477468305967,t CO2e per capita,World Bank,2026-10-09
DNK,Denmark,2016,EN.GHG.CO2.PC.CE.AR5,6.2287600754887,t CO2e per capita,World Bank,2026-10-09
DNK,Denmark,2017,EN.GHG.CO2.PC.CE.AR5,5.81887534735593,t CO2e per capita,World Bank,2026-10-09
DNK,Denmark,2018,EN.GHG.CO2.PC.CE.AR5,5.78874820578994,t CO2e per capita,World Bank,2026-10-09
DNK,Denmark,2019,EN.GHG.CO2.PC.CE.AR5,5.17323991963432,t CO2e per capita,World Bank,2026-10-09
DNK,Denmark,2020,EN.GHG.CO2.PC.CE.AR5,4.76521606117498,t CO2e per capita,World Bank,2026-10-09
DNK,Denmark,2021,EN.GHG.CO2.PC.CE.AR5,5.04788249694838,t CO2e per capita,World Bank,2026-10-09
DNK,Denmark,2022,EN.GHG.CO2.PC.CE.AR5,4.8270407249692,t CO2e per capita,World Bank,2026-10-09
DNK,Denmark,2023,EN.GHG.CO2.PC.CE.AR5,4.4073670007762,t CO2e per capita,World Bank,2026-10-09
DNK,Denmark,2024,EN.GHG.CO2.PC.CE.AR5,4.2782054919933,t CO2e per capita,World Bank,2026-10-09
ESP,Spain,2010,EN.GHG.CO2.PC.CE.AR5,6.17799635729276,t CO2e per capita,World Bank,2026-10-09
ESP,Spain,2011,EN.GHG.CO2.PC.CE.AR5,6.19393014485236,t CO2e per capita,World Bank,2026-10-09
ESP,Spain,2012,EN.GHG.CO2.PC.CE.AR5,6.09265740713323,t CO2e per capita,World Bank,2026-10-09
ESP,Spain,2013,EN.GHG.CO2.PC.CE.AR5,5.5007234648845,t CO2e per capita,World Bank,2026-10-09
ESP,Spain,2014,EN.GHG.CO2.PC.CE.AR5,5.49369292128904,t CO2e per capita,World Bank,2026-10-09
ESP,Spain,2015,EN.GHG.CO2.PC.CE.AR5,5.84933711711804,t CO2e per capita,World Bank,2026-10-09
ESP,Spain,2016,EN.GHG.CO2.PC.CE.AR5,5.66204126256542,t CO2e per capita,World Bank,2026-10-09
ESP,Spain,2017,EN.GHG.CO2.PC.CE.AR5,5.97761510797052,t CO2e per capita,World Bank,2026-10-09
ESP,Spain,2018,EN.GHG.CO2.PC.CE.AR5,5.80969253331158,t CO2e per capita,World Bank,2026-10-09
ESP,Spain,2019,EN.GHG.CO2.PC.CE.AR5,5.3981216422823,t CO2e per capita,World Bank,2026-10-09
ESP,Spain,2020,EN.GHG.CO2.PC.CE.AR5,4.52823497177668,t CO2e per capita,World Bank,2026-10-09
ESP,Spain,2021,EN.GHG.CO2.PC.CE.AR5,4.91513320564969,t CO2e per capita,World Bank,2026-10-09
ESP,Spain,2022,EN.GHG.CO2.PC.CE.AR5,4.99422196018416,t CO2e per capita,World Bank,2026-10-09
ESP,Spain,2023,EN.GHG.CO2.PC.CE.AR5,4.57046216901007,t CO2e per capita,World Bank,2026-10-09
ESP,Spain,2024,EN.GHG.CO2.PC.CE.AR5,4.50540688376633,t CO2e per capita,World Bank,2026-10-09
EST,Estonia,2010,EN.GHG.CO2.PC.CE.AR5,16.6849546555512,t CO2e per capita,World Bank,2026-10-09
EST,Estonia,2011,EN.GHG.CO2.PC.CE.AR5,16.8260839104471,t CO2e per capita,World Bank,2026-10-09
EST,Estonia,2012,EN.GHG.CO2.PC.CE.AR5,16.0506269014195,t CO2e per capita,World Bank,2026-10-09
EST,Estonia,2013,EN.GHG.CO2.PC.CE.AR5,17.9337282254815,t CO2e per capita,World Bank,2026-10-09
EST,Estonia,2014,EN.GHG.CO2.PC.CE.AR5,17.3074333704818,t CO2e per capita,World Bank,2026-10-09
EST,Estonia,2015,EN.GHG.CO2.PC.CE.AR5,15.9815175075091,t CO2e per capita,World Bank,2026-10-09
EST,Estonia,2016,EN.GHG.CO2.PC.CE.AR5,15.6467217413113,t CO2e per capita,World Bank,2026-10-09
EST,Estonia,2017,EN.GHG.CO2.PC.CE.AR5,16.6729670316324,t CO2e per capita,World Bank,2026-10-09
EST,Estonia,2018,EN.GHG.CO2.PC.CE.AR5,17.8889647853178,t CO2e per capita,World Bank,2026-10-09
EST,Estonia,2019,EN.GHG.CO2.PC.CE.AR5,11.6534202327534,t CO2e per capita,World Bank,2026-10-09
EST,Estonia,2020,EN.GHG.CO2.PC.CE.AR5,9.12576098778358,t CO2e per capita,World Bank,2026-10-09
EST,Estonia,2021,EN.GHG.CO2.PC.CE.AR5,9.71169075504984,t CO2e per capita,World Bank,2026-10-09
EST,Estonia,2022,EN.GHG.CO2.PC.CE.AR5,11.1341597224282,t CO2e per capita,World Bank,2026-10-09
EST,Estonia,2023,EN.GHG.CO2.PC.CE.AR5,8.37350742837627,t CO2e per capita,World Bank,2026-10-09
EST,Estonia,2024,EN.GHG.CO2.PC.CE.AR5,7.75936884491537,t CO2e per capita,World Bank,2026-10-09
EUU,European Union (aggregate),2010,EN.GHG.CO2.PC.CE.AR5,7.7121715794747,t CO2e per capita,World Bank,2026-10-09
EUU,European Union (aggregate),2011,EN.GHG.CO2.PC.CE.AR5,7.50585258859823,t CO2e per capita,World Bank,2026-10-09
EUU,European Union (aggregate),2012,EN.GHG.CO2.PC.CE.AR5,7.34621232551448,t CO2e per capita,World Bank,2026-10-09
EUU,European Union (aggregate),2013,EN.GHG.CO2.PC.CE.AR5,7.14912584618353,t CO2e per capita,World Bank,2026-10-09
EUU,European Union (aggregate),2014,EN.GHG.CO2.PC.CE.AR5,6.82268606570061,t CO2e per capita,World Bank,2026-10-09
EUU,European Union (aggregate),2015,EN.GHG.CO2.PC.CE.AR5,6.94479495177865,t CO2e per capita,World Bank,2026-10-09
EUU,European Union (aggregate),2016,EN.GHG.CO2.PC.CE.AR5,6.9487174244534,t CO2e per capita,World Bank,2026-10-09
EUU,European Union (aggregate),2017,EN.GHG.CO2.PC.CE.AR5,6.99426005138854,t CO2e per capita,World Bank,2026-10-09
EUU,European Union (aggregate),2018,EN.GHG.CO2.PC.CE.AR5,6.83457757497087,t CO2e per capita,World Bank,2026-10-09
EUU,European Union (aggregate),2019,EN.GHG.CO2.PC.CE.AR5,6.50775335523423,t CO2e per capita,World Bank,2026-10-09
EUU,European Union (aggregate),2020,EN.GHG.CO2.PC.CE.AR5,5.90418586587991,t CO2e per capita,World Bank,2026-10-09
EUU,European Union (aggregate),2021,EN.GHG.CO2.PC.CE.AR5,6.31584352673514,t CO2e per capita,World Bank,2026-10-09
EUU,European Union (aggregate),2022,EN.GHG.CO2.PC.CE.AR5,6.14633675709531,t CO2e per capita,World Bank,2026-10-09
EUU,European Union (aggregate),2023,EN.GHG.CO2.PC.CE.AR5,5.59079756161286,t CO2e per capita,World Bank,2026-10-09
EUU,European Union (aggregate),2024,EN.GHG.CO2.PC.CE.AR5,5.46920331874023,t CO2e per capita,World Bank,2026-10-09
FIN,Finland,2010,EN.GHG.CO2.PC.CE.AR5,12.2771915772077,t CO2e per capita,World Bank,2026-10-09
FIN,Finland,2011,EN.GHG.CO2.PC.CE.AR5,10.8053750812877,t CO2e per capita,World Bank,2026-10-09
FIN,Finland,2012,EN.GHG.CO2.PC.CE.AR5,9.66512380653683,t CO2e per capita,World Bank,2026-10-09
FIN,Finland,2013,EN.GHG.CO2.PC.CE.AR5,9.80540072646081,t CO2e per capita,World Bank,2026-10-09
FIN,Finland,2014,EN.GHG.CO2.PC.CE.AR5,9.05273118506377,t CO2e per capita,World Bank,2026-10-09
FIN,Finland,2015,EN.GHG.CO2.PC.CE.AR5,8.39046261440988,t CO2e per capita,World Bank,2026-10-09
FIN,Finland,2016,EN.GHG.CO2.PC.CE.AR5,8.88160307084068,t CO2e per capita,World Bank,2026-10-09
FIN,Finland,2017,EN.GHG.CO2.PC.CE.AR5,8.36494370044446,t CO2e per capita,World Bank,2026-10-09
FIN,Finland,2018,EN.GHG.CO2.PC.CE.AR5,8.6010307269027,t CO2e per capita,World Bank,2026-10-09
FIN,Finland,2019,EN.GHG.CO2.PC.CE.AR5,7.99426833424913,t CO2e per capita,World Bank,2026-10-09
FIN,Finland,2020,EN.GHG.CO2.PC.CE.AR5,7.13874546232844,t CO2e per capita,World Bank,2026-10-09
FIN,Finland,2021,EN.GHG.CO2.PC.CE.AR5,7.09479866241161,t CO2e per capita,World Bank,2026-10-09
FIN,Finland,2022,EN.GHG.CO2.PC.CE.AR5,6.68162198489374,t CO2e per capita,World Bank,2026-10-09
FIN,Finland,2023,EN.GHG.CO2.PC.CE.AR5,5.88954587564164,t CO2e per capita,World Bank,2026-10-09
FIN,Finland,2024,EN.GHG.CO2.PC.CE.AR5,5.53521221243539,t CO2e per capita,World Bank,2026-10-09
FRA,France,2010,EN.GHG.CO2.PC.CE.AR5,5.80194807906,t CO2e per capita,World Bank,2026-10-09
FRA,France,2011,EN.GHG.CO2.PC.CE.AR5,5.56604040689413,t CO2e per capita,World Bank,2026-10-09
FRA,France,2012,EN.GHG.CO2.PC.CE.AR5,5.55949763606406,t CO2e per capita,World Bank,2026-10-09
FRA,France,2013,EN.GHG.CO2.PC.CE.AR5,5.45712098979101,t CO2e per capita,World Bank,2026-10-09
FRA,France,2014,EN.GHG.CO2.PC.CE.AR5,4.93048874498212,t CO2e per capita,World Bank,2026-10-09
FRA,France,2015,EN.GHG.CO2.PC.CE.AR5,4.99116340691761,t CO2e per capita,World Bank,2026-10-09
FRA,France,2016,EN.GHG.CO2.PC.CE.AR5,5.01727531627851,t CO2e per capita,World Bank,2026-10-09
FRA,France,2017,EN.GHG.CO2.PC.CE.AR5,5.06155143263354,t CO2e per capita,World Bank,2026-10-09
FRA,France,2018,EN.GHG.CO2.PC.CE.AR5,4.89217066506758,t CO2e per capita,World Bank,2026-10-09
FRA,France,2019,EN.GHG.CO2.PC.CE.AR5,4.79214044818249,t CO2e per capita,World Bank,2026-10-09
FRA,France,2020,EN.GHG.CO2.PC.CE.AR5,4.24677642127474,t CO2e per capita,World Bank,2026-10-09
FRA,France,2021,EN.GHG.CO2.PC.CE.AR5,4.66820869200128,t CO2e per capita,World Bank,2026-10-09
FRA,France,2022,EN.GHG.CO2.PC.CE.AR5,4.51246828877731,t CO2e per capita,World Bank,2026-10-09
FRA,France,2023,EN.GHG.CO2.PC.CE.AR5,4.15598361008436,t CO2e per capita,World Bank,2026-10-09
FRA,France,2024,EN.GHG.CO2.PC.CE.AR5,4.00355772602595,t CO2e per capita,World Bank,2026-10-09
GRC,Greece,2010,EN.GHG.CO2.PC.CE.AR5,8.01145293539691,t CO2e per capita,World Bank,2026-10-09
GRC,Greece,2011,EN.GHG.CO2.PC.CE.AR5,7.75736006243731,t CO2e per capita,World Bank,2026-10-09
GRC,Greece,2012,EN.GHG.CO2.PC.CE.AR5,7.38387675666416,t CO2e per capita,World Bank,2026-10-09
GRC,Greece,2013,EN.GHG.CO2.PC.CE.AR5,6.73744445045335,t CO2e per capita,World Bank,2026-10-09
GRC,Greece,2014,EN.GHG.CO2.PC.CE.AR5,6.51907892218189,t CO2e per capita,World Bank,2026-10-09
GRC,Greece,2015,EN.GHG.CO2.PC.CE.AR5,6.41834866895798,t CO2e per capita,World Bank,2026-10-09
GRC,Greece,2016,EN.GHG.CO2.PC.CE.AR5,6.32529541885367,t CO2e per capita,World Bank,2026-10-09
GRC,Greece,2017,EN.GHG.CO2.PC.CE.AR5,6.35852543809071,t CO2e per capita,World Bank,2026-10-09
GRC,Greece,2018,EN.GHG.CO2.PC.CE.AR5,6.19923893694163,t CO2e per capita,World Bank,2026-10-09
GRC,Greece,2019,EN.GHG.CO2.PC.CE.AR5,5.7354129269356,t CO2e per capita,World Bank,2026-10-09
GRC,Greece,2020,EN.GHG.CO2.PC.CE.AR5,4.89415483279633,t CO2e per capita,World Bank,2026-10-09
GRC,Greece,2021,EN.GHG.CO2.PC.CE.AR5,5.08178234326352,t CO2e per capita,World Bank,2026-10-09
GRC,Greece,2022,EN.GHG.CO2.PC.CE.AR5,5.28045887042343,t CO2e per capita,World Bank,2026-10-09
GRC,Greece,2023,EN.GHG.CO2.PC.CE.AR5,4.92324127436463,t CO2e per capita,World Bank,2026-10-09
GRC,Greece,2024,EN.GHG.CO2.PC.CE.AR5,5.04642227577271,t CO2e per capita,World Bank,2026-10-09
HRV,Croatia,2010,EN.GHG.CO2.PC.CE.AR5,4.87506829937978,t CO2e per capita,World Bank,2026-10-09
HRV,Croatia,2011,EN.GHG.CO2.PC.CE.AR5,4.77830091047516,t CO2e per capita,World Bank,2026-10-09
HRV,Croatia,2012,EN.GHG.CO2.PC.CE.AR5,4.40975990806428,t CO2e per capita,World Bank,2026-10-09
HRV,Croatia,2013,EN.GHG.CO2.PC.CE.AR5,4.34143567122871,t CO2e per capita,World Bank,2026-10-09
HRV,Croatia,2014,EN.GHG.CO2.PC.CE.AR5,4.20723258150827,t CO2e per capita,World Bank,2026-10-09
HRV,Croatia,2015,EN.GHG.CO2.PC.CE.AR5,4.34144843408463,t CO2e per capita,World Bank,2026-10-09
HRV,Croatia,2016,EN.GHG.CO2.PC.CE.AR5,4.44976669563441,t CO2e per capita,World Bank,2026-10-09
HRV,Croatia,2017,EN.GHG.CO2.PC.CE.AR5,4.65112768894595,t CO2e per capita,World Bank,2026-10-09
HRV,Croatia,2018,EN.GHG.CO2.PC.CE.AR5,4.45402410514506,t CO2e per capita,World Bank,2026-10-09
HRV,Croatia,2019,EN.GHG.CO2.PC.CE.AR5,4.5506268056586,t CO2e per capita,World Bank,2026-10-09
HRV,Croatia,2020,EN.GHG.CO2.PC.CE.AR5,4.39207849561316,t CO2e per capita,World Bank,2026-10-09
HRV,Croatia,2021,EN.GHG.CO2.PC.CE.AR5,4.5132213846884,t CO2e per capita,World Bank,2026-10-09
HRV,Croatia,2022,EN.GHG.CO2.PC.CE.AR5,4.57371420212618,t CO2e per capita,World Bank,2026-10-09
HRV,Croatia,2023,EN.GHG.CO2.PC.CE.AR5,4.83573016043274,t CO2e per capita,World Bank,2026-10-09
HRV,Croatia,2024,EN.GHG.CO2.PC.CE.AR5,4.83151414825927,t CO2e per capita,World Bank,2026-10-09
HUN,Hungary,2010,EN.GHG.CO2.PC.CE.AR5,5.23461796037869,t CO2e per capita,World Bank,2026-10-09
HUN,Hungary,2011,EN.GHG.CO2.PC.CE.AR5,5.15825393134008,t CO2e per capita,World Bank,2026-10-09
HUN,Hungary,2012,EN.GHG.CO2.PC.CE.AR5,4.80352430687509,t CO2e per capita,World Bank,2026-10-09
HUN,Hungary,2013,EN.GHG.CO2.PC.CE.AR5,4.5374057479924,t CO2e per capita,World Bank,2026-10-09
HUN,Hungary,2014,EN.GHG.CO2.PC.CE.AR5,4.55934371452648,t CO2e per capita,World Bank,2026-10-09
HUN,Hungary,2015,EN.GHG.CO2.PC.CE.AR5,4.85223400666785,t CO2e per capita,World Bank,2026-10-09
HUN,Hungary,2016,EN.GHG.CO2.PC.CE.AR5,4.94531881179394,t CO2e per capita,World Bank,2026-10-09
HUN,Hungary,2017,EN.GHG.CO2.PC.CE.AR5,5.2571073027842,t CO2e per capita,World Bank,2026-10-09
HUN,Hungary,2018,EN.GHG.CO2.PC.CE.AR5,5.28069332491601,t CO2e per capita,World Bank,2026-10-09
HUN,Hungary,2019,EN.GHG.CO2.PC.CE.AR5,5.31240175169761,t CO2e per capita,World Bank,2026-10-09
HUN,Hungary,2020,EN.GHG.CO2.PC.CE.AR5,5.13443109342005,t CO2e per capita,World Bank,2026-10-09
HUN,Hungary,2021,EN.GHG.CO2.PC.CE.AR5,5.29398400902426,t CO2e per capita,World Bank,2026-10-09
HUN,Hungary,2022,EN.GHG.CO2.PC.CE.AR5,4.95293425120931,t CO2e per capita,World Bank,2026-10-09
HUN,Hungary,2023,EN.GHG.CO2.PC.CE.AR5,4.48048025757632,t CO2e per capita,World Bank,2026-10-09
HUN,Hungary,2024,EN.GHG.CO2.PC.CE.AR5,4.45791782423566,t CO2e per capita,World Bank,2026-10-09
IRL,Ireland,2010,EN.GHG.CO2.PC.CE.AR5,8.97445371922665,t CO2e per capita,World Bank,2026-10-09
IRL,Ireland,2011,EN.GHG.CO2.PC.CE.AR5,8.10989492769128,t CO2e per capita,World Bank,2026-10-09
IRL,Ireland,2012,EN.GHG.CO2.PC.CE.AR5,8.17522126702863,t CO2e per capita,World Bank,2026-10-09
IRL,Ireland,2013,EN.GHG.CO2.PC.CE.AR5,7.8579683966663,t CO2e per capita,World Bank,2026-10-09
IRL,Ireland,2014,EN.GHG.CO2.PC.CE.AR5,7.75893459059544,t CO2e per capita,World Bank,2026-10-09
IRL,Ireland,2015,EN.GHG.CO2.PC.CE.AR5,8.00687883789665,t CO2e per capita,World Bank,2026-10-09
IRL,Ireland,2016,EN.GHG.CO2.PC.CE.AR5,8.29636917712182,t CO2e per capita,World Bank,2026-10-09
IRL,Ireland,2017,EN.GHG.CO2.PC.CE.AR5,7.92618041220563,t CO2e per capita,World Bank,2026-10-09
IRL,Ireland,2018,EN.GHG.CO2.PC.CE.AR5,7.76337876800063,t CO2e per capita,World Bank,2026-10-09
IRL,Ireland,2019,EN.GHG.CO2.PC.CE.AR5,7.30821291296457,t CO2e per capita,World Bank,2026-10-09
IRL,Ireland,2020,EN.GHG.CO2.PC.CE.AR5,6.80456776897729,t CO2e per capita,World Bank,2026-10-09
IRL,Ireland,2021,EN.GHG.CO2.PC.CE.AR5,7.11906758228265,t CO2e per capita,World Bank,2026-10-09
IRL,Ireland,2022,EN.GHG.CO2.PC.CE.AR5,6.84581291258731,t CO2e per capita,World Bank,2026-10-09
IRL,Ireland,2023,EN.GHG.CO2.PC.CE.AR5,6.1870780177041,t CO2e per capita,World Bank,2026-10-09
IRL,Ireland,2024,EN.GHG.CO2.PC.CE.AR5,6.03605774131313,t CO2e per capita,World Bank,2026-10-09
ITA,Italy,2010,EN.GHG.CO2.PC.CE.AR5,7.08186391750757,t CO2e per capita,World Bank,2026-10-09
ITA,Italy,2011,EN.GHG.CO2.PC.CE.AR5,6.9053125750862,t CO2e per capita,World Bank,2026-10-09
ITA,Italy,2012,EN.GHG.CO2.PC.CE.AR5,6.55333989010063,t CO2e per capita,World Bank,2026-10-09
ITA,Italy,2013,EN.GHG.CO2.PC.CE.AR5,5.99742374656768,t CO2e per capita,World Bank,2026-10-09
ITA,Italy,2014,EN.GHG.CO2.PC.CE.AR5,5.68586837020992,t CO2e per capita,World Bank,2026-10-09
ITA,Italy,2015,EN.GHG.CO2.PC.CE.AR5,5.87319309166979,t CO2e per capita,World Bank,2026-10-09
ITA,Italy,2016,EN.GHG.CO2.PC.CE.AR5,5.80834075921169,t CO2e per capita,World Bank,2026-10-09
ITA,Italy,2017,EN.GHG.CO2.PC.CE.AR5,5.7611454316748,t CO2e per capita,World Bank,2026-10-09
ITA,Italy,2018,EN.GHG.CO2.PC.CE.AR5,5.68452233279163,t CO2e per capita,World Bank,2026-10-09
ITA,Italy,2019,EN.GHG.CO2.PC.CE.AR5,5.56784056329278,t CO2e per capita,World Bank,2026-10-09
ITA,Italy,2020,EN.GHG.CO2.PC.CE.AR5,4.96667406979317,t CO2e per capita,World Bank,2026-10-09
ITA,Italy,2021,EN.GHG.CO2.PC.CE.AR5,5.58651571090224,t CO2e per capita,World Bank,2026-10-09
ITA,Italy,2022,EN.GHG.CO2.PC.CE.AR5,5.60897190137329,t CO2e per capita,World Bank,2026-10-09
ITA,Italy,2023,EN.GHG.CO2.PC.CE.AR5,5.1591446091273,t CO2e per capita,World Bank,2026-10-09
ITA,Italy,2024,EN.GHG.CO2.PC.CE.AR5,5.07573834102673,t CO2e per capita,World Bank,2026-10-09
LTU,Lithuania,2010,EN.GHG.CO2.PC.CE.AR5,4.53332954506564,t CO2e per capita,World Bank,2026-10-09
LTU,Lithuania,2011,EN.GHG.CO2.PC.CE.AR5,4.72911365651569,t CO2e per capita,World Bank,2026-10-09
LTU,Lithuania,2012,EN.GHG.CO2.PC.CE.AR5,4.8479177448757,t CO2e per capita,World Bank,2026-10-09
LTU,Lithuania,2013,EN.GHG.CO2.PC.CE.AR5,4.51309413254538,t CO2e per capita,World Bank,2026-10-09
LTU,Lithuania,2014,EN.GHG.CO2.PC.CE.AR5,4.49797821297655,t CO2e per capita,World Bank,2026-10-09
LTU,Lithuania,2015,EN.GHG.CO2.PC.CE.AR5,4.69257592209704,t CO2e per capita,World Bank,2026-10-09
LTU,Lithuania,2016,EN.GHG.CO2.PC.CE.AR5,4.69887829841954,t CO2e per capita,World Bank,2026-10-09
LTU,Lithuania,2017,EN.GHG.CO2.PC.CE.AR5,4.91240709777077,t CO2e per capita,World Bank,2026-10-09
LTU,Lithuania,2018,EN.GHG.CO2.PC.CE.AR5,4.97247446083995,t CO2e per capita,World Bank,2026-10-09
LTU,Lithuania,2019,EN.GHG.CO2.PC.CE.AR5,5.08575146500164,t CO2e per capita,World Bank,2026-10-09
LTU,Lithuania,2020,EN.GHG.CO2.PC.CE.AR5,5.07196741780172,t CO2e per capita,World Bank,2026-10-09
LTU,Lithuania,2021,EN.GHG.CO2.PC.CE.AR5,5.10322677130588,t CO2e per capita,World Bank,2026-10-09
LTU,Lithuania,2022,EN.GHG.CO2.PC.CE.AR5,4.65112254775415,t CO2e per capita,World Bank,2026-10-09
LTU,Lithuania,2023,EN.GHG.CO2.PC.CE.AR5,4.51994281903548,t CO2e per capita,World Bank,2026-10-09
LTU,Lithuania,2024,EN.GHG.CO2.PC.CE.AR5,4.49056496639174,t CO2e per capita,World Bank,2026-10-09
LUX,Luxembourg,2010,EN.GHG.CO2.PC.CE.AR5,22.1192102620953,t CO2e per capita,World Bank,2026-10-09
LUX,Luxembourg,2011,EN.GHG.CO2.PC.CE.AR5,21.3951272024339,t CO2e per capita,World Bank,2026-10-09
LUX,Luxembourg,2012,EN.GHG.CO2.PC.CE.AR5,20.4689365773544,t CO2e per capita,World Bank,2026-10-09
LUX,Luxembourg,2013,EN.GHG.CO2.PC.CE.AR5,18.9995583038869,t CO2e per capita,World Bank,2026-10-09
LUX,Luxembourg,2014,EN.GHG.CO2.PC.CE.AR5,17.6515632218206,t CO2e per capita,World Bank,2026-10-09
LUX,Luxembourg,2015,EN.GHG.CO2.PC.CE.AR5,16.3436352272807,t CO2e per capita,World Bank,2026-10-09
LUX,Luxembourg,2016,EN.GHG.CO2.PC.CE.AR5,15.5348496771555,t CO2e per capita,World Bank,2026-10-09
LUX,Luxembourg,2017,EN.GHG.CO2.PC.CE.AR5,15.408092082316,t CO2e per capita,World Bank,2026-10-09
LUX,Luxembourg,2018,EN.GHG.CO2.PC.CE.AR5,15.6999753269183,t CO2e per capita,World Bank,2026-10-09
LUX,Luxembourg,2019,EN.GHG.CO2.PC.CE.AR5,15.63174898105,t CO2e per capita,World Bank,2026-10-09
LUX,Luxembourg,2020,EN.GHG.CO2.PC.CE.AR5,12.6787105084079,t CO2e per capita,World Bank,2026-10-09
LUX,Luxembourg,2021,EN.GHG.CO2.PC.CE.AR5,13.0933781621838,t CO2e per capita,World Bank,2026-10-09
LUX,Luxembourg,2022,EN.GHG.CO2.PC.CE.AR5,11.1248914795982,t CO2e per capita,World Bank,2026-10-09
LUX,Luxembourg,2023,EN.GHG.CO2.PC.CE.AR5,10.4160977146887,t CO2e per capita,World Bank,2026-10-09
LUX,Luxembourg,2024,EN.GHG.CO2.PC.CE.AR5,10.5572722492364,t CO2e per capita,World Bank,2026-10-09
LVA,Latvia,2010,EN.GHG.CO2.PC.CE.AR5,4.23345275809216,t CO2e per capita,World Bank,2026-10-09
LVA,Latvia,2011,EN.GHG.CO2.PC.CE.AR5,3.99736079222842,t CO2e per capita,World Bank,2026-10-09
LVA,Latvia,2012,EN.GHG.CO2.PC.CE.AR5,3.94598880509891,t CO2e per capita,World Bank,2026-10-09
LVA,Latvia,2013,EN.GHG.CO2.PC.CE.AR5,3.86525804077913,t CO2e per capita,World Bank,2026-10-09
LVA,Latvia,2014,EN.GHG.CO2.PC.CE.AR5,3.79876034591545,t CO2e per capita,World Bank,2026-10-09
LVA,Latvia,2015,EN.GHG.CO2.PC.CE.AR5,3.86745667695055,t CO2e per capita,World Bank,2026-10-09
LVA,Latvia,2016,EN.GHG.CO2.PC.CE.AR5,3.81753444818853,t CO2e per capita,World Bank,2026-10-09
LVA,Latvia,2017,EN.GHG.CO2.PC.CE.AR5,3.82654532273942,t CO2e per capita,World Bank,2026-10-09
LVA,Latvia,2018,EN.GHG.CO2.PC.CE.AR5,4.20714476222697,t CO2e per capita,World Bank,2026-10-09
LVA,Latvia,2019,EN.GHG.CO2.PC.CE.AR5,4.13194121501373,t CO2e per capita,World Bank,2026-10-09
LVA,Latvia,2020,EN.GHG.CO2.PC.CE.AR5,3.82914774350693,t CO2e per capita,World Bank,2026-10-09
LVA,Latvia,2021,EN.GHG.CO2.PC.CE.AR5,3.99598830452802,t CO2e per capita,World Bank,2026-10-09
LVA,Latvia,2022,EN.GHG.CO2.PC.CE.AR5,3.68567769315781,t CO2e per capita,World Bank,2026-10-09
LVA,Latvia,2023,EN.GHG.CO2.PC.CE.AR5,3.66319656422698,t CO2e per capita,World Bank,2026-10-09
LVA,Latvia,2024,EN.GHG.CO2.PC.CE.AR5,3.647774745944,t CO2e per capita,World Bank,2026-10-09
MKD,North Macedonia,2010,EN.GHG.CO2.PC.CE.AR5,4.71412907992507,t CO2e per capita,World Bank,2026-10-09
MKD,North Macedonia,2011,EN.GHG.CO2.PC.CE.AR5,5.28745255234082,t CO2e per capita,World Bank,2026-10-09
MKD,North Macedonia,2012,EN.GHG.CO2.PC.CE.AR5,4.98507374518155,t CO2e per capita,World Bank,2026-10-09
MKD,North Macedonia,2013,EN.GHG.CO2.PC.CE.AR5,4.57514266277495,t CO2e per capita,World Bank,2026-10-09
MKD,North Macedonia,2014,EN.GHG.CO2.PC.CE.AR5,4.35528122501704,t CO2e per capita,World Bank,2026-10-09
MKD,North Macedonia,2015,EN.GHG.CO2.PC.CE.AR5,4.14802110404041,t CO2e per capita,World Bank,2026-10-09
MKD,North Macedonia,2016,EN.GHG.CO2.PC.CE.AR5,3.99771705905588,t CO2e per capita,World Bank,2026-10-09
MKD,North Macedonia,2017,EN.GHG.CO2.PC.CE.AR5,4.20312884317705,t CO2e per capita,World Bank,2026-10-09
MKD,North Macedonia,2018,EN.GHG.CO2.PC.CE.AR5,3.99285143704431,t CO2e per capita,World Bank,2026-10-09
MKD,North Macedonia,2019,EN.GHG.CO2.PC.CE.AR5,4.62504703500897,t CO2e per capita,World Bank,2026-10-09
MKD,North Macedonia,2020,EN.GHG.CO2.PC.CE.AR5,4.08399438830595,t CO2e per capita,World Bank,2026-10-09
MKD,North Macedonia,2021,EN.GHG.CO2.PC.CE.AR5,4.15543074626833,t CO2e per capita,World Bank,2026-10-09
MKD,North Macedonia,2022,EN.GHG.CO2.PC.CE.AR5,4.47897922817561,t CO2e per capita,World Bank,2026-10-09
MKD,North Macedonia,2023,EN.GHG.CO2.PC.CE.AR5,4.38791431960329,t CO2e per capita,World Bank,2026-10-09
MKD,North Macedonia,2024,EN.GHG.CO2.PC.CE.AR5,3.99992545326879,t CO2e per capita,World Bank,2026-10-09
MLT,Malta,2010,EN.GHG.CO2.PC.CE.AR5,6.25971030715933,t CO2e per capita,World Bank,2026-10-09
MLT,Malta,2011,EN.GHG.CO2.PC.CE.AR5,6.20225431693044,t CO2e per capita,World Bank,2026-10-09
MLT,Malta,2012,EN.GHG.CO2.PC.CE.AR5,6.48623425104993,t CO2e per capita,World Bank,2026-10-09
MLT,Malta,2013,EN.GHG.CO2.PC.CE.AR5,5.60886043172242,t CO2e per capita,World Bank,2026-10-09
MLT,Malta,2014,EN.GHG.CO2.PC.CE.AR5,5.4659835148484,t CO2e per capita,World Bank,2026-10-09
MLT,Malta,2015,EN.GHG.CO2.PC.CE.AR5,3.76435099725361,t CO2e per capita,World Bank,2026-10-09
MLT,Malta,2016,EN.GHG.CO2.PC.CE.AR5,3.00436738869759,t CO2e per capita,World Bank,2026-10-09
MLT,Malta,2017,EN.GHG.CO2.PC.CE.AR5,3.33585952653145,t CO2e per capita,World Bank,2026-10-09
MLT,Malta,2018,EN.GHG.CO2.PC.CE.AR5,3.23907890630974,t CO2e per capita,World Bank,2026-10-09
MLT,Malta,2019,EN.GHG.CO2.PC.CE.AR5,3.32002413119751,t CO2e per capita,World Bank,2026-10-09
MLT,Malta,2020,EN.GHG.CO2.PC.CE.AR5,3.14341694310268,t CO2e per capita,World Bank,2026-10-09
MLT,Malta,2021,EN.GHG.CO2.PC.CE.AR5,3.14078934671427,t CO2e per capita,World Bank,2026-10-09
MLT,Malta,2022,EN.GHG.CO2.PC.CE.AR5,3.3821427831742,t CO2e per capita,World Bank,2026-10-09
MLT,Malta,2023,EN.GHG.CO2.PC.CE.AR5,3.23421022637843,t CO2e per capita,World Bank,2026-10-09
MLT,Malta,2024,EN.GHG.CO2.PC.CE.AR5,3.17888641409729,t CO2e per capita,World Bank,2026-10-09
NLD,Netherlands,2010,EN.GHG.CO2.PC.CE.AR5,11.2017265434693,t CO2e per capita,World Bank,2026-10-09
NLD,Netherlands,2011,EN.GHG.CO2.PC.CE.AR5,10.4278277326273,t CO2e per capita,World Bank,2026-10-09
NLD,Netherlands,2012,EN.GHG.CO2.PC.CE.AR5,10.2418555171895,t CO2e per capita,World Bank,2026-10-09
NLD,Netherlands,2013,EN.GHG.CO2.PC.CE.AR5,10.0780436970437,t CO2e per capita,World Bank,2026-10-09
NLD,Netherlands,2014,EN.GHG.CO2.PC.CE.AR5,9.59164086966339,t CO2e per capita,World Bank,2026-10-09
NLD,Netherlands,2015,EN.GHG.CO2.PC.CE.AR5,9.99734178248626,t CO2e per capita,World Bank,2026-10-09
NLD,Netherlands,2016,EN.GHG.CO2.PC.CE.AR5,10.028805106001,t CO2e per capita,World Bank,2026-10-09
NLD,Netherlands,2017,EN.GHG.CO2.PC.CE.AR5,9.81688717537774,t CO2e per capita,World Bank,2026-10-09
NLD,Netherlands,2018,EN.GHG.CO2.PC.CE.AR5,9.46486529650368,t CO2e per capita,World Bank,2026-10-09
NLD,Netherlands,2019,EN.GHG.CO2.PC.CE.AR5,9.10784361996519,t CO2e per capita,World Bank,2026-10-09
NLD,Netherlands,2020,EN.GHG.CO2.PC.CE.AR5,8.15069804775965,t CO2e per capita,World Bank,2026-10-09
NLD,Netherlands,2021,EN.GHG.CO2.PC.CE.AR5,8.32113351224123,t CO2e per capita,World Bank,2026-10-09
NLD,Netherlands,2022,EN.GHG.CO2.PC.CE.AR5,7.52014775225465,t CO2e per capita,World Bank,2026-10-09
NLD,Netherlands,2023,EN.GHG.CO2.PC.CE.AR5,6.87570596534106,t CO2e per capita,World Bank,2026-10-09
NLD,Netherlands,2024,EN.GHG.CO2.PC.CE.AR5,6.60188395966651,t CO2e per capita,World Bank,2026-10-09
POL,Poland,2010,EN.GHG.CO2.PC.CE.AR5,8.65823367232175,t CO2e per capita,World Bank,2026-10-09
POL,Poland,2011,EN.GHG.CO2.PC.CE.AR5,8.58934161043243,t CO2e per capita,World Bank,2026-10-09
POL,Poland,2012,EN.GHG.CO2.PC.CE.AR5,8.39990338165267,t CO2e per capita,World Bank,2026-10-09
POL,Poland,2013,EN.GHG.CO2.PC.CE.AR5,8.28307772126095,t CO2e per capita,World Bank,2026-10-09
POL,Poland,2014,EN.GHG.CO2.PC.CE.AR5,7.95991816737647,t CO2e per capita,World Bank,2026-10-09
POL,Poland,2015,EN.GHG.CO2.PC.CE.AR5,8.05009433373176,t CO2e per capita,World Bank,2026-10-09
POL,Poland,2016,EN.GHG.CO2.PC.CE.AR5,8.34151367627891,t CO2e per capita,World Bank,2026-10-09
POL,Poland,2017,EN.GHG.CO2.PC.CE.AR5,8.69581601242887,t CO2e per capita,World Bank,2026-10-09
POL,Poland,2018,EN.GHG.CO2.PC.CE.AR5,8.68031784277711,t CO2e per capita,World Bank,2026-10-09
POL,Poland,2019,EN.GHG.CO2.PC.CE.AR5,8.21985501300853,t CO2e per capita,World Bank,2026-10-09
POL,Poland,2020,EN.GHG.CO2.PC.CE.AR5,7.91347409626485,t CO2e per capita,World Bank,2026-10-09
POL,Poland,2021,EN.GHG.CO2.PC.CE.AR5,8.76145594619199,t CO2e per capita,World Bank,2026-10-09
POL,Poland,2022,EN.GHG.CO2.PC.CE.AR5,8.36357881859441,t CO2e per capita,World Bank,2026-10-09
POL,Poland,2023,EN.GHG.CO2.PC.CE.AR5,7.64977784033642,t CO2e per capita,World Bank,2026-10-09
POL,Poland,2024,EN.GHG.CO2.PC.CE.AR5,7.55108565871718,t CO2e per capita,World Bank,2026-10-09
PRT,Portugal,2010,EN.GHG.CO2.PC.CE.AR5,5.03622400242124,t CO2e per capita,World Bank,2026-10-09
PRT,Portugal,2011,EN.GHG.CO2.PC.CE.AR5,4.86833131897901,t CO2e per capita,World Bank,2026-10-09
PRT,Portugal,2012,EN.GHG.CO2.PC.CE.AR5,4.73413585593852,t CO2e per capita,World Bank,2026-10-09
PRT,Portugal,2013,EN.GHG.CO2.PC.CE.AR5,4.60337018320703,t CO2e per capita,World Bank,2026-10-09
PRT,Portugal,2014,EN.GHG.CO2.PC.CE.AR5,4.58326274759251,t CO2e per capita,World Bank,2026-10-09
PRT,Portugal,2015,EN.GHG.CO2.PC.CE.AR5,4.99335011637296,t CO2e per capita,World Bank,2026-10-09
PRT,Portugal,2016,EN.GHG.CO2.PC.CE.AR5,4.89305456071076,t CO2e per capita,World Bank,2026-10-09
PRT,Portugal,2017,EN.GHG.CO2.PC.CE.AR5,5.35359164296186,t CO2e per capita,World Bank,2026-10-09
PRT,Portugal,2018,EN.GHG.CO2.PC.CE.AR5,4.96972818082616,t CO2e per capita,World Bank,2026-10-09
PRT,Portugal,2019,EN.GHG.CO2.PC.CE.AR5,4.51358282400518,t CO2e per capita,World Bank,2026-10-09
PRT,Portugal,2020,EN.GHG.CO2.PC.CE.AR5,3.94717687468905,t CO2e per capita,World Bank,2026-10-09
PRT,Portugal,2021,EN.GHG.CO2.PC.CE.AR5,3.76014625214405,t CO2e per capita,World Bank,2026-10-09
PRT,Portugal,2022,EN.GHG.CO2.PC.CE.AR5,3.8017191709062,t CO2e per capita,World Bank,2026-10-09
PRT,Portugal,2023,EN.GHG.CO2.PC.CE.AR5,3.53665954067309,t CO2e per capita,World Bank,2026-10-09
PRT,Portugal,2024,EN.GHG.CO2.PC.CE.AR5,3.32476489948602,t CO2e per capita,World Bank,2026-10-09
ROU,Romania,2010,EN.GHG.CO2.PC.CE.AR5,4.11641877898071,t CO2e per capita,World Bank,2026-10-09
ROU,Romania,2011,EN.GHG.CO2.PC.CE.AR5,4.45806056206995,t CO2e per capita,World Bank,2026-10-09
ROU,Romania,2012,EN.GHG.CO2.PC.CE.AR5,4.36901221879411,t CO2e per capita,World Bank,2026-10-09
ROU,Romania,2013,EN.GHG.CO2.PC.CE.AR5,3.9798049339529,t CO2e per capita,World Bank,2026-10-09
ROU,Romania,2014,EN.GHG.CO2.PC.CE.AR5,3.96756659394738,t CO2e per capita,World Bank,2026-10-09
ROU,Romania,2015,EN.GHG.CO2.PC.CE.AR5,4.0525613738175,t CO2e per capita,World Bank,2026-10-09
ROU,Romania,2016,EN.GHG.CO2.PC.CE.AR5,3.99479410161277,t CO2e per capita,World Bank,2026-10-09
ROU,Romania,2017,EN.GHG.CO2.PC.CE.AR5,4.17578692629915,t CO2e per capita,World Bank,2026-10-09
ROU,Romania,2018,EN.GHG.CO2.PC.CE.AR5,4.26219717910626,t CO2e per capita,World Bank,2026-10-09
ROU,Romania,2019,EN.GHG.CO2.PC.CE.AR5,4.18922540818417,t CO2e per capita,World Bank,2026-10-09
ROU,Romania,2020,EN.GHG.CO2.PC.CE.AR5,3.92941176470588,t CO2e per capita,World Bank,2026-10-09
ROU,Romania,2021,EN.GHG.CO2.PC.CE.AR5,4.22268857135102,t CO2e per capita,World Bank,2026-10-09
ROU,Romania,2022,EN.GHG.CO2.PC.CE.AR5,3.97277959180202,t CO2e per capita,World Bank,2026-10-09
ROU,Romania,2023,EN.GHG.CO2.PC.CE.AR5,3.68569180458046,t CO2e per capita,World Bank,2026-10-09
ROU,Romania,2024,EN.GHG.CO2.PC.CE.AR5,3.72055055783694,t CO2e per capita,World Bank,2026-10-09
SVK,Slovakia,2010,EN.GHG.CO2.PC.CE.AR5,7.40271408613822,t CO2e per capita,World Bank,2026-10-09
SVK,Slovakia,2011,EN.GHG.CO2.PC.CE.AR5,7.01956363237591,t CO2e per capita,World Bank,2026-10-09
SVK,Slovakia,2012,EN.GHG.CO2.PC.CE.AR5,6.67699907851554,t CO2e per capita,World Bank,2026-10-09
SVK,Slovakia,2013,EN.GHG.CO2.PC.CE.AR5,6.72042469482633,t CO2e per capita,World Bank,2026-10-09
SVK,Slovakia,2014,EN.GHG.CO2.PC.CE.AR5,6.27281818770694,t CO2e per capita,World Bank,2026-10-09
SVK,Slovakia,2015,EN.GHG.CO2.PC.CE.AR5,6.36564652722325,t CO2e per capita,World Bank,2026-10-09
SVK,Slovakia,2016,EN.GHG.CO2.PC.CE.AR5,6.5265914880281,t CO2e per capita,World Bank,2026-10-09
SVK,Slovakia,2017,EN.GHG.CO2.PC.CE.AR5,6.93642043582623,t CO2e per capita,World Bank,2026-10-09
SVK,Slovakia,2018,EN.GHG.CO2.PC.CE.AR5,6.83757404157436,t CO2e per capita,World Bank,2026-10-09
SVK,Slovakia,2019,EN.GHG.CO2.PC.CE.AR5,6.3818228588265,t CO2e per capita,World Bank,2026-10-09
SVK,Slovakia,2020,EN.GHG.CO2.PC.CE.AR5,5.98002098252976,t CO2e per capita,World Bank,2026-10-09
SVK,Slovakia,2021,EN.GHG.CO2.PC.CE.AR5,6.72785720933896,t CO2e per capita,World Bank,2026-10-09
SVK,Slovakia,2022,EN.GHG.CO2.PC.CE.AR5,6.11012800289851,t CO2e per capita,World Bank,2026-10-09
SVK,Slovakia,2023,EN.GHG.CO2.PC.CE.AR5,5.73978115774848,t CO2e per capita,World Bank,2026-10-09
SVK,Slovakia,2024,EN.GHG.CO2.PC.CE.AR5,5.51311685631444,t CO2e per capita,World Bank,2026-10-09
SVN,Slovenia,2010,EN.GHG.CO2.PC.CE.AR5,8.37691223640926,t CO2e per capita,World Bank,2026-10-09
SVN,Slovenia,2011,EN.GHG.CO2.PC.CE.AR5,7.83269836027402,t CO2e per capita,World Bank,2026-10-09
SVN,Slovenia,2012,EN.GHG.CO2.PC.CE.AR5,7.54292692008736,t CO2e per capita,World Bank,2026-10-09
SVN,Slovenia,2013,EN.GHG.CO2.PC.CE.AR5,7.52978344651553,t CO2e per capita,World Bank,2026-10-09
SVN,Slovenia,2014,EN.GHG.CO2.PC.CE.AR5,6.85069690297675,t CO2e per capita,World Bank,2026-10-09
SVN,Slovenia,2015,EN.GHG.CO2.PC.CE.AR5,6.92739774687175,t CO2e per capita,World Bank,2026-10-09
SVN,Slovenia,2016,EN.GHG.CO2.PC.CE.AR5,7.27283028626052,t CO2e per capita,World Bank,2026-10-09
SVN,Slovenia,2017,EN.GHG.CO2.PC.CE.AR5,7.42566255708028,t CO2e per capita,World Bank,2026-10-09
SVN,Slovenia,2018,EN.GHG.CO2.PC.CE.AR5,7.44975394113682,t CO2e per capita,World Bank,2026-10-09
SVN,Slovenia,2019,EN.GHG.CO2.PC.CE.AR5,7.0993135844205,t CO2e per capita,World Bank,2026-10-09
SVN,Slovenia,2020,EN.GHG.CO2.PC.CE.AR5,6.44048593548669,t CO2e per capita,World Bank,2026-10-09
SVN,Slovenia,2021,EN.GHG.CO2.PC.CE.AR5,6.57475360268757,t CO2e per capita,World Bank,2026-10-09
SVN,Slovenia,2022,EN.GHG.CO2.PC.CE.AR5,6.3394025593776,t CO2e per capita,World Bank,2026-10-09
SVN,Slovenia,2023,EN.GHG.CO2.PC.CE.AR5,5.95087577654104,t CO2e per capita,World Bank,2026-10-09
SVN,Slovenia,2024,EN.GHG.CO2.PC.CE.AR5,6.26652251574692,t CO2e per capita,World Bank,2026-10-09
SWE,Sweden,2010,EN.GHG.CO2.PC.CE.AR5,5.63902638970728,t CO2e per capita,World Bank,2026-10-09
SWE,Sweden,2011,EN.GHG.CO2.PC.CE.AR5,5.12869166987769,t CO2e per capita,World Bank,2026-10-09
SWE,Sweden,2012,EN.GHG.CO2.PC.CE.AR5,4.80375075083719,t CO2e per capita,World Bank,2026-10-09
SWE,Sweden,2013,EN.GHG.CO2.PC.CE.AR5,4.579871273832,t CO2e per capita,World Bank,2026-10-09
SWE,Sweden,2014,EN.GHG.CO2.PC.CE.AR5,4.41199615103377,t CO2e per capita,World Bank,2026-10-09
SWE,Sweden,2015,EN.GHG.CO2.PC.CE.AR5,4.37800649972355,t CO2e per capita,World Bank,2026-10-09
SWE,Sweden,2016,EN.GHG.CO2.PC.CE.AR5,4.2819344992006,t CO2e per capita,World Bank,2026-10-09
SWE,Sweden,2017,EN.GHG.CO2.PC.CE.AR5,4.15961982553065,t CO2e per capita,World Bank,2026-10-09
SWE,Sweden,2018,EN.GHG.CO2.PC.CE.AR5,3.89655686848453,t CO2e per capita,World Bank,2026-10-09
SWE,Sweden,2019,EN.GHG.CO2.PC.CE.AR5,3.8423518032643,t CO2e per capita,World Bank,2026-10-09
SWE,Sweden,2020,EN.GHG.CO2.PC.CE.AR5,3.67402454179006,t CO2e per capita,World Bank,2026-10-09
SWE,Sweden,2021,EN.GHG.CO2.PC.CE.AR5,3.88625523254982,t CO2e per capita,World Bank,2026-10-09
SWE,Sweden,2022,EN.GHG.CO2.PC.CE.AR5,3.59996303974629,t CO2e per capita,World Bank,2026-10-09
SWE,Sweden,2023,EN.GHG.CO2.PC.CE.AR5,3.4800778844701,t CO2e per capita,World Bank,2026-10-09
SWE,Sweden,2024,EN.GHG.CO2.PC.CE.AR5,3.57381645984766,t CO2e per capita,World Bank,2026-10-09
ALB,Albania,2010,FP.CPI.TOTL.ZG,3.62710091517479,annual %,World Bank,2026-10-09
ALB,Albania,2011,FP.CPI.TOTL.ZG,3.42807130141501,annual %,World Bank,2026-10-09
ALB,Albania,2012,FP.CPI.TOTL.ZG,2.03159268395296,annual %,World Bank,2026-10-09
ALB,Albania,2013,FP.CPI.TOTL.ZG,1.93762080205223,annual %,World Bank,2026-10-09
ALB,Albania,2014,FP.CPI.TOTL.ZG,1.62586504402613,annual %,World Bank,2026-10-09
ALB,Albania,2015,FP.CPI.TOTL.ZG,1.89617402592356,annual %,World Bank,2026-10-09
ALB,Albania,2016,FP.CPI.TOTL.ZG,1.27543168367423,annual %,World Bank,2026-10-09
ALB,Albania,2017,FP.CPI.TOTL.ZG,1.98666133171194,annual %,World Bank,2026-10-09
ALB,Albania,2018,FP.CPI.TOTL.ZG,2.02805963071134,annual %,World Bank,2026-10-09
ALB,Albania,2019,FP.CPI.TOTL.ZG,1.41109078954242,annual %,World Bank,2026-10-09
ALB,Albania,2020,FP.CPI.TOTL.ZG,1.6208866171702,annual %,World Bank,2026-10-09
ALB,Albania,2021,FP.CPI.TOTL.ZG,2.04147163139544,annual %,World Bank,2026-10-09
ALB,Albania,2022,FP.CPI.TOTL.ZG,6.72520271530059,annual %,World Bank,2026-10-09
ALB,Albania,2023,FP.CPI.TOTL.ZG,4.75834555150038,annual %,World Bank,2026-10-09
ALB,Albania,2024,FP.CPI.TOTL.ZG,2.21587375089991,annual %,World Bank,2026-10-09
ALB,Albania,2025,FP.CPI.TOTL.ZG,2.14618551167387,annual %,World Bank,2026-10-09
AUT,Austria,2010,FP.CPI.TOTL.ZG,1.81353438995061,annual %,World Bank,2026-10-09
AUT,Austria,2011,FP.CPI.TOTL.ZG,3.2865791487538,annual %,World Bank,2026-10-09
AUT,Austria,2012,FP.CPI.TOTL.ZG,2.48567562177014,annual %,World Bank,2026-10-09
AUT,Austria,2013,FP.CPI.TOTL.ZG,2.00015616900597,annual %,World Bank,2026-10-09
AUT,Austria,2014,FP.CPI.TOTL.ZG,1.60581182954473,annual %,World Bank,2026-10-09
AUT,Austria,2015,FP.CPI.TOTL.ZG,0.896563335260319,annual %,World Bank,2026-10-09
AUT,Austria,2016,FP.CPI.TOTL.ZG,0.891591752655362,annual %,World Bank,2026-10-09
AUT,Austria,2017,FP.CPI.TOTL.ZG,2.08126911385586,annual %,World Bank,2026-10-09
AUT,Austria,2018,FP.CPI.TOTL.ZG,1.99837981429548,annual %,World Bank,2026-10-09
AUT,Austria,2019,FP.CPI.TOTL.ZG,1.53089564152643,annual %,World Bank,2026-10-09
AUT,Austria,2020,FP.CPI.TOTL.ZG,1.38191063351853,annual %,World Bank,2026-10-09
AUT,Austria,2021,FP.CPI.TOTL.ZG,2.7666666666667,annual %,World Bank,2026-10-09
AUT,Austria,2022,FP.CPI.TOTL.ZG,8.54686993188457,annual %,World Bank,2026-10-09
AUT,Austria,2023,FP.CPI.TOTL.ZG,7.81413417002831,annual %,World Bank,2026-10-09
AUT,Austria,2024,FP.CPI.TOTL.ZG,2.93791574279375,annual %,World Bank,2026-10-09
AUT,Austria,2025,FP.CPI.TOTL.ZG,3.52719439956928,annual %,World Bank,2026-10-09
BEL,Belgium,2010,FP.CPI.TOTL.ZG,2.18950032253256,annual %,World Bank,2026-10-09
BEL,Belgium,2011,FP.CPI.TOTL.ZG,3.5325394224116,annual %,World Bank,2026-10-09
BEL,Belgium,2012,FP.CPI.TOTL.ZG,2.83865067360794,annual %,World Bank,2026-10-09
BEL,Belgium,2013,FP.CPI.TOTL.ZG,1.11278332649242,annual %,World Bank,2026-10-09
BEL,Belgium,2014,FP.CPI.TOTL.ZG,0.349555725948367,annual %,World Bank,2026-10-09
BEL,Belgium,2015,FP.CPI.TOTL.ZG,0.561835629368236,annual %,World Bank,2026-10-09
BEL,Belgium,2016,FP.CPI.TOTL.ZG,1.97443404027092,annual %,World Bank,2026-10-09
BEL,Belgium,2017,FP.CPI.TOTL.ZG,2.1246753815978,annual %,World Bank,2026-10-09
BEL,Belgium,2018,FP.CPI.TOTL.ZG,2.05257510729613,annual %,World Bank,2026-10-09
BEL,Belgium,2019,FP.CPI.TOTL.ZG,1.43828919285485,annual %,World Bank,2026-10-09
BEL,Belgium,2020,FP.CPI.TOTL.ZG,0.736932660316535,annual %,World Bank,2026-10-09
BEL,Belgium,2021,FP.CPI.TOTL.ZG,2.4425878673141,annual %,World Bank,2026-10-09
BEL,Belgium,2022,FP.CPI.TOTL.ZG,9.59765381756827,annual %,World Bank,2026-10-09
BEL,Belgium,2023,FP.CPI.TOTL.ZG,4.04867945968735,annual %,World Bank,2026-10-09
BEL,Belgium,2024,FP.CPI.TOTL.ZG,3.14426633785448,annual %,World Bank,2026-10-09
BEL,Belgium,2025,FP.CPI.TOTL.ZG,2.46605755272817,annual %,World Bank,2026-10-09
BGR,Bulgaria,2010,FP.CPI.TOTL.ZG,2.43899060504117,annual %,World Bank,2026-10-09
BGR,Bulgaria,2011,FP.CPI.TOTL.ZG,4.21990346601872,annual %,World Bank,2026-10-09
BGR,Bulgaria,2012,FP.CPI.TOTL.ZG,2.95456829831012,annual %,World Bank,2026-10-09
BGR,Bulgaria,2013,FP.CPI.TOTL.ZG,0.890093540913096,annual %,World Bank,2026-10-09
BGR,Bulgaria,2014,FP.CPI.TOTL.ZG,-1.41818380264839,annual %,World Bank,2026-10-09
BGR,Bulgaria,2015,FP.CPI.TOTL.ZG,-0.104633261008479,annual %,World Bank,2026-10-09
BGR,Bulgaria,2016,FP.CPI.TOTL.ZG,-0.798649886453617,annual %,World Bank,2026-10-09
BGR,Bulgaria,2017,FP.CPI.TOTL.ZG,2.06159619443141,annual %,World Bank,2026-10-09
BGR,Bulgaria,2018,FP.CPI.TOTL.ZG,2.81454473824838,annual %,World Bank,2026-10-09
BGR,Bulgaria,2019,FP.CPI.TOTL.ZG,3.10372944796771,annual %,World Bank,2026-10-09
BGR,Bulgaria,2020,FP.CPI.TOTL.ZG,1.67244096855756,annual %,World Bank,2026-10-09
BGR,Bulgaria,2021,FP.CPI.TOTL.ZG,3.29774435299506,annual %,World Bank,2026-10-09
BGR,Bulgaria,2022,FP.CPI.TOTL.ZG,15.3252589264367,annual %,World Bank,2026-10-09
BGR,Bulgaria,2023,FP.CPI.TOTL.ZG,9.44284140088564,annual %,World Bank,2026-10-09
BGR,Bulgaria,2024,FP.CPI.TOTL.ZG,2.44651943006078,annual %,World Bank,2026-10-09
BGR,Bulgaria,2025,FP.CPI.TOTL.ZG,4.58084355235697,annual %,World Bank,2026-10-09
BIH,Bosnia and Herzegovina,2010,FP.CPI.TOTL.ZG,1.99621236745884,annual %,World Bank,2026-10-09
BIH,Bosnia and Herzegovina,2011,FP.CPI.TOTL.ZG,3.6712499999999,annual %,World Bank,2026-10-09
BIH,Bosnia and Herzegovina,2012,FP.CPI.TOTL.ZG,2.05267452001707,annual %,World Bank,2026-10-09
BIH,Bosnia and Herzegovina,2013,FP.CPI.TOTL.ZG,-0.093045683832137,annual %,World Bank,2026-10-09
BIH,Bosnia and Herzegovina,2014,FP.CPI.TOTL.ZG,-0.897194054194149,annual %,World Bank,2026-10-09
BIH,Bosnia and Herzegovina,2015,FP.CPI.TOTL.ZG,-1.03602303425427,annual %,World Bank,2026-10-09
BIH,Bosnia and Herzegovina,2016,FP.CPI.TOTL.ZG,-1.58410000000001,annual %,World Bank,2026-10-09
BIH,Bosnia and Herzegovina,2017,FP.CPI.TOTL.ZG,0.810133321953037,annual %,World Bank,2026-10-09
BIH,Bosnia and Herzegovina,2018,FP.CPI.TOTL.ZG,1.41710814018033,annual %,World Bank,2026-10-09
BIH,Bosnia and Herzegovina,2019,FP.CPI.TOTL.ZG,0.562782154061229,annual %,World Bank,2026-10-09
BIH,Bosnia and Herzegovina,2020,FP.CPI.TOTL.ZG,-1.05129600763489,annual %,World Bank,2026-10-09
BIH,Bosnia and Herzegovina,2021,FP.CPI.TOTL.ZG,1.98163900587621,annual %,World Bank,2026-10-09
BIH,Bosnia and Herzegovina,2022,FP.CPI.TOTL.ZG,14.020844082677,annual %,World Bank,2026-10-09
BIH,Bosnia and Herzegovina,2023,FP.CPI.TOTL.ZG,6.10590112848287,annual %,World Bank,2026-10-09
BIH,Bosnia and Herzegovina,2024,FP.CPI.TOTL.ZG,1.69212733599715,annual %,World Bank,2026-10-09
BIH,Bosnia and Herzegovina,2025,FP.CPI.TOTL.ZG,3.97821271880433,annual %,World Bank,2026-10-09
CYP,Cyprus,2010,FP.CPI.TOTL.ZG,2.4300408410225,annual %,World Bank,2026-10-09
CYP,Cyprus,2011,FP.CPI.TOTL.ZG,3.2894493956421,annual %,World Bank,2026-10-09
CYP,Cyprus,2012,FP.CPI.TOTL.ZG,2.38905410042326,annual %,World Bank,2026-10-09
CYP,Cyprus,2013,FP.CPI.TOTL.ZG,-0.399357676464425,annual %,World Bank,2026-10-09
CYP,Cyprus,2014,FP.CPI.TOTL.ZG,-1.35498885446314,annual %,World Bank,2026-10-09
CYP,Cyprus,2015,FP.CPI.TOTL.ZG,-2.09699769053119,annual %,World Bank,2026-10-09
CYP,Cyprus,2016,FP.CPI.TOTL.ZG,-1.42916666666665,annual %,World Bank,2026-10-09
CYP,Cyprus,2017,FP.CPI.TOTL.ZG,0.531766496174467,annual %,World Bank,2026-10-09
CYP,Cyprus,2018,FP.CPI.TOTL.ZG,1.43549119531759,annual %,World Bank,2026-10-09
CYP,Cyprus,2019,FP.CPI.TOTL.ZG,0.250370996758493,annual %,World Bank,2026-10-09
CYP,Cyprus,2020,FP.CPI.TOTL.ZG,-0.638422797978861,annual %,World Bank,2026-10-09
CYP,Cyprus,2021,FP.CPI.TOTL.ZG,2.44608867175473,annual %,World Bank,2026-10-09
CYP,Cyprus,2022,FP.CPI.TOTL.ZG,8.39548297993333,annual %,World Bank,2026-10-09
CYP,Cyprus,2023,FP.CPI.TOTL.ZG,3.54134188751645,annual %,World Bank,2026-10-09
CYP,Cyprus,2024,FP.CPI.TOTL.ZG,1.80023018624823,annual %,World Bank,2026-10-09
CYP,Cyprus,2025,FP.CPI.TOTL.ZG,0.126528851920188,annual %,World Bank,2026-10-09
CZE,Czechia,2010,FP.CPI.TOTL.ZG,1.47272727272728,annual %,World Bank,2026-10-09
CZE,Czechia,2011,FP.CPI.TOTL.ZG,1.9172191363555,annual %,World Bank,2026-10-09
CZE,Czechia,2012,FP.CPI.TOTL.ZG,3.28762306610411,annual %,World Bank,2026-10-09
CZE,Czechia,2013,FP.CPI.TOTL.ZG,1.4382978723404,annual %,World Bank,2026-10-09
CZE,Czechia,2014,FP.CPI.TOTL.ZG,0.343988589646793,annual %,World Bank,2026-10-09
CZE,Czechia,2015,FP.CPI.TOTL.ZG,0.309364548494975,annual %,World Bank,2026-10-09
CZE,Czechia,2016,FP.CPI.TOTL.ZG,0.683504209385702,annual %,World Bank,2026-10-09
CZE,Czechia,2017,FP.CPI.TOTL.ZG,2.4505339846014,annual %,World Bank,2026-10-09
CZE,Czechia,2018,FP.CPI.TOTL.ZG,2.14949494949492,annual %,World Bank,2026-10-09
CZE,Czechia,2019,FP.CPI.TOTL.ZG,2.84787595918041,annual %,World Bank,2026-10-09
CZE,Czechia,2020,FP.CPI.TOTL.ZG,3.1612952849781,annual %,World Bank,2026-10-09
CZE,Czechia,2021,FP.CPI.TOTL.ZG,3.83984491500146,annual %,World Bank,2026-10-09
CZE,Czechia,2022,FP.CPI.TOTL.ZG,15.100165146837,annual %,World Bank,2026-10-09
CZE,Czechia,2023,FP.CPI.TOTL.ZG,10.6612601372427,annual %,World Bank,2026-10-09
CZE,Czechia,2024,FP.CPI.TOTL.ZG,2.43531202435314,annual %,World Bank,2026-10-09
CZE,Czechia,2025,FP.CPI.TOTL.ZG,2.45996367838864,annual %,World Bank,2026-10-09
DEU,Germany,2010,FP.CPI.TOTL.ZG,1.1038103778926,annual %,World Bank,2026-10-09
DEU,Germany,2011,FP.CPI.TOTL.ZG,2.07517283735874,annual %,World Bank,2026-10-09
DEU,Germany,2012,FP.CPI.TOTL.ZG,2.00848884782956,annual %,World Bank,2026-10-09
DEU,Germany,2013,FP.CPI.TOTL.ZG,1.50472330251876,annual %,World Bank,2026-10-09
DEU,Germany,2014,FP.CPI.TOTL.ZG,0.906794000434245,annual %,World Bank,2026-10-09
DEU,Germany,2015,FP.CPI.TOTL.ZG,0.514426137125456,annual %,World Bank,2026-10-09
DEU,Germany,2016,FP.CPI.TOTL.ZG,0.491747008445174,annual %,World Bank,2026-10-09
DEU,Germany,2017,FP.CPI.TOTL.ZG,1.50949485109628,annual %,World Bank,2026-10-09
DEU,Germany,2018,FP.CPI.TOTL.ZG,1.73216879766941,annual %,World Bank,2026-10-09
DEU,Germany,2019,FP.CPI.TOTL.ZG,1.44565976888253,annual %,World Bank,2026-10-09
DEU,Germany,2020,FP.CPI.TOTL.ZG,0.144877925813981,annual %,World Bank,2026-10-09
DEU,Germany,2021,FP.CPI.TOTL.ZG,3.06666666666673,annual %,World Bank,2026-10-09
DEU,Germany,2022,FP.CPI.TOTL.ZG,6.87257438551096,annual %,World Bank,2026-10-09
DEU,Germany,2023,FP.CPI.TOTL.ZG,5.94643667725823,annual %,World Bank,2026-10-09
DEU,Germany,2024,FP.CPI.TOTL.ZG,2.2564981433876,annual %,World Bank,2026-10-09
DEU,Germany,2025,FP.CPI.TOTL.ZG,2.17178770949721,annual %,World Bank,2026-10-09
DNK,Denmark,2010,FP.CPI.TOTL.ZG,2.30429013710748,annual %,World Bank,2026-10-09
DNK,Denmark,2011,FP.CPI.TOTL.ZG,2.75063767238771,annual %,World Bank,2026-10-09
DNK,Denmark,2012,FP.CPI.TOTL.ZG,2.41508798872394,annual %,World Bank,2026-10-09
DNK,Denmark,2013,FP.CPI.TOTL.ZG,0.777486776562432,annual %,World Bank,2026-10-09
DNK,Denmark,2014,FP.CPI.TOTL.ZG,0.55441185462997,annual %,World Bank,2026-10-09
DNK,Denmark,2015,FP.CPI.TOTL.ZG,0.465205845985444,annual %,World Bank,2026-10-09
DNK,Denmark,2016,FP.CPI.TOTL.ZG,0.257250945775504,annual %,World Bank,2026-10-09
DNK,Denmark,2017,FP.CPI.TOTL.ZG,1.13704970819079,annual %,World Bank,2026-10-09
DNK,Denmark,2018,FP.CPI.TOTL.ZG,0.824793552880295,annual %,World Bank,2026-10-09
DNK,Denmark,2019,FP.CPI.TOTL.ZG,0.740090192324771,annual %,World Bank,2026-10-09
DNK,Denmark,2020,FP.CPI.TOTL.ZG,0.423160183761248,annual %,World Bank,2026-10-09
DNK,Denmark,2021,FP.CPI.TOTL.ZG,1.83962310160841,annual %,World Bank,2026-10-09
DNK,Denmark,2022,FP.CPI.TOTL.ZG,7.70063309931329,annual %,World Bank,2026-10-09
DNK,Denmark,2023,FP.CPI.TOTL.ZG,3.31178243972716,annual %,World Bank,2026-10-09
DNK,Denmark,2024,FP.CPI.TOTL.ZG,1.37986244415555,annual %,World Bank,2026-10-09
DNK,Denmark,2025,FP.CPI.TOTL.ZG,1.8900606245861,annual %,World Bank,2026-10-09
ESP,Spain,2010,FP.CPI.TOTL.ZG,1.79982772602942,annual %,World Bank,2026-10-09
ESP,Spain,2011,FP.CPI.TOTL.ZG,3.19609425018081,annual %,World Bank,2026-10-09
ESP,Spain,2012,FP.CPI.TOTL.ZG,2.44595735030202,annual %,World Bank,2026-10-09
ESP,Spain,2013,FP.CPI.TOTL.ZG,1.40871603132886,annual %,World Bank,2026-10-09
ESP,Spain,2014,FP.CPI.TOTL.ZG,-0.150921217655048,annual %,World Bank,2026-10-09
ESP,Spain,2015,FP.CPI.TOTL.ZG,-0.500327420149904,annual %,World Bank,2026-10-09
ESP,Spain,2016,FP.CPI.TOTL.ZG,-0.202721903367454,annual %,World Bank,2026-10-09
ESP,Spain,2017,FP.CPI.TOTL.ZG,1.95575728963107,annual %,World Bank,2026-10-09
ESP,Spain,2018,FP.CPI.TOTL.ZG,1.67539821465287,annual %,World Bank,2026-10-09
ESP,Spain,2019,FP.CPI.TOTL.ZG,0.699267137814226,annual %,World Bank,2026-10-09
ESP,Spain,2020,FP.CPI.TOTL.ZG,-0.322564616861942,annual %,World Bank,2026-10-09
ESP,Spain,2021,FP.CPI.TOTL.ZG,3.09304989531805,annual %,World Bank,2026-10-09
ESP,Spain,2022,FP.CPI.TOTL.ZG,8.39041940748896,annual %,World Bank,2026-10-09
ESP,Spain,2023,FP.CPI.TOTL.ZG,3.53247287667898,annual %,World Bank,2026-10-09
ESP,Spain,2024,FP.CPI.TOTL.ZG,2.77406987275873,annual %,World Bank,2026-10-09
ESP,Spain,2025,FP.CPI.TOTL.ZG,2.67326741144651,annual %,World Bank,2026-10-09
EST,Estonia,2010,FP.CPI.TOTL.ZG,2.97731881907779,annual %,World Bank,2026-10-09
EST,Estonia,2011,FP.CPI.TOTL.ZG,4.9763290500186,annual %,World Bank,2026-10-09
EST,Estonia,2012,FP.CPI.TOTL.ZG,3.93547672886573,annual %,World Bank,2026-10-09
EST,Estonia,2013,FP.CPI.TOTL.ZG,2.78805297257004,annual %,World Bank,2026-10-09
EST,Estonia,2014,FP.CPI.TOTL.ZG,-0.110671520472092,annual %,World Bank,2026-10-09
EST,Estonia,2015,FP.CPI.TOTL.ZG,-0.490368222574699,annual %,World Bank,2026-10-09
EST,Estonia,2016,FP.CPI.TOTL.ZG,0.148809523809514,annual %,World Bank,2026-10-09
EST,Estonia,2017,FP.CPI.TOTL.ZG,3.41458982047815,annual %,World Bank,2026-10-09
EST,Estonia,2018,FP.CPI.TOTL.ZG,3.43257432967867,annual %,World Bank,2026-10-09
EST,Estonia,2019,FP.CPI.TOTL.ZG,2.28787209229983,annual %,World Bank,2026-10-09
EST,Estonia,2020,FP.CPI.TOTL.ZG,-0.447581601077956,annual %,World Bank,2026-10-09
EST,Estonia,2021,FP.CPI.TOTL.ZG,4.64974641556665,annual %,World Bank,2026-10-09
EST,Estonia,2022,FP.CPI.TOTL.ZG,19.4014768461511,annual %,World Bank,2026-10-09
EST,Estonia,2023,FP.CPI.TOTL.ZG,9.15293232611363,annual %,World Bank,2026-10-09
EST,Estonia,2024,FP.CPI.TOTL.ZG,3.52246471160196,annual %,World Bank,2026-10-09
EST,Estonia,2025,FP.CPI.TOTL.ZG,4.82894582449954,annual %,World Bank,2026-10-09
EUU,European Union (aggregate),2010,FP.CPI.TOTL.ZG,1.5331755858805,annual %,World Bank,2026-10-09
EUU,European Union (aggregate),2011,FP.CPI.TOTL.ZG,3.2894493956421,annual %,World Bank,2026-10-09
EUU,European Union (aggregate),2012,FP.CPI.TOTL.ZG,2.66284165508011,annual %,World Bank,2026-10-09
EUU,European Union (aggregate),2013,FP.CPI.TOTL.ZG,1.21999478919838,annual %,World Bank,2026-10-09
EUU,European Union (aggregate),2014,FP.CPI.TOTL.ZG,0.1981012589714,annual %,World Bank,2026-10-09
EUU,European Union (aggregate),2015,FP.CPI.TOTL.ZG,-0.0616408802316966,annual %,World Bank,2026-10-09
EUU,European Union (aggregate),2016,FP.CPI.TOTL.ZG,0.184449775233288,annual %,World Bank,2026-10-09
EUU,European Union (aggregate),2017,FP.CPI.TOTL.ZG,1.42677069523826,annual %,World Bank,2026-10-09
EUU,European Union (aggregate),2018,FP.CPI.TOTL.ZG,1.73668027298334,annual %,World Bank,2026-10-09
EUU,European Union (aggregate),2019,FP.CPI.TOTL.ZG,1.63437236731259,annual %,World Bank,2026-10-09
EUU,European Union (aggregate),2020,FP.CPI.TOTL.ZG,0.477700847097022,annual %,World Bank,2026-10-09
EUU,European Union (aggregate),2021,FP.CPI.TOTL.ZG,2.5545069964204,annual %,World Bank,2026-10-09
EUU,European Union (aggregate),2022,FP.CPI.TOTL.ZG,8.83346218008716,annual %,World Bank,2026-10-09
EUU,European Union (aggregate),2023,FP.CPI.TOTL.ZG,6.29942487419124,annual %,World Bank,2026-10-09
EUU,European Union (aggregate),2024,FP.CPI.TOTL.ZG,2.43531202435314,annual %,World Bank,2026-10-09
EUU,European Union (aggregate),2025,FP.CPI.TOTL.ZG,2.46605755272817,annual %,World Bank,2026-10-09
FIN,Finland,2010,FP.CPI.TOTL.ZG,1.18413734049094,annual %,World Bank,2026-10-09
FIN,Finland,2011,FP.CPI.TOTL.ZG,3.4168070861099,annual %,World Bank,2026-10-09
FIN,Finland,2012,FP.CPI.TOTL.ZG,2.80833276899532,annual %,World Bank,2026-10-09
FIN,Finland,2013,FP.CPI.TOTL.ZG,1.47828883999966,annual %,World Bank,2026-10-09
FIN,Finland,2014,FP.CPI.TOTL.ZG,1.04120094211784,annual %,World Bank,2026-10-09
FIN,Finland,2015,FP.CPI.TOTL.ZG,-0.218846205108623,annual %,World Bank,2026-10-09
FIN,Finland,2016,FP.CPI.TOTL.ZG,0.36524354685248,annual %,World Bank,2026-10-09
FIN,Finland,2017,FP.CPI.TOTL.ZG,0.733944954128445,annual %,World Bank,2026-10-09
FIN,Finland,2018,FP.CPI.TOTL.ZG,1.09896782027926,annual %,World Bank,2026-10-09
FIN,Finland,2019,FP.CPI.TOTL.ZG,1.02596440654212,annual %,World Bank,2026-10-09
FIN,Finland,2020,FP.CPI.TOTL.ZG,0.290297331840518,annual %,World Bank,2026-10-09
FIN,Finland,2021,FP.CPI.TOTL.ZG,2.20204694538849,annual %,World Bank,2026-10-09
FIN,Finland,2022,FP.CPI.TOTL.ZG,7.11434177839211,annual %,World Bank,2026-10-09
FIN,Finland,2023,FP.CPI.TOTL.ZG,6.25107162517039,annual %,World Bank,2026-10-09
FIN,Finland,2024,FP.CPI.TOTL.ZG,1.57635467980291,annual %,World Bank,2026-10-09
FIN,Finland,2025,FP.CPI.TOTL.ZG,0.332787049734142,annual %,World Bank,2026-10-09
FRA,France,2010,FP.CPI.TOTL.ZG,1.5331755858805,annual %,World Bank,2026-10-09
FRA,France,2011,FP.CPI.TOTL.ZG,2.1080747456689,annual %,World Bank,2026-10-09
FRA,France,2012,FP.CPI.TOTL.ZG,1.95512386272455,annual %,World Bank,2026-10-09
FRA,France,2013,FP.CPI.TOTL.ZG,0.862729865377273,annual %,World Bank,2026-10-09
FRA,France,2014,FP.CPI.TOTL.ZG,0.50773767900035,annual %,World Bank,2026-10-09
FRA,France,2015,FP.CPI.TOTL.ZG,0.0403331518341644,annual %,World Bank,2026-10-09
FRA,France,2016,FP.CPI.TOTL.ZG,0.184449775233288,annual %,World Bank,2026-10-09
FRA,France,2017,FP.CPI.TOTL.ZG,1.02920611286052,annual %,World Bank,2026-10-09
FRA,France,2018,FP.CPI.TOTL.ZG,1.85222067317272,annual %,World Bank,2026-10-09
FRA,France,2019,FP.CPI.TOTL.ZG,1.1067657411029,annual %,World Bank,2026-10-09
FRA,France,2020,FP.CPI.TOTL.ZG,0.477700847097022,annual %,World Bank,2026-10-09
FRA,France,2021,FP.CPI.TOTL.ZG,1.64090620368408,annual %,World Bank,2026-10-09
FRA,France,2022,FP.CPI.TOTL.ZG,5.22294079215231,annual %,World Bank,2026-10-09
FRA,France,2023,FP.CPI.TOTL.ZG,4.88000215969119,annual %,World Bank,2026-10-09
FRA,France,2024,FP.CPI.TOTL.ZG,1.99742599742599,annual %,World Bank,2026-10-09
FRA,France,2025,FP.CPI.TOTL.ZG,0.943824761520197,annual %,World Bank,2026-10-09
GRC,Greece,2010,FP.CPI.TOTL.ZG,4.71298907760388,annual %,World Bank,2026-10-09
GRC,Greece,2011,FP.CPI.TOTL.ZG,3.3298532335065,annual %,World Bank,2026-10-09
GRC,Greece,2012,FP.CPI.TOTL.ZG,1.50152696177757,annual %,World Bank,2026-10-09
GRC,Greece,2013,FP.CPI.TOTL.ZG,-0.921269454256993,annual %,World Bank,2026-10-09
GRC,Greece,2014,FP.CPI.TOTL.ZG,-1.31257583692997,annual %,World Bank,2026-10-09
GRC,Greece,2015,FP.CPI.TOTL.ZG,-1.72561164771509,annual %,World Bank,2026-10-09
GRC,Greece,2016,FP.CPI.TOTL.ZG,-0.837681877998503,annual %,World Bank,2026-10-09
GRC,Greece,2017,FP.CPI.TOTL.ZG,1.12096202512904,annual %,World Bank,2026-10-09
GRC,Greece,2018,FP.CPI.TOTL.ZG,0.625108501423381,annual %,World Bank,2026-10-09
GRC,Greece,2019,FP.CPI.TOTL.ZG,0.255275185263553,annual %,World Bank,2026-10-09
GRC,Greece,2020,FP.CPI.TOTL.ZG,-1.24746757345197,annual %,World Bank,2026-10-09
GRC,Greece,2021,FP.CPI.TOTL.ZG,1.22394673806362,annual %,World Bank,2026-10-09
GRC,Greece,2022,FP.CPI.TOTL.ZG,9.64486176520366,annual %,World Bank,2026-10-09
GRC,Greece,2023,FP.CPI.TOTL.ZG,3.46456960141384,annual %,World Bank,2026-10-09
GRC,Greece,2024,FP.CPI.TOTL.ZG,2.74197509290368,annual %,World Bank,2026-10-09
GRC,Greece,2025,FP.CPI.TOTL.ZG,2.48162694360829,annual %,World Bank,2026-10-09
HRV,Croatia,2010,FP.CPI.TOTL.ZG,1.03055505333575,annual %,World Bank,2026-10-09
HRV,Croatia,2011,FP.CPI.TOTL.ZG,2.27272727272722,annual %,World Bank,2026-10-09
HRV,Croatia,2012,FP.CPI.TOTL.ZG,3.41207349081368,annual %,World Bank,2026-10-09
HRV,Croatia,2013,FP.CPI.TOTL.ZG,2.21658206429778,annual %,World Bank,2026-10-09
HRV,Croatia,2014,FP.CPI.TOTL.ZG,-0.215196159576175,annual %,World Bank,2026-10-09
HRV,Croatia,2015,FP.CPI.TOTL.ZG,-0.464499004645002,annual %,World Bank,2026-10-09
HRV,Croatia,2016,FP.CPI.TOTL.ZG,-1.12500000000002,annual %,World Bank,2026-10-09
HRV,Croatia,2017,FP.CPI.TOTL.ZG,1.12937210282346,annual %,World Bank,2026-10-09
HRV,Croatia,2018,FP.CPI.TOTL.ZG,1.50012501041747,annual %,World Bank,2026-10-09
HRV,Croatia,2019,FP.CPI.TOTL.ZG,0.771820346498111,annual %,World Bank,2026-10-09
HRV,Croatia,2020,FP.CPI.TOTL.ZG,0.154811374562106,annual %,World Bank,2026-10-09
HRV,Croatia,2021,FP.CPI.TOTL.ZG,2.5545069964204,annual %,World Bank,2026-10-09
HRV,Croatia,2022,FP.CPI.TOTL.ZG,10.7805806758686,annual %,World Bank,2026-10-09
HRV,Croatia,2023,FP.CPI.TOTL.ZG,7.94128177586822,annual %,World Bank,2026-10-09
HRV,Croatia,2024,FP.CPI.TOTL.ZG,2.97200477643625,annual %,World Bank,2026-10-09
HRV,Croatia,2025,FP.CPI.TOTL.ZG,3.69153459605728,annual %,World Bank,2026-10-09
HUN,Hungary,2010,FP.CPI.TOTL.ZG,4.8771702326921,annual %,World Bank,2026-10-09
HUN,Hungary,2011,FP.CPI.TOTL.ZG,3.908503915373,annual %,World Bank,2026-10-09
HUN,Hungary,2012,FP.CPI.TOTL.ZG,5.66536656309913,annual %,World Bank,2026-10-09
HUN,Hungary,2013,FP.CPI.TOTL.ZG,1.72672672672673,annual %,World Bank,2026-10-09
HUN,Hungary,2014,FP.CPI.TOTL.ZG,-0.227552275522772,annual %,World Bank,2026-10-09
HUN,Hungary,2015,FP.CPI.TOTL.ZG,-0.0616408802316966,annual %,World Bank,2026-10-09
HUN,Hungary,2016,FP.CPI.TOTL.ZG,0.388577067784991,annual %,World Bank,2026-10-09
HUN,Hungary,2017,FP.CPI.TOTL.ZG,2.34701400835596,annual %,World Bank,2026-10-09
HUN,Hungary,2018,FP.CPI.TOTL.ZG,2.85148277104088,annual %,World Bank,2026-10-09
HUN,Hungary,2019,FP.CPI.TOTL.ZG,3.33858635382016,annual %,World Bank,2026-10-09
HUN,Hungary,2020,FP.CPI.TOTL.ZG,3.32674385766727,annual %,World Bank,2026-10-09
HUN,Hungary,2021,FP.CPI.TOTL.ZG,5.11096534382864,annual %,World Bank,2026-10-09
HUN,Hungary,2022,FP.CPI.TOTL.ZG,14.6081439492433,annual %,World Bank,2026-10-09
HUN,Hungary,2023,FP.CPI.TOTL.ZG,17.1249659678736,annual %,World Bank,2026-10-09
HUN,Hungary,2024,FP.CPI.TOTL.ZG,3.70370370370363,annual %,World Bank,2026-10-09
HUN,Hungary,2025,FP.CPI.TOTL.ZG,4.41198445905566,annual %,World Bank,2026-10-09
IRL,Ireland,2010,FP.CPI.TOTL.ZG,-0.918388645376773,annual %,World Bank,2026-10-09
IRL,Ireland,2011,FP.CPI.TOTL.ZG,2.5489783020855,annual %,World Bank,2026-10-09
IRL,Ireland,2012,FP.CPI.TOTL.ZG,1.69474116680366,annual %,World Bank,2026-10-09
IRL,Ireland,2013,FP.CPI.TOTL.ZG,0.515099484900573,annual %,World Bank,2026-10-09
IRL,Ireland,2014,FP.CPI.TOTL.ZG,0.190916398713744,annual %,World Bank,2026-10-09
IRL,Ireland,2015,FP.CPI.TOTL.ZG,-0.330959783371787,annual %,World Bank,2026-10-09
IRL,Ireland,2016,FP.CPI.TOTL.ZG,0.0201247735963236,annual %,World Bank,2026-10-09
IRL,Ireland,2017,FP.CPI.TOTL.ZG,0.362173038229377,annual %,World Bank,2026-10-09
IRL,Ireland,2018,FP.CPI.TOTL.ZG,0.471130713712915,annual %,World Bank,2026-10-09
IRL,Ireland,2019,FP.CPI.TOTL.ZG,0.937842961189273,annual %,World Bank,2026-10-09
IRL,Ireland,2020,FP.CPI.TOTL.ZG,-0.326183651280032,annual %,World Bank,2026-10-09
IRL,Ireland,2021,FP.CPI.TOTL.ZG,2.34034113447043,annual %,World Bank,2026-10-09
IRL,Ireland,2022,FP.CPI.TOTL.ZG,7.82945736434104,annual %,World Bank,2026-10-09
IRL,Ireland,2023,FP.CPI.TOTL.ZG,6.29942487419124,annual %,World Bank,2026-10-09
IRL,Ireland,2024,FP.CPI.TOTL.ZG,2.11344999577316,annual %,World Bank,2026-10-09
IRL,Ireland,2025,FP.CPI.TOTL.ZG,2.21044788475856,annual %,World Bank,2026-10-09
ITA,Italy,2010,FP.CPI.TOTL.ZG,1.52551524837656,annual %,World Bank,2026-10-09
ITA,Italy,2011,FP.CPI.TOTL.ZG,2.7805745844426,annual %,World Bank,2026-10-09
ITA,Italy,2012,FP.CPI.TOTL.ZG,3.04136112082258,annual %,World Bank,2026-10-09
ITA,Italy,2013,FP.CPI.TOTL.ZG,1.21999478919838,annual %,World Bank,2026-10-09
ITA,Italy,2014,FP.CPI.TOTL.ZG,0.241056627262265,annual %,World Bank,2026-10-09
ITA,Italy,2015,FP.CPI.TOTL.ZG,0.0387880546123783,annual %,World Bank,2026-10-09
ITA,Italy,2016,FP.CPI.TOTL.ZG,-0.0940663867932015,annual %,World Bank,2026-10-09
ITA,Italy,2017,FP.CPI.TOTL.ZG,1.22652881401135,annual %,World Bank,2026-10-09
ITA,Italy,2018,FP.CPI.TOTL.ZG,1.13748587578675,annual %,World Bank,2026-10-09
ITA,Italy,2019,FP.CPI.TOTL.ZG,0.611249440506398,annual %,World Bank,2026-10-09
ITA,Italy,2020,FP.CPI.TOTL.ZG,-0.137707259048216,annual %,World Bank,2026-10-09
ITA,Italy,2021,FP.CPI.TOTL.ZG,1.87378306224529,annual %,World Bank,2026-10-09
ITA,Italy,2022,FP.CPI.TOTL.ZG,8.20128981173605,annual %,World Bank,2026-10-09
ITA,Italy,2023,FP.CPI.TOTL.ZG,5.62219292216457,annual %,World Bank,2026-10-09
ITA,Italy,2024,FP.CPI.TOTL.ZG,0.982375111637719,annual %,World Bank,2026-10-09
ITA,Italy,2025,FP.CPI.TOTL.ZG,1.5316735709312,annual %,World Bank,2026-10-09
LTU,Lithuania,2010,FP.CPI.TOTL.ZG,1.31921135329693,annual %,World Bank,2026-10-09
LTU,Lithuania,2011,FP.CPI.TOTL.ZG,4.13028795542932,annual %,World Bank,2026-10-09
LTU,Lithuania,2012,FP.CPI.TOTL.ZG,3.0899881500594,annual %,World Bank,2026-10-09
LTU,Lithuania,2013,FP.CPI.TOTL.ZG,1.0474357007626,annual %,World Bank,2026-10-09
LTU,Lithuania,2014,FP.CPI.TOTL.ZG,0.103797269855511,annual %,World Bank,2026-10-09
LTU,Lithuania,2015,FP.CPI.TOTL.ZG,-0.884095480682298,annual %,World Bank,2026-10-09
LTU,Lithuania,2016,FP.CPI.TOTL.ZG,0.905505760893051,annual %,World Bank,2026-10-09
LTU,Lithuania,2017,FP.CPI.TOTL.ZG,3.72290534916912,annual %,World Bank,2026-10-09
LTU,Lithuania,2018,FP.CPI.TOTL.ZG,2.69793626194618,annual %,World Bank,2026-10-09
LTU,Lithuania,2019,FP.CPI.TOTL.ZG,2.33450641721588,annual %,World Bank,2026-10-09
LTU,Lithuania,2020,FP.CPI.TOTL.ZG,1.19988413415409,annual %,World Bank,2026-10-09
LTU,Lithuania,2021,FP.CPI.TOTL.ZG,4.68353816718102,annual %,World Bank,2026-10-09
LTU,Lithuania,2022,FP.CPI.TOTL.ZG,19.7050363314043,annual %,World Bank,2026-10-09
LTU,Lithuania,2023,FP.CPI.TOTL.ZG,9.11734190721293,annual %,World Bank,2026-10-09
LTU,Lithuania,2024,FP.CPI.TOTL.ZG,0.715728099283774,annual %,World Bank,2026-10-09
LTU,Lithuania,2025,FP.CPI.TOTL.ZG,3.79132375529774,annual %,World Bank,2026-10-09
LUX,Luxembourg,2010,FP.CPI.TOTL.ZG,2.27367911621542,annual %,World Bank,2026-10-09
LUX,Luxembourg,2011,FP.CPI.TOTL.ZG,3.4106834106835,annual %,World Bank,2026-10-09
LUX,Luxembourg,2012,FP.CPI.TOTL.ZG,2.66284165508011,annual %,World Bank,2026-10-09
LUX,Luxembourg,2013,FP.CPI.TOTL.ZG,1.73403963519162,annual %,World Bank,2026-10-09
LUX,Luxembourg,2014,FP.CPI.TOTL.ZG,0.628543985440716,annual %,World Bank,2026-10-09
LUX,Luxembourg,2015,FP.CPI.TOTL.ZG,0.47474316143787,annual %,World Bank,2026-10-09
LUX,Luxembourg,2016,FP.CPI.TOTL.ZG,0.290833333333225,annual %,World Bank,2026-10-09
LUX,Luxembourg,2017,FP.CPI.TOTL.ZG,1.73079959118896,annual %,World Bank,2026-10-09
LUX,Luxembourg,2018,FP.CPI.TOTL.ZG,1.5281952430737,annual %,World Bank,2026-10-09
LUX,Luxembourg,2019,FP.CPI.TOTL.ZG,1.74332075653848,annual %,World Bank,2026-10-09
LUX,Luxembourg,2020,FP.CPI.TOTL.ZG,0.819957302127035,annual %,World Bank,2026-10-09
LUX,Luxembourg,2021,FP.CPI.TOTL.ZG,2.52692009066166,annual %,World Bank,2026-10-09
LUX,Luxembourg,2022,FP.CPI.TOTL.ZG,6.33600807777918,annual %,World Bank,2026-10-09
LUX,Luxembourg,2023,FP.CPI.TOTL.ZG,3.74140361983135,annual %,World Bank,2026-10-09
LUX,Luxembourg,2024,FP.CPI.TOTL.ZG,2.05113269954859,annual %,World Bank,2026-10-09
LUX,Luxembourg,2025,FP.CPI.TOTL.ZG,2.25723817871725,annual %,World Bank,2026-10-09
LVA,Latvia,2010,FP.CPI.TOTL.ZG,-1.08463595015154,annual %,World Bank,2026-10-09
LVA,Latvia,2011,FP.CPI.TOTL.ZG,4.37073559939223,annual %,World Bank,2026-10-09
LVA,Latvia,2012,FP.CPI.TOTL.ZG,2.25778924374585,annual %,World Bank,2026-10-09
LVA,Latvia,2013,FP.CPI.TOTL.ZG,-0.0294547782578279,annual %,World Bank,2026-10-09
LVA,Latvia,2014,FP.CPI.TOTL.ZG,0.620490636732421,annual %,World Bank,2026-10-09
LVA,Latvia,2015,FP.CPI.TOTL.ZG,0.174242243625185,annual %,World Bank,2026-10-09
LVA,Latvia,2016,FP.CPI.TOTL.ZG,0.140633334505326,annual %,World Bank,2026-10-09
LVA,Latvia,2017,FP.CPI.TOTL.ZG,2.93036312374665,annual %,World Bank,2026-10-09
LVA,Latvia,2018,FP.CPI.TOTL.ZG,2.53445424186598,annual %,World Bank,2026-10-09
LVA,Latvia,2019,FP.CPI.TOTL.ZG,2.81140920075624,annual %,World Bank,2026-10-09
LVA,Latvia,2020,FP.CPI.TOTL.ZG,0.219064904841984,annual %,World Bank,2026-10-09
LVA,Latvia,2021,FP.CPI.TOTL.ZG,3.27582937431165,annual %,World Bank,2026-10-09
LVA,Latvia,2022,FP.CPI.TOTL.ZG,17.3102830198814,annual %,World Bank,2026-10-09
LVA,Latvia,2023,FP.CPI.TOTL.ZG,8.9380462331663,annual %,World Bank,2026-10-09
LVA,Latvia,2024,FP.CPI.TOTL.ZG,1.26579885828728,annual %,World Bank,2026-10-09
LVA,Latvia,2025,FP.CPI.TOTL.ZG,3.74577316751945,annual %,World Bank,2026-10-09
MKD,North Macedonia,2010,FP.CPI.TOTL.ZG,1.50997522027613,annual %,World Bank,2026-10-09
MKD,North Macedonia,2011,FP.CPI.TOTL.ZG,3.9047542206974,annual %,World Bank,2026-10-09
MKD,North Macedonia,2012,FP.CPI.TOTL.ZG,3.31605566687646,annual %,World Bank,2026-10-09
MKD,North Macedonia,2013,FP.CPI.TOTL.ZG,2.78500056726108,annual %,World Bank,2026-10-09
MKD,North Macedonia,2014,FP.CPI.TOTL.ZG,-0.281705032928494,annual %,World Bank,2026-10-09
MKD,North Macedonia,2015,FP.CPI.TOTL.ZG,-0.299920475631461,annual %,World Bank,2026-10-09
MKD,North Macedonia,2016,FP.CPI.TOTL.ZG,-0.2392907876845,annual %,World Bank,2026-10-09
MKD,North Macedonia,2017,FP.CPI.TOTL.ZG,1.35161889677442,annual %,World Bank,2026-10-09
MKD,North Macedonia,2018,FP.CPI.TOTL.ZG,1.45831298507126,annual %,World Bank,2026-10-09
MKD,North Macedonia,2019,FP.CPI.TOTL.ZG,0.766439573459804,annual %,World Bank,2026-10-09
MKD,North Macedonia,2020,FP.CPI.TOTL.ZG,1.20007348888468,annual %,World Bank,2026-10-09
MKD,North Macedonia,2021,FP.CPI.TOTL.ZG,3.23074912132927,annual %,World Bank,2026-10-09
MKD,North Macedonia,2022,FP.CPI.TOTL.ZG,14.2047173195832,annual %,World Bank,2026-10-09
MKD,North Macedonia,2023,FP.CPI.TOTL.ZG,9.36187249769014,annual %,World Bank,2026-10-09
MKD,North Macedonia,2024,FP.CPI.TOTL.ZG,3.48974086026953,annual %,World Bank,2026-10-09
MKD,North Macedonia,2025,FP.CPI.TOTL.ZG,4.07249176848347,annual %,World Bank,2026-10-09
MLT,Malta,2010,FP.CPI.TOTL.ZG,1.51563513618531,annual %,World Bank,2026-10-09
MLT,Malta,2011,FP.CPI.TOTL.ZG,2.9629852819288,annual %,World Bank,2026-10-09
MLT,Malta,2012,FP.CPI.TOTL.ZG,2.37582057760386,annual %,World Bank,2026-10-09
MLT,Malta,2013,FP.CPI.TOTL.ZG,1.1802843636655,annual %,World Bank,2026-10-09
MLT,Malta,2014,FP.CPI.TOTL.ZG,0.310306472181664,annual %,World Bank,2026-10-09
MLT,Malta,2015,FP.CPI.TOTL.ZG,1.10054826378929,annual %,World Bank,2026-10-09
MLT,Malta,2016,FP.CPI.TOTL.ZG,0.642702771527304,annual %,World Bank,2026-10-09
MLT,Malta,2017,FP.CPI.TOTL.ZG,1.36435448150708,annual %,World Bank,2026-10-09
MLT,Malta,2018,FP.CPI.TOTL.ZG,1.15782362451517,annual %,World Bank,2026-10-09
MLT,Malta,2019,FP.CPI.TOTL.ZG,1.6420600176894,annual %,World Bank,2026-10-09
MLT,Malta,2020,FP.CPI.TOTL.ZG,0.638544956776712,annual %,World Bank,2026-10-09
MLT,Malta,2021,FP.CPI.TOTL.ZG,1.49789217934724,annual %,World Bank,2026-10-09
MLT,Malta,2022,FP.CPI.TOTL.ZG,6.15375621933036,annual %,World Bank,2026-10-09
MLT,Malta,2023,FP.CPI.TOTL.ZG,5.09396758978882,annual %,World Bank,2026-10-09
MLT,Malta,2024,FP.CPI.TOTL.ZG,1.65079469283108,annual %,World Bank,2026-10-09
MLT,Malta,2025,FP.CPI.TOTL.ZG,2.36351752252186,annual %,World Bank,2026-10-09
MNE,Montenegro,2010,FP.CPI.TOTL.ZG,0.654946570148478,annual %,World Bank,2026-10-09
MNE,Montenegro,2011,FP.CPI.TOTL.ZG,3.450143112487,annual %,World Bank,2026-10-09
MNE,Montenegro,2012,FP.CPI.TOTL.ZG,4.14524724981098,annual %,World Bank,2026-10-09
MNE,Montenegro,2013,FP.CPI.TOTL.ZG,2.20589268141187,annual %,World Bank,2026-10-09
MNE,Montenegro,2014,FP.CPI.TOTL.ZG,-0.710514051710317,annual %,World Bank,2026-10-09
MNE,Montenegro,2015,FP.CPI.TOTL.ZG,1.54869158222494,annual %,World Bank,2026-10-09
MNE,Montenegro,2016,FP.CPI.TOTL.ZG,-0.271385023385265,annual %,World Bank,2026-10-09
MNE,Montenegro,2017,FP.CPI.TOTL.ZG,2.38023599053139,annual %,World Bank,2026-10-09
MNE,Montenegro,2018,FP.CPI.TOTL.ZG,2.61121647230226,annual %,World Bank,2026-10-09
MNE,Montenegro,2019,FP.CPI.TOTL.ZG,0.361570854604296,annual %,World Bank,2026-10-09
MNE,Montenegro,2020,FP.CPI.TOTL.ZG,-0.25565569984838,annual %,World Bank,2026-10-09
MNE,Montenegro,2021,FP.CPI.TOTL.ZG,2.41080198403156,annual %,World Bank,2026-10-09
MNE,Montenegro,2022,FP.CPI.TOTL.ZG,13.0403036347003,annual %,World Bank,2026-10-09
MNE,Montenegro,2023,FP.CPI.TOTL.ZG,8.58476910455402,annual %,World Bank,2026-10-09
MNE,Montenegro,2024,FP.CPI.TOTL.ZG,3.33675009282281,annual %,World Bank,2026-10-09
MNE,Montenegro,2025,FP.CPI.TOTL.ZG,3.89921045747158,annual %,World Bank,2026-10-09
NLD,Netherlands,2010,FP.CPI.TOTL.ZG,1.27457727418663,annual %,World Bank,2026-10-09
NLD,Netherlands,2011,FP.CPI.TOTL.ZG,2.34208658623133,annual %,World Bank,2026-10-09
NLD,Netherlands,2012,FP.CPI.TOTL.ZG,2.45588024295758,annual %,World Bank,2026-10-09
NLD,Netherlands,2013,FP.CPI.TOTL.ZG,2.51137822383009,annual %,World Bank,2026-10-09
NLD,Netherlands,2014,FP.CPI.TOTL.ZG,0.971061678923497,annual %,World Bank,2026-10-09
NLD,Netherlands,2015,FP.CPI.TOTL.ZG,0.600935791194569,annual %,World Bank,2026-10-09
NLD,Netherlands,2016,FP.CPI.TOTL.ZG,0.319406464338503,annual %,World Bank,2026-10-09
NLD,Netherlands,2017,FP.CPI.TOTL.ZG,1.37968786656694,annual %,World Bank,2026-10-09
NLD,Netherlands,2018,FP.CPI.TOTL.ZG,1.70361881253579,annual %,World Bank,2026-10-09
NLD,Netherlands,2019,FP.CPI.TOTL.ZG,2.63397403948254,annual %,World Bank,2026-10-09
NLD,Netherlands,2020,FP.CPI.TOTL.ZG,1.26788070731057,annual %,World Bank,2026-10-09
NLD,Netherlands,2021,FP.CPI.TOTL.ZG,2.68123345078501,annual %,World Bank,2026-10-09
NLD,Netherlands,2022,FP.CPI.TOTL.ZG,9.99817255172687,annual %,World Bank,2026-10-09
NLD,Netherlands,2023,FP.CPI.TOTL.ZG,3.84231997489532,annual %,World Bank,2026-10-09
NLD,Netherlands,2024,FP.CPI.TOTL.ZG,3.34639895475025,annual %,World Bank,2026-10-09
NLD,Netherlands,2025,FP.CPI.TOTL.ZG,3.20363967869003,annual %,World Bank,2026-10-09
POL,Poland,2010,FP.CPI.TOTL.ZG,2.58069370250547,annual %,World Bank,2026-10-09
POL,Poland,2011,FP.CPI.TOTL.ZG,4.23940149625932,annual %,World Bank,2026-10-09
POL,Poland,2012,FP.CPI.TOTL.ZG,3.56037151702792,annual %,World Bank,2026-10-09
POL,Poland,2013,FP.CPI.TOTL.ZG,0.991982606332335,annual %,World Bank,2026-10-09
POL,Poland,2014,FP.CPI.TOTL.ZG,0.0538213132399802,annual %,World Bank,2026-10-09
POL,Poland,2015,FP.CPI.TOTL.ZG,-0.874125874125862,annual %,World Bank,2026-10-09
POL,Poland,2016,FP.CPI.TOTL.ZG,-0.664767331433962,annual %,World Bank,2026-10-09
POL,Poland,2017,FP.CPI.TOTL.ZG,2.07593553673859,annual %,World Bank,2026-10-09
POL,Poland,2018,FP.CPI.TOTL.ZG,1.81295156542688,annual %,World Bank,2026-10-09
POL,Poland,2019,FP.CPI.TOTL.ZG,2.22747880938291,annual %,World Bank,2026-10-09
POL,Poland,2020,FP.CPI.TOTL.ZG,3.37446972618589,annual %,World Bank,2026-10-09
POL,Poland,2021,FP.CPI.TOTL.ZG,5.05502704719272,annual %,World Bank,2026-10-09
POL,Poland,2022,FP.CPI.TOTL.ZG,14.4294507575757,annual %,World Bank,2026-10-09
POL,Poland,2023,FP.CPI.TOTL.ZG,11.5289127961104,annual %,World Bank,2026-10-09
POL,Poland,2024,FP.CPI.TOTL.ZG,3.79060897630196,annual %,World Bank,2026-10-09
POL,Poland,2025,FP.CPI.TOTL.ZG,3.81419531520146,annual %,World Bank,2026-10-09
PRT,Portugal,2010,FP.CPI.TOTL.ZG,1.40257289895372,annual %,World Bank,2026-10-09
PRT,Portugal,2011,FP.CPI.TOTL.ZG,3.6530110043073,annual %,World Bank,2026-10-09
PRT,Portugal,2012,FP.CPI.TOTL.ZG,2.77333854051576,annual %,World Bank,2026-10-09
PRT,Portugal,2013,FP.CPI.TOTL.ZG,0.274416666666663,annual %,World Bank,2026-10-09
PRT,Portugal,2014,FP.CPI.TOTL.ZG,-0.278153367467428,annual %,World Bank,2026-10-09
PRT,Portugal,2015,FP.CPI.TOTL.ZG,0.487938623904719,annual %,World Bank,2026-10-09
PRT,Portugal,2016,FP.CPI.TOTL.ZG,0.607397074641718,annual %,World Bank,2026-10-09
PRT,Portugal,2017,FP.CPI.TOTL.ZG,1.36861411643481,annual %,World Bank,2026-10-09
PRT,Portugal,2018,FP.CPI.TOTL.ZG,0.993715683468233,annual %,World Bank,2026-10-09
PRT,Portugal,2019,FP.CPI.TOTL.ZG,0.338178410046124,annual %,World Bank,2026-10-09
PRT,Portugal,2020,FP.CPI.TOTL.ZG,-0.0124383299576209,annual %,World Bank,2026-10-09
PRT,Portugal,2021,FP.CPI.TOTL.ZG,1.26565719069043,annual %,World Bank,2026-10-09
PRT,Portugal,2022,FP.CPI.TOTL.ZG,7.83269124233323,annual %,World Bank,2026-10-09
PRT,Portugal,2023,FP.CPI.TOTL.ZG,4.3112819189868,annual %,World Bank,2026-10-09
PRT,Portugal,2024,FP.CPI.TOTL.ZG,2.41613187791875,annual %,World Bank,2026-10-09
PRT,Portugal,2025,FP.CPI.TOTL.ZG,2.33601620316701,annual %,World Bank,2026-10-09
ROU,Romania,2010,FP.CPI.TOTL.ZG,6.09141668601891,annual %,World Bank,2026-10-09
ROU,Romania,2011,FP.CPI.TOTL.ZG,5.7892532881588,annual %,World Bank,2026-10-09
ROU,Romania,2012,FP.CPI.TOTL.ZG,3.33492267693442,annual %,World Bank,2026-10-09
ROU,Romania,2013,FP.CPI.TOTL.ZG,3.98471235548129,annual %,World Bank,2026-10-09
ROU,Romania,2014,FP.CPI.TOTL.ZG,1.06830987684298,annual %,World Bank,2026-10-09
ROU,Romania,2015,FP.CPI.TOTL.ZG,-0.594156437495203,annual %,World Bank,2026-10-09
ROU,Romania,2016,FP.CPI.TOTL.ZG,-1.54479666813896,annual %,World Bank,2026-10-09
ROU,Romania,2017,FP.CPI.TOTL.ZG,1.3390212110439,annual %,World Bank,2026-10-09
ROU,Romania,2018,FP.CPI.TOTL.ZG,4.62548443137778,annual %,World Bank,2026-10-09
ROU,Romania,2019,FP.CPI.TOTL.ZG,3.82785432599437,annual %,World Bank,2026-10-09
ROU,Romania,2020,FP.CPI.TOTL.ZG,2.63107311184742,annual %,World Bank,2026-10-09
ROU,Romania,2021,FP.CPI.TOTL.ZG,5.05232876096582,annual %,World Bank,2026-10-09
ROU,Romania,2022,FP.CPI.TOTL.ZG,13.795488743252,annual %,World Bank,2026-10-09
ROU,Romania,2023,FP.CPI.TOTL.ZG,10.3971874764995,annual %,World Bank,2026-10-09
ROU,Romania,2024,FP.CPI.TOTL.ZG,5.72140574354438,annual %,World Bank,2026-10-09
ROU,Romania,2025,FP.CPI.TOTL.ZG,7.18903362292063,annual %,World Bank,2026-10-09
SRB,Serbia,2010,FP.CPI.TOTL.ZG,6.14255360247248,annual %,World Bank,2026-10-09
SRB,Serbia,2011,FP.CPI.TOTL.ZG,11.1373976342129,annual %,World Bank,2026-10-09
SRB,Serbia,2012,FP.CPI.TOTL.ZG,7.33038589596645,annual %,World Bank,2026-10-09
SRB,Serbia,2013,FP.CPI.TOTL.ZG,7.69426362896655,annual %,World Bank,2026-10-09
SRB,Serbia,2014,FP.CPI.TOTL.ZG,2.08244793880153,annual %,World Bank,2026-10-09
SRB,Serbia,2015,FP.CPI.TOTL.ZG,1.39235822000186,annual %,World Bank,2026-10-09
SRB,Serbia,2016,FP.CPI.TOTL.ZG,1.12231397417769,annual %,World Bank,2026-10-09
SRB,Serbia,2017,FP.CPI.TOTL.ZG,3.13106248590115,annual %,World Bank,2026-10-09
SRB,Serbia,2018,FP.CPI.TOTL.ZG,1.959840762938,annual %,World Bank,2026-10-09
SRB,Serbia,2019,FP.CPI.TOTL.ZG,1.84922984511086,annual %,World Bank,2026-10-09
SRB,Serbia,2020,FP.CPI.TOTL.ZG,1.57553290083414,annual %,World Bank,2026-10-09
SRB,Serbia,2021,FP.CPI.TOTL.ZG,4.08510285335102,annual %,World Bank,2026-10-09
SRB,Serbia,2022,FP.CPI.TOTL.ZG,11.9815117344702,annual %,World Bank,2026-10-09
SRB,Serbia,2023,FP.CPI.TOTL.ZG,12.3719043552519,annual %,World Bank,2026-10-09
SRB,Serbia,2024,FP.CPI.TOTL.ZG,4.6705297488997,annual %,World Bank,2026-10-09
SRB,Serbia,2025,FP.CPI.TOTL.ZG,3.89036786060009,annual %,World Bank,2026-10-09
SVK,Slovakia,2010,FP.CPI.TOTL.ZG,0.957018132975173,annual %,World Bank,2026-10-09
SVK,Slovakia,2011,FP.CPI.TOTL.ZG,3.91928599146291,annual %,World Bank,2026-10-09
SVK,Slovakia,2012,FP.CPI.TOTL.ZG,3.60610263522889,annual %,World Bank,2026-10-09
SVK,Slovakia,2013,FP.CPI.TOTL.ZG,1.40047368963025,annual %,World Bank,2026-10-09
SVK,Slovakia,2014,FP.CPI.TOTL.ZG,-0.076165329541987,annual %,World Bank,2026-10-09
SVK,Slovakia,2015,FP.CPI.TOTL.ZG,-0.325219777427765,annual %,World Bank,2026-10-09
SVK,Slovakia,2016,FP.CPI.TOTL.ZG,-0.520010196278358,annual %,World Bank,2026-10-09
SVK,Slovakia,2017,FP.CPI.TOTL.ZG,1.31194588223246,annual %,World Bank,2026-10-09
SVK,Slovakia,2018,FP.CPI.TOTL.ZG,2.51403712883802,annual %,World Bank,2026-10-09
SVK,Slovakia,2019,FP.CPI.TOTL.ZG,2.6645613342544,annual %,World Bank,2026-10-09
SVK,Slovakia,2020,FP.CPI.TOTL.ZG,1.93694126694222,annual %,World Bank,2026-10-09
SVK,Slovakia,2021,FP.CPI.TOTL.ZG,3.14960629921259,annual %,World Bank,2026-10-09
SVK,Slovakia,2022,FP.CPI.TOTL.ZG,12.774146363761,annual %,World Bank,2026-10-09
SVK,Slovakia,2023,FP.CPI.TOTL.ZG,10.5319476645211,annual %,World Bank,2026-10-09
SVK,Slovakia,2024,FP.CPI.TOTL.ZG,2.75760909424278,annual %,World Bank,2026-10-09
SVK,Slovakia,2025,FP.CPI.TOTL.ZG,4.00042823495829,annual %,World Bank,2026-10-09
SVN,Slovenia,2010,FP.CPI.TOTL.ZG,1.79686310339571,annual %,World Bank,2026-10-09
SVN,Slovenia,2011,FP.CPI.TOTL.ZG,1.8054197111789,annual %,World Bank,2026-10-09
SVN,Slovenia,2012,FP.CPI.TOTL.ZG,2.59737323959585,annual %,World Bank,2026-10-09
SVN,Slovenia,2013,FP.CPI.TOTL.ZG,1.76816639492352,annual %,World Bank,2026-10-09
SVN,Slovenia,2014,FP.CPI.TOTL.ZG,0.1981012589714,annual %,World Bank,2026-10-09
SVN,Slovenia,2015,FP.CPI.TOTL.ZG,-0.526145203111483,annual %,World Bank,2026-10-09
SVN,Slovenia,2016,FP.CPI.TOTL.ZG,-0.0510464522715298,annual %,World Bank,2026-10-09
SVN,Slovenia,2017,FP.CPI.TOTL.ZG,1.42677069523826,annual %,World Bank,2026-10-09
SVN,Slovenia,2018,FP.CPI.TOTL.ZG,1.73668027298334,annual %,World Bank,2026-10-09
SVN,Slovenia,2019,FP.CPI.TOTL.ZG,1.63437236731259,annual %,World Bank,2026-10-09
SVN,Slovenia,2020,FP.CPI.TOTL.ZG,-0.0549154509283246,annual %,World Bank,2026-10-09
SVN,Slovenia,2021,FP.CPI.TOTL.ZG,1.91687660042081,annual %,World Bank,2026-10-09
SVN,Slovenia,2022,FP.CPI.TOTL.ZG,8.83346218008716,annual %,World Bank,2026-10-09
SVN,Slovenia,2023,FP.CPI.TOTL.ZG,7.44541647973679,annual %,World Bank,2026-10-09
SVN,Slovenia,2024,FP.CPI.TOTL.ZG,1.96593538509715,annual %,World Bank,2026-10-09
SVN,Slovenia,2025,FP.CPI.TOTL.ZG,2.37420873927207,annual %,World Bank,2026-10-09
SWE,Sweden,2010,FP.CPI.TOTL.ZG,1.15997116455861,annual %,World Bank,2026-10-09
SWE,Sweden,2011,FP.CPI.TOTL.ZG,2.959686077074,annual %,World Bank,2026-10-09
SWE,Sweden,2012,FP.CPI.TOTL.ZG,0.888988764045007,annual %,World Bank,2026-10-09
SWE,Sweden,2013,FP.CPI.TOTL.ZG,-0.0463297071428012,annual %,World Bank,2026-10-09
SWE,Sweden,2014,FP.CPI.TOTL.ZG,-0.17827377503636,annual %,World Bank,2026-10-09
SWE,Sweden,2015,FP.CPI.TOTL.ZG,-0.0464339610847765,annual %,World Bank,2026-10-09
SWE,Sweden,2016,FP.CPI.TOTL.ZG,0.98181980613754,annual %,World Bank,2026-10-09
SWE,Sweden,2017,FP.CPI.TOTL.ZG,1.79945856998777,annual %,World Bank,2026-10-09
SWE,Sweden,2018,FP.CPI.TOTL.ZG,1.95015121493372,annual %,World Bank,2026-10-09
SWE,Sweden,2019,FP.CPI.TOTL.ZG,1.78413120567382,annual %,World Bank,2026-10-09
SWE,Sweden,2020,FP.CPI.TOTL.ZG,0.498304091118424,annual %,World Bank,2026-10-09
SWE,Sweden,2021,FP.CPI.TOTL.ZG,2.16416666666663,annual %,World Bank,2026-10-09
SWE,Sweden,2022,FP.CPI.TOTL.ZG,8.36888341476543,annual %,World Bank,2026-10-09
SWE,Sweden,2023,FP.CPI.TOTL.ZG,8.54678338363812,annual %,World Bank,2026-10-09
SWE,Sweden,2024,FP.CPI.TOTL.ZG,2.83679582836375,annual %,World Bank,2026-10-09
SWE,Sweden,2025,FP.CPI.TOTL.ZG,0.679015259300199,annual %,World Bank,2026-10-09
ALB,Albania,2011,GC.TAX.TOTL.GD.ZS,17.9067230671409,% of GDP,World Bank,2026-10-09
ALB,Albania,2012,GC.TAX.TOTL.GD.ZS,17.5879265953551,% of GDP,World Bank,2026-10-09
ALB,Albania,2013,GC.TAX.TOTL.GD.ZS,16.4764962744668,% of GDP,World Bank,2026-10-09
ALB,Albania,2014,GC.TAX.TOTL.GD.ZS,18.2080954662381,% of GDP,World Bank,2026-10-09
ALB,Albania,2015,GC.TAX.TOTL.GD.ZS,18.3812921492969,% of GDP,World Bank,2026-10-09
ALB,Albania,2016,GC.TAX.TOTL.GD.ZS,17.4032025232446,% of GDP,World Bank,2026-10-09
ALB,Albania,2017,GC.TAX.TOTL.GD.ZS,18.5476631833556,% of GDP,World Bank,2026-10-09
ALB,Albania,2018,GC.TAX.TOTL.GD.ZS,18.2769527327116,% of GDP,World Bank,2026-10-09
ALB,Albania,2019,GC.TAX.TOTL.GD.ZS,17.9309939892851,% of GDP,World Bank,2026-10-09
ALB,Albania,2020,GC.TAX.TOTL.GD.ZS,16.8955410663729,% of GDP,World Bank,2026-10-09
ALB,Albania,2021,GC.TAX.TOTL.GD.ZS,18.0962279133573,% of GDP,World Bank,2026-10-09
ALB,Albania,2022,GC.TAX.TOTL.GD.ZS,18.0607759287802,% of GDP,World Bank,2026-10-09
ALB,Albania,2023,GC.TAX.TOTL.GD.ZS,17.8021587949933,% of GDP,World Bank,2026-10-09
ALB,Albania,2024,GC.TAX.TOTL.GD.ZS,18.0152934113212,% of GDP,World Bank,2026-10-09
AUT,Austria,2010,GC.TAX.TOTL.GD.ZS,25.495733887384,% of GDP,World Bank,2026-10-09
AUT,Austria,2011,GC.TAX.TOTL.GD.ZS,25.6466391466356,% of GDP,World Bank,2026-10-09
AUT,Austria,2012,GC.TAX.TOTL.GD.ZS,26.1830994283732,% of GDP,World Bank,2026-10-09
AUT,Austria,2013,GC.TAX.TOTL.GD.ZS,26.7741686943731,% of GDP,World Bank,2026-10-09
AUT,Austria,2014,GC.TAX.TOTL.GD.ZS,26.8419027283415,% of GDP,World Bank,2026-10-09
AUT,Austria,2015,GC.TAX.TOTL.GD.ZS,27.2160274066387,% of GDP,World Bank,2026-10-09
AUT,Austria,2016,GC.TAX.TOTL.GD.ZS,25.8220277699052,% of GDP,World Bank,2026-10-09
AUT,Austria,2017,GC.TAX.TOTL.GD.ZS,25.7616861075799,% of GDP,World Bank,2026-10-09
AUT,Austria,2018,GC.TAX.TOTL.GD.ZS,25.7216448598991,% of GDP,World Bank,2026-10-09
AUT,Austria,2019,GC.TAX.TOTL.GD.ZS,25.8096620383826,% of GDP,World Bank,2026-10-09
AUT,Austria,2020,GC.TAX.TOTL.GD.ZS,24.666005775658,% of GDP,World Bank,2026-10-09
AUT,Austria,2021,GC.TAX.TOTL.GD.ZS,26.0148539837239,% of GDP,World Bank,2026-10-09
AUT,Austria,2022,GC.TAX.TOTL.GD.ZS,26.1260712279325,% of GDP,World Bank,2026-10-09
AUT,Austria,2023,GC.TAX.TOTL.GD.ZS,25.6473559790513,% of GDP,World Bank,2026-10-09
AUT,Austria,2024,GC.TAX.TOTL.GD.ZS,25.7804428492832,% of GDP,World Bank,2026-10-09
BEL,Belgium,2010,GC.TAX.TOTL.GD.ZS,24.4642971194993,% of GDP,World Bank,2026-10-09
BEL,Belgium,2011,GC.TAX.TOTL.GD.ZS,24.7565250957503,% of GDP,World Bank,2026-10-09
BEL,Belgium,2012,GC.TAX.TOTL.GD.ZS,25.7090042684997,% of GDP,World Bank,2026-10-09
BEL,Belgium,2013,GC.TAX.TOTL.GD.ZS,26.0759882447836,% of GDP,World Bank,2026-10-09
BEL,Belgium,2014,GC.TAX.TOTL.GD.ZS,26.0023315980929,% of GDP,World Bank,2026-10-09
BEL,Belgium,2015,GC.TAX.TOTL.GD.ZS,24.4105472905005,% of GDP,World Bank,2026-10-09
BEL,Belgium,2016,GC.TAX.TOTL.GD.ZS,22.900964858212,% of GDP,World Bank,2026-10-09
BEL,Belgium,2017,GC.TAX.TOTL.GD.ZS,23.4813733290754,% of GDP,World Bank,2026-10-09
BEL,Belgium,2018,GC.TAX.TOTL.GD.ZS,23.9585559524675,% of GDP,World Bank,2026-10-09
BEL,Belgium,2019,GC.TAX.TOTL.GD.ZS,22.4711327620755,% of GDP,World Bank,2026-10-09
BEL,Belgium,2020,GC.TAX.TOTL.GD.ZS,21.7037422461067,% of GDP,World Bank,2026-10-09
BEL,Belgium,2021,GC.TAX.TOTL.GD.ZS,23.0538574267381,% of GDP,World Bank,2026-10-09
BEL,Belgium,2022,GC.TAX.TOTL.GD.ZS,22.6698668383427,% of GDP,World Bank,2026-10-09
BEL,Belgium,2023,GC.TAX.TOTL.GD.ZS,22.4836404750887,% of GDP,World Bank,2026-10-09
BEL,Belgium,2024,GC.TAX.TOTL.GD.ZS,22.9598994570701,% of GDP,World Bank,2026-10-09
BGR,Bulgaria,2010,GC.TAX.TOTL.GD.ZS,17.8714307967066,% of GDP,World Bank,2026-10-09
BGR,Bulgaria,2011,GC.TAX.TOTL.GD.ZS,17.8827145966643,% of GDP,World Bank,2026-10-09
BGR,Bulgaria,2012,GC.TAX.TOTL.GD.ZS,18.3853361329214,% of GDP,World Bank,2026-10-09
BGR,Bulgaria,2013,GC.TAX.TOTL.GD.ZS,19.6862824134423,% of GDP,World Bank,2026-10-09
BGR,Bulgaria,2014,GC.TAX.TOTL.GD.ZS,19.5666201796398,% of GDP,World Bank,2026-10-09
BGR,Bulgaria,2015,GC.TAX.TOTL.GD.ZS,20.077804276825,% of GDP,World Bank,2026-10-09
BGR,Bulgaria,2016,GC.TAX.TOTL.GD.ZS,20.3330308112228,% of GDP,World Bank,2026-10-09
BGR,Bulgaria,2017,GC.TAX.TOTL.GD.ZS,20.5232251884627,% of GDP,World Bank,2026-10-09
BGR,Bulgaria,2018,GC.TAX.TOTL.GD.ZS,19.9835387737086,% of GDP,World Bank,2026-10-09
BGR,Bulgaria,2019,GC.TAX.TOTL.GD.ZS,20.5951033538617,% of GDP,World Bank,2026-10-09
BGR,Bulgaria,2020,GC.TAX.TOTL.GD.ZS,20.1966634423721,% of GDP,World Bank,2026-10-09
BGR,Bulgaria,2021,GC.TAX.TOTL.GD.ZS,20.5917859903497,% of GDP,World Bank,2026-10-09
BGR,Bulgaria,2022,GC.TAX.TOTL.GD.ZS,21.7263551010023,% of GDP,World Bank,2026-10-09
BGR,Bulgaria,2023,GC.TAX.TOTL.GD.ZS,20.5150881353998,% of GDP,World Bank,2026-10-09
BGR,Bulgaria,2024,GC.TAX.TOTL.GD.ZS,20.6721408609361,% of GDP,World Bank,2026-10-09
BIH,Bosnia and Herzegovina,2010,GC.TAX.TOTL.GD.ZS,19.685676403117,% of GDP,World Bank,2026-10-09
BIH,Bosnia and Herzegovina,2011,GC.TAX.TOTL.GD.ZS,20.3056652821355,% of GDP,World Bank,2026-10-09
BIH,Bosnia and Herzegovina,2012,GC.TAX.TOTL.GD.ZS,20.4775399413527,% of GDP,World Bank,2026-10-09
BIH,Bosnia and Herzegovina,2013,GC.TAX.TOTL.GD.ZS,19.7515439048604,% of GDP,World Bank,2026-10-09
BIH,Bosnia and Herzegovina,2014,GC.TAX.TOTL.GD.ZS,19.7779011945026,% of GDP,World Bank,2026-10-09
BIH,Bosnia and Herzegovina,2015,GC.TAX.TOTL.GD.ZS,19.7000106527246,% of GDP,World Bank,2026-10-09
BIH,Bosnia and Herzegovina,2016,GC.TAX.TOTL.GD.ZS,19.713745311694,% of GDP,World Bank,2026-10-09
BIH,Bosnia and Herzegovina,2017,GC.TAX.TOTL.GD.ZS,19.9876501162954,% of GDP,World Bank,2026-10-09
BIH,Bosnia and Herzegovina,2018,GC.TAX.TOTL.GD.ZS,20.1410184410233,% of GDP,World Bank,2026-10-09
BIH,Bosnia and Herzegovina,2019,GC.TAX.TOTL.GD.ZS,19.8265969682994,% of GDP,World Bank,2026-10-09
BIH,Bosnia and Herzegovina,2020,GC.TAX.TOTL.GD.ZS,18.7506430555408,% of GDP,World Bank,2026-10-09
BIH,Bosnia and Herzegovina,2021,GC.TAX.TOTL.GD.ZS,19.0981492953639,% of GDP,World Bank,2026-10-09
BIH,Bosnia and Herzegovina,2022,GC.TAX.TOTL.GD.ZS,19.0910598727413,% of GDP,World Bank,2026-10-09
BIH,Bosnia and Herzegovina,2023,GC.TAX.TOTL.GD.ZS,19.0586852166841,% of GDP,World Bank,2026-10-09
BIH,Bosnia and Herzegovina,2024,GC.TAX.TOTL.GD.ZS,20.221417887462,% of GDP,World Bank,2026-10-09
CYP,Cyprus,2010,GC.TAX.TOTL.GD.ZS,23.0541633071918,% of GDP,World Bank,2026-10-09
CYP,Cyprus,2011,GC.TAX.TOTL.GD.ZS,23.1497754364522,% of GDP,World Bank,2026-10-09
CYP,Cyprus,2012,GC.TAX.TOTL.GD.ZS,23.3347688877135,% of GDP,World Bank,2026-10-09
CYP,Cyprus,2013,GC.TAX.TOTL.GD.ZS,23.5211674986721,% of GDP,World Bank,2026-10-09
CYP,Cyprus,2014,GC.TAX.TOTL.GD.ZS,24.7157220076717,% of GDP,World Bank,2026-10-09
CYP,Cyprus,2015,GC.TAX.TOTL.GD.ZS,24.0473874693333,% of GDP,World Bank,2026-10-09
CYP,Cyprus,2016,GC.TAX.TOTL.GD.ZS,23.5160580075036,% of GDP,World Bank,2026-10-09
CYP,Cyprus,2017,GC.TAX.TOTL.GD.ZS,23.819883399544,% of GDP,World Bank,2026-10-09
CYP,Cyprus,2018,GC.TAX.TOTL.GD.ZS,23.8366578406169,% of GDP,World Bank,2026-10-09
CYP,Cyprus,2019,GC.TAX.TOTL.GD.ZS,23.0786439213439,% of GDP,World Bank,2026-10-09
CYP,Cyprus,2020,GC.TAX.TOTL.GD.ZS,21.9468107958125,% of GDP,World Bank,2026-10-09
CYP,Cyprus,2021,GC.TAX.TOTL.GD.ZS,22.5643516266251,% of GDP,World Bank,2026-10-09
CYP,Cyprus,2022,GC.TAX.TOTL.GD.ZS,23.0296883506274,% of GDP,World Bank,2026-10-09
CYP,Cyprus,2023,GC.TAX.TOTL.GD.ZS,23.2974440918698,% of GDP,World Bank,2026-10-09
CYP,Cyprus,2024,GC.TAX.TOTL.GD.ZS,23.9417875708341,% of GDP,World Bank,2026-10-09
CZE,Czechia,2010,GC.TAX.TOTL.GD.ZS,17.6231703228801,% of GDP,World Bank,2026-10-09
CZE,Czechia,2011,GC.TAX.TOTL.GD.ZS,18.6585289919921,% of GDP,World Bank,2026-10-09
CZE,Czechia,2012,GC.TAX.TOTL.GD.ZS,19.1215199352368,% of GDP,World Bank,2026-10-09
CZE,Czechia,2013,GC.TAX.TOTL.GD.ZS,19.5864678697178,% of GDP,World Bank,2026-10-09
CZE,Czechia,2014,GC.TAX.TOTL.GD.ZS,18.9583304305559,% of GDP,World Bank,2026-10-09
CZE,Czechia,2015,GC.TAX.TOTL.GD.ZS,19.2777740635748,% of GDP,World Bank,2026-10-09
CZE,Czechia,2016,GC.TAX.TOTL.GD.ZS,19.660997350832,% of GDP,World Bank,2026-10-09
CZE,Czechia,2017,GC.TAX.TOTL.GD.ZS,19.7270542369845,% of GDP,World Bank,2026-10-09
CZE,Czechia,2018,GC.TAX.TOTL.GD.ZS,19.7959447917216,% of GDP,World Bank,2026-10-09
CZE,Czechia,2019,GC.TAX.TOTL.GD.ZS,19.6608550810011,% of GDP,World Bank,2026-10-09
CZE,Czechia,2020,GC.TAX.TOTL.GD.ZS,19.1431387237278,% of GDP,World Bank,2026-10-09
CZE,Czechia,2021,GC.TAX.TOTL.GD.ZS,18.2484893595265,% of GDP,World Bank,2026-10-09
CZE,Czechia,2022,GC.TAX.TOTL.GD.ZS,18.1487266719169,% of GDP,World Bank,2026-10-09
CZE,Czechia,2023,GC.TAX.TOTL.GD.ZS,18.1439634030514,% of GDP,World Bank,2026-10-09
CZE,Czechia,2024,GC.TAX.TOTL.GD.ZS,18.6481947859548,% of GDP,World Bank,2026-10-09
DEU,Germany,2010,GC.TAX.TOTL.GD.ZS,11.3044209753524,% of GDP,World Bank,2026-10-09
DEU,Germany,2011,GC.TAX.TOTL.GD.ZS,11.7508036302609,% of GDP,World Bank,2026-10-09
DEU,Germany,2012,GC.TAX.TOTL.GD.ZS,11.9144565745477,% of GDP,World Bank,2026-10-09
DEU,Germany,2013,GC.TAX.TOTL.GD.ZS,12.0952178281376,% of GDP,World Bank,2026-10-09
DEU,Germany,2014,GC.TAX.TOTL.GD.ZS,12.050213270698,% of GDP,World Bank,2026-10-09
DEU,Germany,2015,GC.TAX.TOTL.GD.ZS,11.9885456247591,% of GDP,World Bank,2026-10-09
DEU,Germany,2016,GC.TAX.TOTL.GD.ZS,11.8344647143693,% of GDP,World Bank,2026-10-09
DEU,Germany,2017,GC.TAX.TOTL.GD.ZS,11.9735022246491,% of GDP,World Bank,2026-10-09
DEU,Germany,2018,GC.TAX.TOTL.GD.ZS,11.9511186565056,% of GDP,World Bank,2026-10-09
DEU,Germany,2019,GC.TAX.TOTL.GD.ZS,11.9024504704179,% of GDP,World Bank,2026-10-09
DEU,Germany,2020,GC.TAX.TOTL.GD.ZS,11.1648583484027,% of GDP,World Bank,2026-10-09
DEU,Germany,2021,GC.TAX.TOTL.GD.ZS,11.4694189021112,% of GDP,World Bank,2026-10-09
DEU,Germany,2022,GC.TAX.TOTL.GD.ZS,11.2560065573935,% of GDP,World Bank,2026-10-09
DEU,Germany,2023,GC.TAX.TOTL.GD.ZS,10.6875057770109,% of GDP,World Bank,2026-10-09
DEU,Germany,2024,GC.TAX.TOTL.GD.ZS,10.890812364142,% of GDP,World Bank,2026-10-09
DNK,Denmark,2010,GC.TAX.TOTL.GD.ZS,32.7637143283641,% of GDP,World Bank,2026-10-09
DNK,Denmark,2011,GC.TAX.TOTL.GD.ZS,32.8089690985065,% of GDP,World Bank,2026-10-09
DNK,Denmark,2012,GC.TAX.TOTL.GD.ZS,33.5146741563207,% of GDP,World Bank,2026-10-09
DNK,Denmark,2013,GC.TAX.TOTL.GD.ZS,33.7961426931306,% of GDP,World Bank,2026-10-09
DNK,Denmark,2014,GC.TAX.TOTL.GD.ZS,36.5850723841222,% of GDP,World Bank,2026-10-09
DNK,Denmark,2015,GC.TAX.TOTL.GD.ZS,34.1560427381574,% of GDP,World Bank,2026-10-09
DNK,Denmark,2016,GC.TAX.TOTL.GD.ZS,33.4903267444358,% of GDP,World Bank,2026-10-09
DNK,Denmark,2017,GC.TAX.TOTL.GD.ZS,33.2797095205553,% of GDP,World Bank,2026-10-09
DNK,Denmark,2018,GC.TAX.TOTL.GD.ZS,32.3839236687064,% of GDP,World Bank,2026-10-09
DNK,Denmark,2019,GC.TAX.TOTL.GD.ZS,34.9773905428147,% of GDP,World Bank,2026-10-09
DNK,Denmark,2020,GC.TAX.TOTL.GD.ZS,34.470930251185,% of GDP,World Bank,2026-10-09
DNK,Denmark,2021,GC.TAX.TOTL.GD.ZS,35.1568120616605,% of GDP,World Bank,2026-10-09
DNK,Denmark,2022,GC.TAX.TOTL.GD.ZS,30.728476081674,% of GDP,World Bank,2026-10-09
DNK,Denmark,2023,GC.TAX.TOTL.GD.ZS,31.9731854836669,% of GDP,World Bank,2026-10-09
DNK,Denmark,2024,GC.TAX.TOTL.GD.ZS,33.3582767843919,% of GDP,World Bank,2026-10-09
ESP,Spain,2010,GC.TAX.TOTL.GD.ZS,12.3552539351712,% of GDP,World Bank,2026-10-09
ESP,Spain,2011,GC.TAX.TOTL.GD.ZS,11.8256931383282,% of GDP,World Bank,2026-10-09
ESP,Spain,2012,GC.TAX.TOTL.GD.ZS,11.7062948133333,% of GDP,World Bank,2026-10-09
ESP,Spain,2013,GC.TAX.TOTL.GD.ZS,13.5446525722175,% of GDP,World Bank,2026-10-09
ESP,Spain,2014,GC.TAX.TOTL.GD.ZS,14.0482352839264,% of GDP,World Bank,2026-10-09
ESP,Spain,2015,GC.TAX.TOTL.GD.ZS,14.0820816990338,% of GDP,World Bank,2026-10-09
ESP,Spain,2016,GC.TAX.TOTL.GD.ZS,13.6838393292056,% of GDP,World Bank,2026-10-09
ESP,Spain,2017,GC.TAX.TOTL.GD.ZS,13.6257034043746,% of GDP,World Bank,2026-10-09
ESP,Spain,2018,GC.TAX.TOTL.GD.ZS,14.1254961741386,% of GDP,World Bank,2026-10-09
ESP,Spain,2019,GC.TAX.TOTL.GD.ZS,13.6580229877723,% of GDP,World Bank,2026-10-09
ESP,Spain,2020,GC.TAX.TOTL.GD.ZS,13.4462555370373,% of GDP,World Bank,2026-10-09
ESP,Spain,2021,GC.TAX.TOTL.GD.ZS,14.8775287865224,% of GDP,World Bank,2026-10-09
ESP,Spain,2022,GC.TAX.TOTL.GD.ZS,15.471017099813,% of GDP,World Bank,2026-10-09
ESP,Spain,2023,GC.TAX.TOTL.GD.ZS,15.0007244146429,% of GDP,World Bank,2026-10-09
ESP,Spain,2024,GC.TAX.TOTL.GD.ZS,14.934361142298,% of GDP,World Bank,2026-10-09
EST,Estonia,2010,GC.TAX.TOTL.GD.ZS,20.1886259760194,% of GDP,World Bank,2026-10-09
EST,Estonia,2011,GC.TAX.TOTL.GD.ZS,19.4461104284907,% of GDP,World Bank,2026-10-09
EST,Estonia,2012,GC.TAX.TOTL.GD.ZS,20.1620993799871,% of GDP,World Bank,2026-10-09
EST,Estonia,2013,GC.TAX.TOTL.GD.ZS,20.239593208473,% of GDP,World Bank,2026-10-09
EST,Estonia,2014,GC.TAX.TOTL.GD.ZS,20.7046889899527,% of GDP,World Bank,2026-10-09
EST,Estonia,2015,GC.TAX.TOTL.GD.ZS,21.5659169044997,% of GDP,World Bank,2026-10-09
EST,Estonia,2016,GC.TAX.TOTL.GD.ZS,21.6774027118622,% of GDP,World Bank,2026-10-09
EST,Estonia,2017,GC.TAX.TOTL.GD.ZS,20.8680916555804,% of GDP,World Bank,2026-10-09
EST,Estonia,2018,GC.TAX.TOTL.GD.ZS,20.8332765978306,% of GDP,World Bank,2026-10-09
EST,Estonia,2019,GC.TAX.TOTL.GD.ZS,21.0626465669172,% of GDP,World Bank,2026-10-09
EST,Estonia,2020,GC.TAX.TOTL.GD.ZS,20.7215984585967,% of GDP,World Bank,2026-10-09
EST,Estonia,2021,GC.TAX.TOTL.GD.ZS,21.7424154968985,% of GDP,World Bank,2026-10-09
EST,Estonia,2022,GC.TAX.TOTL.GD.ZS,21.098827586414,% of GDP,World Bank,2026-10-09
EST,Estonia,2023,GC.TAX.TOTL.GD.ZS,21.3870655324956,% of GDP,World Bank,2026-10-09
EST,Estonia,2024,GC.TAX.TOTL.GD.ZS,22.6679583165361,% of GDP,World Bank,2026-10-09
EUU,European Union (aggregate),2010,GC.TAX.TOTL.GD.ZS,18.7481470848678,% of GDP,World Bank,2026-10-09
EUU,European Union (aggregate),2011,GC.TAX.TOTL.GD.ZS,18.8534079853744,% of GDP,World Bank,2026-10-09
EUU,European Union (aggregate),2012,GC.TAX.TOTL.GD.ZS,19.271495116209,% of GDP,World Bank,2026-10-09
EUU,European Union (aggregate),2013,GC.TAX.TOTL.GD.ZS,19.7305882108626,% of GDP,World Bank,2026-10-09
EUU,European Union (aggregate),2014,GC.TAX.TOTL.GD.ZS,19.8661678410324,% of GDP,World Bank,2026-10-09
EUU,European Union (aggregate),2015,GC.TAX.TOTL.GD.ZS,19.7479843160941,% of GDP,World Bank,2026-10-09
EUU,European Union (aggregate),2016,GC.TAX.TOTL.GD.ZS,19.6811423683092,% of GDP,World Bank,2026-10-09
EUU,European Union (aggregate),2017,GC.TAX.TOTL.GD.ZS,19.8190501061558,% of GDP,World Bank,2026-10-09
EUU,European Union (aggregate),2018,GC.TAX.TOTL.GD.ZS,19.8820899268369,% of GDP,World Bank,2026-10-09
EUU,European Union (aggregate),2019,GC.TAX.TOTL.GD.ZS,19.955372962423,% of GDP,World Bank,2026-10-09
EUU,European Union (aggregate),2020,GC.TAX.TOTL.GD.ZS,19.6371839572292,% of GDP,World Bank,2026-10-09
EUU,European Union (aggregate),2021,GC.TAX.TOTL.GD.ZS,19.9481437129587,% of GDP,World Bank,2026-10-09
EUU,European Union (aggregate),2022,GC.TAX.TOTL.GD.ZS,19.9309293342478,% of GDP,World Bank,2026-10-09
EUU,European Union (aggregate),2023,GC.TAX.TOTL.GD.ZS,19.629954634996,% of GDP,World Bank,2026-10-09
EUU,European Union (aggregate),2024,GC.TAX.TOTL.GD.ZS,19.7822230360115,% of GDP,World Bank,2026-10-09
FIN,Finland,2010,GC.TAX.TOTL.GD.ZS,18.60088122585,% of GDP,World Bank,2026-10-09
FIN,Finland,2011,GC.TAX.TOTL.GD.ZS,20.0526169335458,% of GDP,World Bank,2026-10-09
FIN,Finland,2012,GC.TAX.TOTL.GD.ZS,20.2018185629161,% of GDP,World Bank,2026-10-09
FIN,Finland,2013,GC.TAX.TOTL.GD.ZS,20.7270868858018,% of GDP,World Bank,2026-10-09
FIN,Finland,2014,GC.TAX.TOTL.GD.ZS,20.735954919725,% of GDP,World Bank,2026-10-09
FIN,Finland,2015,GC.TAX.TOTL.GD.ZS,20.5868919844713,% of GDP,World Bank,2026-10-09
FIN,Finland,2016,GC.TAX.TOTL.GD.ZS,20.9872193661139,% of GDP,World Bank,2026-10-09
FIN,Finland,2017,GC.TAX.TOTL.GD.ZS,20.8810623659359,% of GDP,World Bank,2026-10-09
FIN,Finland,2018,GC.TAX.TOTL.GD.ZS,20.9641879217783,% of GDP,World Bank,2026-10-09
FIN,Finland,2019,GC.TAX.TOTL.GD.ZS,20.7845948733429,% of GDP,World Bank,2026-10-09
FIN,Finland,2020,GC.TAX.TOTL.GD.ZS,20.0057532774645,% of GDP,World Bank,2026-10-09
FIN,Finland,2021,GC.TAX.TOTL.GD.ZS,20.8297824444051,% of GDP,World Bank,2026-10-09
FIN,Finland,2022,GC.TAX.TOTL.GD.ZS,21.1993912863772,% of GDP,World Bank,2026-10-09
FIN,Finland,2023,GC.TAX.TOTL.GD.ZS,25.3625391476347,% of GDP,World Bank,2026-10-09
FIN,Finland,2024,GC.TAX.TOTL.GD.ZS,25.3281786132257,% of GDP,World Bank,2026-10-09
FRA,France,2010,GC.TAX.TOTL.GD.ZS,21.9860264776611,% of GDP,World Bank,2026-10-09
FRA,France,2011,GC.TAX.TOTL.GD.ZS,21.8260251212647,% of GDP,World Bank,2026-10-09
FRA,France,2012,GC.TAX.TOTL.GD.ZS,22.608974141338,% of GDP,World Bank,2026-10-09
FRA,France,2013,GC.TAX.TOTL.GD.ZS,23.2041011683014,% of GDP,World Bank,2026-10-09
FRA,France,2014,GC.TAX.TOTL.GD.ZS,23.1556593525911,% of GDP,World Bank,2026-10-09
FRA,France,2015,GC.TAX.TOTL.GD.ZS,23.2974119760792,% of GDP,World Bank,2026-10-09
FRA,France,2016,GC.TAX.TOTL.GD.ZS,23.1463283405753,% of GDP,World Bank,2026-10-09
FRA,France,2017,GC.TAX.TOTL.GD.ZS,23.7863349624871,% of GDP,World Bank,2026-10-09
FRA,France,2018,GC.TAX.TOTL.GD.ZS,24.3098642807809,% of GDP,World Bank,2026-10-09
FRA,France,2019,GC.TAX.TOTL.GD.ZS,24.6605263993177,% of GDP,World Bank,2026-10-09
FRA,France,2020,GC.TAX.TOTL.GD.ZS,24.7888064416138,% of GDP,World Bank,2026-10-09
FRA,France,2021,GC.TAX.TOTL.GD.ZS,23.9794445386059,% of GDP,World Bank,2026-10-09
FRA,France,2022,GC.TAX.TOTL.GD.ZS,24.5495737523762,% of GDP,World Bank,2026-10-09
FRA,France,2023,GC.TAX.TOTL.GD.ZS,23.1762031443727,% of GDP,World Bank,2026-10-09
FRA,France,2024,GC.TAX.TOTL.GD.ZS,22.778486344686,% of GDP,World Bank,2026-10-09
GRC,Greece,2010,GC.TAX.TOTL.GD.ZS,20.4346791237019,% of GDP,World Bank,2026-10-09
GRC,Greece,2011,GC.TAX.TOTL.GD.ZS,22.4592713947757,% of GDP,World Bank,2026-10-09
GRC,Greece,2012,GC.TAX.TOTL.GD.ZS,24.9543887136577,% of GDP,World Bank,2026-10-09
GRC,Greece,2013,GC.TAX.TOTL.GD.ZS,24.7308046940324,% of GDP,World Bank,2026-10-09
GRC,Greece,2014,GC.TAX.TOTL.GD.ZS,25.3987231791514,% of GDP,World Bank,2026-10-09
GRC,Greece,2015,GC.TAX.TOTL.GD.ZS,25.3959107582621,% of GDP,World Bank,2026-10-09
GRC,Greece,2016,GC.TAX.TOTL.GD.ZS,27.0349616993722,% of GDP,World Bank,2026-10-09
GRC,Greece,2017,GC.TAX.TOTL.GD.ZS,26.7428191688464,% of GDP,World Bank,2026-10-09
GRC,Greece,2018,GC.TAX.TOTL.GD.ZS,27.1083919768284,% of GDP,World Bank,2026-10-09
GRC,Greece,2019,GC.TAX.TOTL.GD.ZS,25.9324359654947,% of GDP,World Bank,2026-10-09
GRC,Greece,2020,GC.TAX.TOTL.GD.ZS,24.9618719805557,% of GDP,World Bank,2026-10-09
GRC,Greece,2021,GC.TAX.TOTL.GD.ZS,25.2960070315206,% of GDP,World Bank,2026-10-09
GRC,Greece,2022,GC.TAX.TOTL.GD.ZS,27.5172060191375,% of GDP,World Bank,2026-10-09
GRC,Greece,2023,GC.TAX.TOTL.GD.ZS,26.4902731362127,% of GDP,World Bank,2026-10-09
GRC,Greece,2024,GC.TAX.TOTL.GD.ZS,27.3811388505066,% of GDP,World Bank,2026-10-09
HRV,Croatia,2010,GC.TAX.TOTL.GD.ZS,20.2809603021175,% of GDP,World Bank,2026-10-09
HRV,Croatia,2011,GC.TAX.TOTL.GD.ZS,19.6484782753049,% of GDP,World Bank,2026-10-09
HRV,Croatia,2012,GC.TAX.TOTL.GD.ZS,20.1295684400884,% of GDP,World Bank,2026-10-09
HRV,Croatia,2013,GC.TAX.TOTL.GD.ZS,20.5987750210821,% of GDP,World Bank,2026-10-09
HRV,Croatia,2014,GC.TAX.TOTL.GD.ZS,20.3827204243559,% of GDP,World Bank,2026-10-09
HRV,Croatia,2015,GC.TAX.TOTL.GD.ZS,21.4161380150546,% of GDP,World Bank,2026-10-09
HRV,Croatia,2016,GC.TAX.TOTL.GD.ZS,21.9038199554303,% of GDP,World Bank,2026-10-09
HRV,Croatia,2017,GC.TAX.TOTL.GD.ZS,22.0181754202526,% of GDP,World Bank,2026-10-09
HRV,Croatia,2018,GC.TAX.TOTL.GD.ZS,21.7868108087404,% of GDP,World Bank,2026-10-09
HRV,Croatia,2019,GC.TAX.TOTL.GD.ZS,21.9731340837067,% of GDP,World Bank,2026-10-09
HRV,Croatia,2020,GC.TAX.TOTL.GD.ZS,20.8751911556046,% of GDP,World Bank,2026-10-09
HRV,Croatia,2021,GC.TAX.TOTL.GD.ZS,21.0722366007919,% of GDP,World Bank,2026-10-09
HRV,Croatia,2022,GC.TAX.TOTL.GD.ZS,21.6758788990283,% of GDP,World Bank,2026-10-09
HRV,Croatia,2023,GC.TAX.TOTL.GD.ZS,21.1835412825499,% of GDP,World Bank,2026-10-09
HUN,Hungary,2010,GC.TAX.TOTL.GD.ZS,22.6349958124257,% of GDP,World Bank,2026-10-09
HUN,Hungary,2011,GC.TAX.TOTL.GD.ZS,21.0755779468166,% of GDP,World Bank,2026-10-09
HUN,Hungary,2012,GC.TAX.TOTL.GD.ZS,22.9290319408291,% of GDP,World Bank,2026-10-09
HUN,Hungary,2013,GC.TAX.TOTL.GD.ZS,22.8744366474572,% of GDP,World Bank,2026-10-09
HUN,Hungary,2014,GC.TAX.TOTL.GD.ZS,23.0029515544783,% of GDP,World Bank,2026-10-09
HUN,Hungary,2015,GC.TAX.TOTL.GD.ZS,23.2251876567379,% of GDP,World Bank,2026-10-09
HUN,Hungary,2016,GC.TAX.TOTL.GD.ZS,23.0038696424493,% of GDP,World Bank,2026-10-09
HUN,Hungary,2017,GC.TAX.TOTL.GD.ZS,22.8501937757718,% of GDP,World Bank,2026-10-09
HUN,Hungary,2018,GC.TAX.TOTL.GD.ZS,22.4528392167293,% of GDP,World Bank,2026-10-09
HUN,Hungary,2019,GC.TAX.TOTL.GD.ZS,22.2398241353198,% of GDP,World Bank,2026-10-09
HUN,Hungary,2020,GC.TAX.TOTL.GD.ZS,22.6858959289388,% of GDP,World Bank,2026-10-09
HUN,Hungary,2021,GC.TAX.TOTL.GD.ZS,21.3456992963306,% of GDP,World Bank,2026-10-09
HUN,Hungary,2022,GC.TAX.TOTL.GD.ZS,23.4285893294636,% of GDP,World Bank,2026-10-09
HUN,Hungary,2023,GC.TAX.TOTL.GD.ZS,22.9196603722488,% of GDP,World Bank,2026-10-09
HUN,Hungary,2024,GC.TAX.TOTL.GD.ZS,22.7430789981067,% of GDP,World Bank,2026-10-09
IRL,Ireland,2010,GC.TAX.TOTL.GD.ZS,21.8577885441949,% of GDP,World Bank,2026-10-09
IRL,Ireland,2011,GC.TAX.TOTL.GD.ZS,21.6788892286331,% of GDP,World Bank,2026-10-09
IRL,Ireland,2012,GC.TAX.TOTL.GD.ZS,22.3408807114637,% of GDP,World Bank,2026-10-09
IRL,Ireland,2013,GC.TAX.TOTL.GD.ZS,22.4770470912618,% of GDP,World Bank,2026-10-09
IRL,Ireland,2014,GC.TAX.TOTL.GD.ZS,22.4854573798423,% of GDP,World Bank,2026-10-09
IRL,Ireland,2015,GC.TAX.TOTL.GD.ZS,18.1286187339395,% of GDP,World Bank,2026-10-09
IRL,Ireland,2016,GC.TAX.TOTL.GD.ZS,18.6492727236414,% of GDP,World Bank,2026-10-09
IRL,Ireland,2017,GC.TAX.TOTL.GD.ZS,17.6218306435406,% of GDP,World Bank,2026-10-09
IRL,Ireland,2018,GC.TAX.TOTL.GD.ZS,17.626188645583,% of GDP,World Bank,2026-10-09
IRL,Ireland,2019,GC.TAX.TOTL.GD.ZS,17.3596434260253,% of GDP,World Bank,2026-10-09
IRL,Ireland,2020,GC.TAX.TOTL.GD.ZS,15.929927751069,% of GDP,World Bank,2026-10-09
IRL,Ireland,2021,GC.TAX.TOTL.GD.ZS,16.633416481597,% of GDP,World Bank,2026-10-09
IRL,Ireland,2022,GC.TAX.TOTL.GD.ZS,16.7626298923533,% of GDP,World Bank,2026-10-09
IRL,Ireland,2023,GC.TAX.TOTL.GD.ZS,17.519885397856,% of GDP,World Bank,2026-10-09
IRL,Ireland,2024,GC.TAX.TOTL.GD.ZS,17.9419509627541,% of GDP,World Bank,2026-10-09
ITA,Italy,2010,GC.TAX.TOTL.GD.ZS,23.7379559387907,% of GDP,World Bank,2026-10-09
ITA,Italy,2011,GC.TAX.TOTL.GD.ZS,23.6907780327076,% of GDP,World Bank,2026-10-09
ITA,Italy,2012,GC.TAX.TOTL.GD.ZS,24.9107338882362,% of GDP,World Bank,2026-10-09
ITA,Italy,2013,GC.TAX.TOTL.GD.ZS,25.1831182980011,% of GDP,World Bank,2026-10-09
ITA,Italy,2014,GC.TAX.TOTL.GD.ZS,24.9693939747194,% of GDP,World Bank,2026-10-09
ITA,Italy,2015,GC.TAX.TOTL.GD.ZS,24.8391474255923,% of GDP,World Bank,2026-10-09
ITA,Italy,2016,GC.TAX.TOTL.GD.ZS,25.0831052252075,% of GDP,World Bank,2026-10-09
ITA,Italy,2017,GC.TAX.TOTL.GD.ZS,24.697204288008,% of GDP,World Bank,2026-10-09
ITA,Italy,2018,GC.TAX.TOTL.GD.ZS,24.2435864233351,% of GDP,World Bank,2026-10-09
ITA,Italy,2019,GC.TAX.TOTL.GD.ZS,24.6616145255819,% of GDP,World Bank,2026-10-09
ITA,Italy,2020,GC.TAX.TOTL.GD.ZS,24.8458109789517,% of GDP,World Bank,2026-10-09
ITA,Italy,2021,GC.TAX.TOTL.GD.ZS,24.8769150126615,% of GDP,World Bank,2026-10-09
ITA,Italy,2022,GC.TAX.TOTL.GD.ZS,24.6064132004012,% of GDP,World Bank,2026-10-09
ITA,Italy,2023,GC.TAX.TOTL.GD.ZS,24.7358481020881,% of GDP,World Bank,2026-10-09
ITA,Italy,2024,GC.TAX.TOTL.GD.ZS,25.6045418430039,% of GDP,World Bank,2026-10-09
LTU,Lithuania,2010,GC.TAX.TOTL.GD.ZS,16.2409988579148,% of GDP,World Bank,2026-10-09
LTU,Lithuania,2011,GC.TAX.TOTL.GD.ZS,15.6660449989807,% of GDP,World Bank,2026-10-09
LTU,Lithuania,2012,GC.TAX.TOTL.GD.ZS,15.6846191314427,% of GDP,World Bank,2026-10-09
LTU,Lithuania,2013,GC.TAX.TOTL.GD.ZS,15.7811714718234,% of GDP,World Bank,2026-10-09
LTU,Lithuania,2014,GC.TAX.TOTL.GD.ZS,16.0335026552639,% of GDP,World Bank,2026-10-09
LTU,Lithuania,2015,GC.TAX.TOTL.GD.ZS,16.7577252933798,% of GDP,World Bank,2026-10-09
LTU,Lithuania,2016,GC.TAX.TOTL.GD.ZS,17.0998350982682,% of GDP,World Bank,2026-10-09
LTU,Lithuania,2017,GC.TAX.TOTL.GD.ZS,16.7642158990642,% of GDP,World Bank,2026-10-09
LTU,Lithuania,2018,GC.TAX.TOTL.GD.ZS,16.7524651283353,% of GDP,World Bank,2026-10-09
LTU,Lithuania,2019,GC.TAX.TOTL.GD.ZS,20.0889400531483,% of GDP,World Bank,2026-10-09
LTU,Lithuania,2020,GC.TAX.TOTL.GD.ZS,20.5030171627523,% of GDP,World Bank,2026-10-09
LTU,Lithuania,2021,GC.TAX.TOTL.GD.ZS,21.2633953094284,% of GDP,World Bank,2026-10-09
LTU,Lithuania,2022,GC.TAX.TOTL.GD.ZS,21.4560996107325,% of GDP,World Bank,2026-10-09
LTU,Lithuania,2023,GC.TAX.TOTL.GD.ZS,21.3397813891106,% of GDP,World Bank,2026-10-09
LTU,Lithuania,2024,GC.TAX.TOTL.GD.ZS,21.8686469645785,% of GDP,World Bank,2026-10-09
LUX,Luxembourg,2010,GC.TAX.TOTL.GD.ZS,23.8178404378116,% of GDP,World Bank,2026-10-09
LUX,Luxembourg,2011,GC.TAX.TOTL.GD.ZS,23.9870478540645,% of GDP,World Bank,2026-10-09
LUX,Luxembourg,2012,GC.TAX.TOTL.GD.ZS,24.4278271542178,% of GDP,World Bank,2026-10-09
LUX,Luxembourg,2013,GC.TAX.TOTL.GD.ZS,24.5522669560732,% of GDP,World Bank,2026-10-09
LUX,Luxembourg,2014,GC.TAX.TOTL.GD.ZS,24.7451561578152,% of GDP,World Bank,2026-10-09
LUX,Luxembourg,2015,GC.TAX.TOTL.GD.ZS,23.3218593726636,% of GDP,World Bank,2026-10-09
LUX,Luxembourg,2016,GC.TAX.TOTL.GD.ZS,23.7675096749456,% of GDP,World Bank,2026-10-09
LUX,Luxembourg,2017,GC.TAX.TOTL.GD.ZS,24.5181470528935,% of GDP,World Bank,2026-10-09
LUX,Luxembourg,2018,GC.TAX.TOTL.GD.ZS,26.8854541322106,% of GDP,World Bank,2026-10-09
LUX,Luxembourg,2019,GC.TAX.TOTL.GD.ZS,26.8884834309941,% of GDP,World Bank,2026-10-09
LUX,Luxembourg,2020,GC.TAX.TOTL.GD.ZS,25.6864231937241,% of GDP,World Bank,2026-10-09
LUX,Luxembourg,2021,GC.TAX.TOTL.GD.ZS,26.1173902630411,% of GDP,World Bank,2026-10-09
LUX,Luxembourg,2022,GC.TAX.TOTL.GD.ZS,26.709050992885,% of GDP,World Bank,2026-10-09
LUX,Luxembourg,2023,GC.TAX.TOTL.GD.ZS,26.983997047085,% of GDP,World Bank,2026-10-09
LUX,Luxembourg,2024,GC.TAX.TOTL.GD.ZS,28.636905101724,% of GDP,World Bank,2026-10-09
LVA,Latvia,2010,GC.TAX.TOTL.GD.ZS,14.1617549792208,% of GDP,World Bank,2026-10-09
LVA,Latvia,2011,GC.TAX.TOTL.GD.ZS,15.0349474767828,% of GDP,World Bank,2026-10-09
LVA,Latvia,2012,GC.TAX.TOTL.GD.ZS,15.4465961149387,% of GDP,World Bank,2026-10-09
LVA,Latvia,2013,GC.TAX.TOTL.GD.ZS,15.9028434483155,% of GDP,World Bank,2026-10-09
LVA,Latvia,2014,GC.TAX.TOTL.GD.ZS,16.1740602062131,% of GDP,World Bank,2026-10-09
LVA,Latvia,2015,GC.TAX.TOTL.GD.ZS,16.3739257773551,% of GDP,World Bank,2026-10-09
LVA,Latvia,2016,GC.TAX.TOTL.GD.ZS,17.2317291892857,% of GDP,World Bank,2026-10-09
LVA,Latvia,2017,GC.TAX.TOTL.GD.ZS,17.2061420461167,% of GDP,World Bank,2026-10-09
LVA,Latvia,2018,GC.TAX.TOTL.GD.ZS,16.1995106602059,% of GDP,World Bank,2026-10-09
LVA,Latvia,2019,GC.TAX.TOTL.GD.ZS,16.1998506375401,% of GDP,World Bank,2026-10-09
LVA,Latvia,2020,GC.TAX.TOTL.GD.ZS,16.2818527296083,% of GDP,World Bank,2026-10-09
LVA,Latvia,2021,GC.TAX.TOTL.GD.ZS,16.4485824289653,% of GDP,World Bank,2026-10-09
LVA,Latvia,2022,GC.TAX.TOTL.GD.ZS,17.142238825739,% of GDP,World Bank,2026-10-09
LVA,Latvia,2023,GC.TAX.TOTL.GD.ZS,16.6264388220862,% of GDP,World Bank,2026-10-09
LVA,Latvia,2024,GC.TAX.TOTL.GD.ZS,17.6470478263995,% of GDP,World Bank,2026-10-09
MKD,North Macedonia,2010,GC.TAX.TOTL.GD.ZS,16.8656928030442,% of GDP,World Bank,2026-10-09
MKD,North Macedonia,2011,GC.TAX.TOTL.GD.ZS,16.999651001969,% of GDP,World Bank,2026-10-09
MKD,North Macedonia,2012,GC.TAX.TOTL.GD.ZS,16.4166504179317,% of GDP,World Bank,2026-10-09
MKD,North Macedonia,2013,GC.TAX.TOTL.GD.ZS,15.6689580043276,% of GDP,World Bank,2026-10-09
MKD,North Macedonia,2014,GC.TAX.TOTL.GD.ZS,16.2352837081218,% of GDP,World Bank,2026-10-09
MKD,North Macedonia,2015,GC.TAX.TOTL.GD.ZS,16.8182331222247,% of GDP,World Bank,2026-10-09
MKD,North Macedonia,2016,GC.TAX.TOTL.GD.ZS,16.9511578216024,% of GDP,World Bank,2026-10-09
MKD,North Macedonia,2017,GC.TAX.TOTL.GD.ZS,17.1611135905492,% of GDP,World Bank,2026-10-09
MKD,North Macedonia,2018,GC.TAX.TOTL.GD.ZS,17.5749363175957,% of GDP,World Bank,2026-10-09
MKD,North Macedonia,2019,GC.TAX.TOTL.GD.ZS,17.0832810795126,% of GDP,World Bank,2026-10-09
MKD,North Macedonia,2020,GC.TAX.TOTL.GD.ZS,16.1270346639672,% of GDP,World Bank,2026-10-09
MKD,North Macedonia,2021,GC.TAX.TOTL.GD.ZS,17.3929631432116,% of GDP,World Bank,2026-10-09
MKD,North Macedonia,2022,GC.TAX.TOTL.GD.ZS,17.6879383146833,% of GDP,World Bank,2026-10-09
MKD,North Macedonia,2023,GC.TAX.TOTL.GD.ZS,17.7577976488562,% of GDP,World Bank,2026-10-09
MKD,North Macedonia,2024,GC.TAX.TOTL.GD.ZS,18.7571347667176,% of GDP,World Bank,2026-10-09
MLT,Malta,2010,GC.TAX.TOTL.GD.ZS,25.1397908735498,% of GDP,World Bank,2026-10-09
MLT,Malta,2011,GC.TAX.TOTL.GD.ZS,25.4110072148213,% of GDP,World Bank,2026-10-09
MLT,Malta,2012,GC.TAX.TOTL.GD.ZS,25.2954088688708,% of GDP,World Bank,2026-10-09
MLT,Malta,2013,GC.TAX.TOTL.GD.ZS,25.1421033341581,% of GDP,World Bank,2026-10-09
MLT,Malta,2014,GC.TAX.TOTL.GD.ZS,25.5760346210372,% of GDP,World Bank,2026-10-09
MLT,Malta,2015,GC.TAX.TOTL.GD.ZS,24.3217053391404,% of GDP,World Bank,2026-10-09
MLT,Malta,2016,GC.TAX.TOTL.GD.ZS,26.2493786095596,% of GDP,World Bank,2026-10-09
MLT,Malta,2017,GC.TAX.TOTL.GD.ZS,26.0056800216801,% of GDP,World Bank,2026-10-09
MLT,Malta,2018,GC.TAX.TOTL.GD.ZS,25.4268199377914,% of GDP,World Bank,2026-10-09
MLT,Malta,2019,GC.TAX.TOTL.GD.ZS,25.1029745880045,% of GDP,World Bank,2026-10-09
MLT,Malta,2020,GC.TAX.TOTL.GD.ZS,22.4923846366951,% of GDP,World Bank,2026-10-09
MLT,Malta,2021,GC.TAX.TOTL.GD.ZS,22.4193457501334,% of GDP,World Bank,2026-10-09
MLT,Malta,2022,GC.TAX.TOTL.GD.ZS,22.9781648948001,% of GDP,World Bank,2026-10-09
MLT,Malta,2023,GC.TAX.TOTL.GD.ZS,21.4475598333078,% of GDP,World Bank,2026-10-09
MLT,Malta,2024,GC.TAX.TOTL.GD.ZS,24.0777855096016,% of GDP,World Bank,2026-10-09
NLD,Netherlands,2010,GC.TAX.TOTL.GD.ZS,20.7736282739937,% of GDP,World Bank,2026-10-09
NLD,Netherlands,2011,GC.TAX.TOTL.GD.ZS,20.6627002818542,% of GDP,World Bank,2026-10-09
NLD,Netherlands,2012,GC.TAX.TOTL.GD.ZS,20.3256602535276,% of GDP,World Bank,2026-10-09
NLD,Netherlands,2013,GC.TAX.TOTL.GD.ZS,20.5483444942433,% of GDP,World Bank,2026-10-09
NLD,Netherlands,2014,GC.TAX.TOTL.GD.ZS,21.6080409414892,% of GDP,World Bank,2026-10-09
NLD,Netherlands,2015,GC.TAX.TOTL.GD.ZS,21.7393356455823,% of GDP,World Bank,2026-10-09
NLD,Netherlands,2016,GC.TAX.TOTL.GD.ZS,22.3460964348943,% of GDP,World Bank,2026-10-09
NLD,Netherlands,2017,GC.TAX.TOTL.GD.ZS,23.0992154340151,% of GDP,World Bank,2026-10-09
NLD,Netherlands,2018,GC.TAX.TOTL.GD.ZS,22.9733523187001,% of GDP,World Bank,2026-10-09
NLD,Netherlands,2019,GC.TAX.TOTL.GD.ZS,23.7024369491677,% of GDP,World Bank,2026-10-09
NLD,Netherlands,2020,GC.TAX.TOTL.GD.ZS,23.8138164252391,% of GDP,World Bank,2026-10-09
NLD,Netherlands,2021,GC.TAX.TOTL.GD.ZS,24.2474342437328,% of GDP,World Bank,2026-10-09
NLD,Netherlands,2022,GC.TAX.TOTL.GD.ZS,23.9133847175545,% of GDP,World Bank,2026-10-09
NLD,Netherlands,2023,GC.TAX.TOTL.GD.ZS,25.2407076056081,% of GDP,World Bank,2026-10-09
NLD,Netherlands,2024,GC.TAX.TOTL.GD.ZS,25.2758922306144,% of GDP,World Bank,2026-10-09
POL,Poland,2010,GC.TAX.TOTL.GD.ZS,16.5370235494052,% of GDP,World Bank,2026-10-09
POL,Poland,2011,GC.TAX.TOTL.GD.ZS,16.6696825635336,% of GDP,World Bank,2026-10-09
POL,Poland,2012,GC.TAX.TOTL.GD.ZS,16.0052569222101,% of GDP,World Bank,2026-10-09
POL,Poland,2013,GC.TAX.TOTL.GD.ZS,15.6742591136229,% of GDP,World Bank,2026-10-09
POL,Poland,2014,GC.TAX.TOTL.GD.ZS,15.6271982270924,% of GDP,World Bank,2026-10-09
POL,Poland,2015,GC.TAX.TOTL.GD.ZS,15.6135953190934,% of GDP,World Bank,2026-10-09
POL,Poland,2016,GC.TAX.TOTL.GD.ZS,16.2090291324573,% of GDP,World Bank,2026-10-09
POL,Poland,2017,GC.TAX.TOTL.GD.ZS,16.7355756807269,% of GDP,World Bank,2026-10-09
POL,Poland,2018,GC.TAX.TOTL.GD.ZS,17.1848218488937,% of GDP,World Bank,2026-10-09
POL,Poland,2019,GC.TAX.TOTL.GD.ZS,17.1407592886385,% of GDP,World Bank,2026-10-09
POL,Poland,2020,GC.TAX.TOTL.GD.ZS,17.291144093996,% of GDP,World Bank,2026-10-09
POL,Poland,2021,GC.TAX.TOTL.GD.ZS,18.9590677200004,% of GDP,World Bank,2026-10-09
POL,Poland,2022,GC.TAX.TOTL.GD.ZS,17.1225309189416,% of GDP,World Bank,2026-10-09
POL,Poland,2023,GC.TAX.TOTL.GD.ZS,17.9988487014512,% of GDP,World Bank,2026-10-09
POL,Poland,2024,GC.TAX.TOTL.GD.ZS,17.389703708732,% of GDP,World Bank,2026-10-09
PRT,Portugal,2010,GC.TAX.TOTL.GD.ZS,19.8714612760875,% of GDP,World Bank,2026-10-09
PRT,Portugal,2011,GC.TAX.TOTL.GD.ZS,21.3595814303725,% of GDP,World Bank,2026-10-09
PRT,Portugal,2012,GC.TAX.TOTL.GD.ZS,21.0111817015375,% of GDP,World Bank,2026-10-09
PRT,Portugal,2013,GC.TAX.TOTL.GD.ZS,22.8736947705996,% of GDP,World Bank,2026-10-09
PRT,Portugal,2014,GC.TAX.TOTL.GD.ZS,22.8746795754976,% of GDP,World Bank,2026-10-09
PRT,Portugal,2015,GC.TAX.TOTL.GD.ZS,23.078466918073,% of GDP,World Bank,2026-10-09
PRT,Portugal,2016,GC.TAX.TOTL.GD.ZS,22.6170386298855,% of GDP,World Bank,2026-10-09
PRT,Portugal,2017,GC.TAX.TOTL.GD.ZS,22.6364061063622,% of GDP,World Bank,2026-10-09
PRT,Portugal,2018,GC.TAX.TOTL.GD.ZS,22.8445730542681,% of GDP,World Bank,2026-10-09
PRT,Portugal,2019,GC.TAX.TOTL.GD.ZS,22.4472570141358,% of GDP,World Bank,2026-10-09
PRT,Portugal,2020,GC.TAX.TOTL.GD.ZS,22.2595830862446,% of GDP,World Bank,2026-10-09
PRT,Portugal,2021,GC.TAX.TOTL.GD.ZS,22.2832932193953,% of GDP,World Bank,2026-10-09
PRT,Portugal,2022,GC.TAX.TOTL.GD.ZS,23.1729317343953,% of GDP,World Bank,2026-10-09
PRT,Portugal,2023,GC.TAX.TOTL.GD.ZS,22.6749724614278,% of GDP,World Bank,2026-10-09
PRT,Portugal,2024,GC.TAX.TOTL.GD.ZS,22.3472676749446,% of GDP,World Bank,2026-10-09
ROU,Romania,2010,GC.TAX.TOTL.GD.ZS,16.2393386961731,% of GDP,World Bank,2026-10-09
ROU,Romania,2011,GC.TAX.TOTL.GD.ZS,17.2153737430501,% of GDP,World Bank,2026-10-09
ROU,Romania,2012,GC.TAX.TOTL.GD.ZS,17.1451995582204,% of GDP,World Bank,2026-10-09
ROU,Romania,2013,GC.TAX.TOTL.GD.ZS,17.7604277160507,% of GDP,World Bank,2026-10-09
ROU,Romania,2014,GC.TAX.TOTL.GD.ZS,17.9382124516934,% of GDP,World Bank,2026-10-09
ROU,Romania,2015,GC.TAX.TOTL.GD.ZS,18.9161834013848,% of GDP,World Bank,2026-10-09
ROU,Romania,2016,GC.TAX.TOTL.GD.ZS,17.1093366816947,% of GDP,World Bank,2026-10-09
ROU,Romania,2017,GC.TAX.TOTL.GD.ZS,15.5817390983731,% of GDP,World Bank,2026-10-09
ROU,Romania,2018,GC.TAX.TOTL.GD.ZS,14.4681093064241,% of GDP,World Bank,2026-10-09
ROU,Romania,2019,GC.TAX.TOTL.GD.ZS,14.5462809277142,% of GDP,World Bank,2026-10-09
ROU,Romania,2020,GC.TAX.TOTL.GD.ZS,14.2496122082184,% of GDP,World Bank,2026-10-09
ROU,Romania,2021,GC.TAX.TOTL.GD.ZS,14.9923011117731,% of GDP,World Bank,2026-10-09
ROU,Romania,2022,GC.TAX.TOTL.GD.ZS,16.4561867713498,% of GDP,World Bank,2026-10-09
ROU,Romania,2023,GC.TAX.TOTL.GD.ZS,15.6722108460327,% of GDP,World Bank,2026-10-09
ROU,Romania,2024,GC.TAX.TOTL.GD.ZS,16.2063555287274,% of GDP,World Bank,2026-10-09
SRB,Serbia,2010,GC.TAX.TOTL.GD.ZS,19.4313895022311,% of GDP,World Bank,2026-10-09
SRB,Serbia,2011,GC.TAX.TOTL.GD.ZS,18.3137738004771,% of GDP,World Bank,2026-10-09
SRB,Serbia,2012,GC.TAX.TOTL.GD.ZS,17.8145603317234,% of GDP,World Bank,2026-10-09
SRB,Serbia,2013,GC.TAX.TOTL.GD.ZS,19.9874009064063,% of GDP,World Bank,2026-10-09
SRB,Serbia,2014,GC.TAX.TOTL.GD.ZS,21.0521740869991,% of GDP,World Bank,2026-10-09
SRB,Serbia,2015,GC.TAX.TOTL.GD.ZS,21.4666537370513,% of GDP,World Bank,2026-10-09
SRB,Serbia,2016,GC.TAX.TOTL.GD.ZS,22.4444642528224,% of GDP,World Bank,2026-10-09
SRB,Serbia,2017,GC.TAX.TOTL.GD.ZS,23.1289563600506,% of GDP,World Bank,2026-10-09
SRB,Serbia,2018,GC.TAX.TOTL.GD.ZS,22.6384537211685,% of GDP,World Bank,2026-10-09
SRB,Serbia,2019,GC.TAX.TOTL.GD.ZS,23.0002958047357,% of GDP,World Bank,2026-10-09
SRB,Serbia,2020,GC.TAX.TOTL.GD.ZS,22.4302344933492,% of GDP,World Bank,2026-10-09
SRB,Serbia,2021,GC.TAX.TOTL.GD.ZS,19.6609961159321,% of GDP,World Bank,2026-10-09
SRB,Serbia,2022,GC.TAX.TOTL.GD.ZS,23.8929959453301,% of GDP,World Bank,2026-10-09
SVK,Slovakia,2010,GC.TAX.TOTL.GD.ZS,15.0118814047322,% of GDP,World Bank,2026-10-09
SVK,Slovakia,2011,GC.TAX.TOTL.GD.ZS,16.0042157471556,% of GDP,World Bank,2026-10-09
SVK,Slovakia,2012,GC.TAX.TOTL.GD.ZS,15.4994966810736,% of GDP,World Bank,2026-10-09
SVK,Slovakia,2013,GC.TAX.TOTL.GD.ZS,16.6590836493512,% of GDP,World Bank,2026-10-09
SVK,Slovakia,2014,GC.TAX.TOTL.GD.ZS,17.3884614229196,% of GDP,World Bank,2026-10-09
SVK,Slovakia,2015,GC.TAX.TOTL.GD.ZS,18.0514912186747,% of GDP,World Bank,2026-10-09
SVK,Slovakia,2016,GC.TAX.TOTL.GD.ZS,18.0127305314246,% of GDP,World Bank,2026-10-09
SVK,Slovakia,2017,GC.TAX.TOTL.GD.ZS,18.5023794034795,% of GDP,World Bank,2026-10-09
SVK,Slovakia,2018,GC.TAX.TOTL.GD.ZS,18.4643033716736,% of GDP,World Bank,2026-10-09
SVK,Slovakia,2019,GC.TAX.TOTL.GD.ZS,18.7604262425428,% of GDP,World Bank,2026-10-09
SVK,Slovakia,2020,GC.TAX.TOTL.GD.ZS,18.4644586007277,% of GDP,World Bank,2026-10-09
SVK,Slovakia,2021,GC.TAX.TOTL.GD.ZS,18.9752480894666,% of GDP,World Bank,2026-10-09
SVK,Slovakia,2022,GC.TAX.TOTL.GD.ZS,19.8495900641177,% of GDP,World Bank,2026-10-09
SVK,Slovakia,2023,GC.TAX.TOTL.GD.ZS,19.4161031226021,% of GDP,World Bank,2026-10-09
SVK,Slovakia,2024,GC.TAX.TOTL.GD.ZS,19.1422953144335,% of GDP,World Bank,2026-10-09
SVN,Slovenia,2010,GC.TAX.TOTL.GD.ZS,22.0180158109209,% of GDP,World Bank,2026-10-09
SVN,Slovenia,2011,GC.TAX.TOTL.GD.ZS,21.6954700360199,% of GDP,World Bank,2026-10-09
SVN,Slovenia,2012,GC.TAX.TOTL.GD.ZS,21.7020526038348,% of GDP,World Bank,2026-10-09
SVN,Slovenia,2013,GC.TAX.TOTL.GD.ZS,21.8958895091008,% of GDP,World Bank,2026-10-09
SVN,Slovenia,2014,GC.TAX.TOTL.GD.ZS,22.0340192699754,% of GDP,World Bank,2026-10-09
SVN,Slovenia,2015,GC.TAX.TOTL.GD.ZS,22.1224219708005,% of GDP,World Bank,2026-10-09
SVN,Slovenia,2016,GC.TAX.TOTL.GD.ZS,22.1634784860129,% of GDP,World Bank,2026-10-09
SVN,Slovenia,2017,GC.TAX.TOTL.GD.ZS,21.9054599223497,% of GDP,World Bank,2026-10-09
SVN,Slovenia,2018,GC.TAX.TOTL.GD.ZS,22.033082917798,% of GDP,World Bank,2026-10-09
SVN,Slovenia,2019,GC.TAX.TOTL.GD.ZS,21.6992617438153,% of GDP,World Bank,2026-10-09
SVN,Slovenia,2020,GC.TAX.TOTL.GD.ZS,20.4885506119886,% of GDP,World Bank,2026-10-09
SVN,Slovenia,2021,GC.TAX.TOTL.GD.ZS,21.6087104347701,% of GDP,World Bank,2026-10-09
SVN,Slovenia,2022,GC.TAX.TOTL.GD.ZS,21.0310570417072,% of GDP,World Bank,2026-10-09
SVN,Slovenia,2023,GC.TAX.TOTL.GD.ZS,20.3262503886026,% of GDP,World Bank,2026-10-09
SVN,Slovenia,2024,GC.TAX.TOTL.GD.ZS,20.9851312589996,% of GDP,World Bank,2026-10-09
SWE,Sweden,2010,GC.TAX.TOTL.GD.ZS,27.8145320559063,% of GDP,World Bank,2026-10-09
SWE,Sweden,2011,GC.TAX.TOTL.GD.ZS,27.1369948907058,% of GDP,World Bank,2026-10-09
SWE,Sweden,2012,GC.TAX.TOTL.GD.ZS,26.7821006606265,% of GDP,World Bank,2026-10-09
SWE,Sweden,2013,GC.TAX.TOTL.GD.ZS,26.844295469932,% of GDP,World Bank,2026-10-09
SWE,Sweden,2014,GC.TAX.TOTL.GD.ZS,26.9323651387377,% of GDP,World Bank,2026-10-09
SWE,Sweden,2015,GC.TAX.TOTL.GD.ZS,27.5056157786362,% of GDP,World Bank,2026-10-09
SWE,Sweden,2016,GC.TAX.TOTL.GD.ZS,28.3765415278316,% of GDP,World Bank,2026-10-09
SWE,Sweden,2017,GC.TAX.TOTL.GD.ZS,28.5539988730335,% of GDP,World Bank,2026-10-09
SWE,Sweden,2018,GC.TAX.TOTL.GD.ZS,28.3406068478267,% of GDP,World Bank,2026-10-09
SWE,Sweden,2019,GC.TAX.TOTL.GD.ZS,27.7012981685122,% of GDP,World Bank,2026-10-09
SWE,Sweden,2020,GC.TAX.TOTL.GD.ZS,27.0128699114576,% of GDP,World Bank,2026-10-09
SWE,Sweden,2021,GC.TAX.TOTL.GD.ZS,28.0126472933463,% of GDP,World Bank,2026-10-09
SWE,Sweden,2022,GC.TAX.TOTL.GD.ZS,28.1710469421456,% of GDP,World Bank,2026-10-09
SWE,Sweden,2023,GC.TAX.TOTL.GD.ZS,27.3763764638778,% of GDP,World Bank,2026-10-09
SWE,Sweden,2024,GC.TAX.TOTL.GD.ZS,27.2263453447308,% of GDP,World Bank,2026-10-09
ALB,Albania,2010,GGXWDG_NGDP,57.7,% of GDP,IMF,2026-10-09
ALB,Albania,2011,GGXWDG_NGDP,59.4,% of GDP,IMF,2026-10-09
ALB,Albania,2012,GGXWDG_NGDP,62.1,% of GDP,IMF,2026-10-09
ALB,Albania,2013,GGXWDG_NGDP,70.4,% of GDP,IMF,2026-10-09
ALB,Albania,2014,GGXWDG_NGDP,72.0,% of GDP,IMF,2026-10-09
ALB,Albania,2015,GGXWDG_NGDP,73.7,% of GDP,IMF,2026-10-09
ALB,Albania,2016,GGXWDG_NGDP,73.3,% of GDP,IMF,2026-10-09
ALB,Albania,2017,GGXWDG_NGDP,71.9,% of GDP,IMF,2026-10-09
ALB,Albania,2018,GGXWDG_NGDP,68.5,% of GDP,IMF,2026-10-09
ALB,Albania,2019,GGXWDG_NGDP,66.6,% of GDP,IMF,2026-10-09
ALB,Albania,2020,GGXWDG_NGDP,75.4,% of GDP,IMF,2026-10-09
ALB,Albania,2021,GGXWDG_NGDP,74.8,% of GDP,IMF,2026-10-09
ALB,Albania,2022,GGXWDG_NGDP,64.7,% of GDP,IMF,2026-10-09
ALB,Albania,2023,GGXWDG_NGDP,58.0,% of GDP,IMF,2026-10-09
ALB,Albania,2024,GGXWDG_NGDP,54.5,% of GDP,IMF,2026-10-09
ALB,Albania,2025,GGXWDG_NGDP,52.6,% of GDP,IMF,2026-10-09
AUT,Austria,2010,GGXWDG_NGDP,83.7,% of GDP,IMF,2026-10-09
AUT,Austria,2011,GGXWDG_NGDP,83.4,% of GDP,IMF,2026-10-09
AUT,Austria,2012,GGXWDG_NGDP,82.9,% of GDP,IMF,2026-10-09
AUT,Austria,2013,GGXWDG_NGDP,82.4,% of GDP,IMF,2026-10-09
AUT,Austria,2014,GGXWDG_NGDP,85.2,% of GDP,IMF,2026-10-09
AUT,Austria,2015,GGXWDG_NGDP,85.6,% of GDP,IMF,2026-10-09
AUT,Austria,2016,GGXWDG_NGDP,83.4,% of GDP,IMF,2026-10-09
AUT,Austria,2017,GGXWDG_NGDP,79.1,% of GDP,IMF,2026-10-09
AUT,Austria,2018,GGXWDG_NGDP,74.6,% of GDP,IMF,2026-10-09
AUT,Austria,2019,GGXWDG_NGDP,71.0,% of GDP,IMF,2026-10-09
AUT,Austria,2020,GGXWDG_NGDP,83.2,% of GDP,IMF,2026-10-09
AUT,Austria,2021,GGXWDG_NGDP,82.4,% of GDP,IMF,2026-10-09
AUT,Austria,2022,GGXWDG_NGDP,78.1,% of GDP,IMF,2026-10-09
AUT,Austria,2023,GGXWDG_NGDP,77.8,% of GDP,IMF,2026-10-09
AUT,Austria,2024,GGXWDG_NGDP,79.2,% of GDP,IMF,2026-10-09
AUT,Austria,2025,GGXWDG_NGDP,80.5,% of GDP,IMF,2026-10-09
BEL,Belgium,2010,GGXWDG_NGDP,100.2,% of GDP,IMF,2026-10-09
BEL,Belgium,2011,GGXWDG_NGDP,102.7,% of GDP,IMF,2026-10-09
BEL,Belgium,2012,GGXWDG_NGDP,104.3,% of GDP,IMF,2026-10-09
BEL,Belgium,2013,GGXWDG_NGDP,105.0,% of GDP,IMF,2026-10-09
BEL,Belgium,2014,GGXWDG_NGDP,106.6,% of GDP,IMF,2026-10-09
BEL,Belgium,2015,GGXWDG_NGDP,105.6,% of GDP,IMF,2026-10-09
BEL,Belgium,2016,GGXWDG_NGDP,105.5,% of GDP,IMF,2026-10-09
BEL,Belgium,2017,GGXWDG_NGDP,102.5,% of GDP,IMF,2026-10-09
BEL,Belgium,2018,GGXWDG_NGDP,100.1,% of GDP,IMF,2026-10-09
BEL,Belgium,2019,GGXWDG_NGDP,97.6,% of GDP,IMF,2026-10-09
BEL,Belgium,2020,GGXWDG_NGDP,111.2,% of GDP,IMF,2026-10-09
BEL,Belgium,2021,GGXWDG_NGDP,108.5,% of GDP,IMF,2026-10-09
BEL,Belgium,2022,GGXWDG_NGDP,103.1,% of GDP,IMF,2026-10-09
BEL,Belgium,2023,GGXWDG_NGDP,102.2,% of GDP,IMF,2026-10-09
BEL,Belgium,2024,GGXWDG_NGDP,103.9,% of GDP,IMF,2026-10-09
BEL,Belgium,2025,GGXWDG_NGDP,106.3,% of GDP,IMF,2026-10-09
BGR,Bulgaria,2010,GGXWDG_NGDP,14.1,% of GDP,IMF,2026-10-09
BGR,Bulgaria,2011,GGXWDG_NGDP,14.3,% of GDP,IMF,2026-10-09
BGR,Bulgaria,2012,GGXWDG_NGDP,16.5,% of GDP,IMF,2026-10-09
BGR,Bulgaria,2013,GGXWDG_NGDP,17.2,% of GDP,IMF,2026-10-09
BGR,Bulgaria,2014,GGXWDG_NGDP,26.3,% of GDP,IMF,2026-10-09
BGR,Bulgaria,2015,GGXWDG_NGDP,25.4,% of GDP,IMF,2026-10-09
BGR,Bulgaria,2016,GGXWDG_NGDP,27.0,% of GDP,IMF,2026-10-09
BGR,Bulgaria,2017,GGXWDG_NGDP,22.9,% of GDP,IMF,2026-10-09
BGR,Bulgaria,2018,GGXWDG_NGDP,20.1,% of GDP,IMF,2026-10-09
BGR,Bulgaria,2019,GGXWDG_NGDP,18.4,% of GDP,IMF,2026-10-09
BGR,Bulgaria,2020,GGXWDG_NGDP,22.7,% of GDP,IMF,2026-10-09
BGR,Bulgaria,2021,GGXWDG_NGDP,23.9,% of GDP,IMF,2026-10-09
BGR,Bulgaria,2022,GGXWDG_NGDP,22.5,% of GDP,IMF,2026-10-09
BGR,Bulgaria,2023,GGXWDG_NGDP,22.9,% of GDP,IMF,2026-10-09
BGR,Bulgaria,2024,GGXWDG_NGDP,23.8,% of GDP,IMF,2026-10-09
BGR,Bulgaria,2025,GGXWDG_NGDP,27.1,% of GDP,IMF,2026-10-09
BIH,Bosnia and Herzegovina,2010,GGXWDG_NGDP,42.2,% of GDP,IMF,2026-10-09
BIH,Bosnia and Herzegovina,2011,GGXWDG_NGDP,40.9,% of GDP,IMF,2026-10-09
BIH,Bosnia and Herzegovina,2012,GGXWDG_NGDP,43.6,% of GDP,IMF,2026-10-09
BIH,Bosnia and Herzegovina,2013,GGXWDG_NGDP,43.8,% of GDP,IMF,2026-10-09
BIH,Bosnia and Herzegovina,2014,GGXWDG_NGDP,47.1,% of GDP,IMF,2026-10-09
BIH,Bosnia and Herzegovina,2015,GGXWDG_NGDP,46.4,% of GDP,IMF,2026-10-09
BIH,Bosnia and Herzegovina,2016,GGXWDG_NGDP,44.9,% of GDP,IMF,2026-10-09
BIH,Bosnia and Herzegovina,2017,GGXWDG_NGDP,38.6,% of GDP,IMF,2026-10-09
BIH,Bosnia and Herzegovina,2018,GGXWDG_NGDP,34.5,% of GDP,IMF,2026-10-09
BIH,Bosnia and Herzegovina,2019,GGXWDG_NGDP,32.8,% of GDP,IMF,2026-10-09
BIH,Bosnia and Herzegovina,2020,GGXWDG_NGDP,37.2,% of GDP,IMF,2026-10-09
BIH,Bosnia and Herzegovina,2021,GGXWDG_NGDP,35.8,% of GDP,IMF,2026-10-09
BIH,Bosnia and Herzegovina,2022,GGXWDG_NGDP,31.2,% of GDP,IMF,2026-10-09
BIH,Bosnia and Herzegovina,2023,GGXWDG_NGDP,29.0,% of GDP,IMF,2026-10-09
BIH,Bosnia and Herzegovina,2024,GGXWDG_NGDP,29.4,% of GDP,IMF,2026-10-09
BIH,Bosnia and Herzegovina,2025,GGXWDG_NGDP,29.9,% of GDP,IMF,2026-10-09
CYP,Cyprus,2010,GGXWDG_NGDP,55.3,% of GDP,IMF,2026-10-09
CYP,Cyprus,2011,GGXWDG_NGDP,64.8,% of GDP,IMF,2026-10-09
CYP,Cyprus,2012,GGXWDG_NGDP,79.2,% of GDP,IMF,2026-10-09
CYP,Cyprus,2013,GGXWDG_NGDP,102.7,% of GDP,IMF,2026-10-09
CYP,Cyprus,2014,GGXWDG_NGDP,113.0,% of GDP,IMF,2026-10-09
CYP,Cyprus,2015,GGXWDG_NGDP,111.6,% of GDP,IMF,2026-10-09
CYP,Cyprus,2016,GGXWDG_NGDP,106.8,% of GDP,IMF,2026-10-09
CYP,Cyprus,2017,GGXWDG_NGDP,96.4,% of GDP,IMF,2026-10-09
CYP,Cyprus,2018,GGXWDG_NGDP,100.7,% of GDP,IMF,2026-10-09
CYP,Cyprus,2019,GGXWDG_NGDP,92.3,% of GDP,IMF,2026-10-09
CYP,Cyprus,2020,GGXWDG_NGDP,113.6,% of GDP,IMF,2026-10-09
CYP,Cyprus,2021,GGXWDG_NGDP,96.5,% of GDP,IMF,2026-10-09
CYP,Cyprus,2022,GGXWDG_NGDP,80.3,% of GDP,IMF,2026-10-09
CYP,Cyprus,2023,GGXWDG_NGDP,71.1,% of GDP,IMF,2026-10-09
CYP,Cyprus,2024,GGXWDG_NGDP,62.8,% of GDP,IMF,2026-10-09
CYP,Cyprus,2025,GGXWDG_NGDP,55.3,% of GDP,IMF,2026-10-09
CZE,Czechia,2010,GGXWDG_NGDP,36.7,% of GDP,IMF,2026-10-09
CZE,Czechia,2011,GGXWDG_NGDP,39.4,% of GDP,IMF,2026-10-09
CZE,Czechia,2012,GGXWDG_NGDP,43.8,% of GDP,IMF,2026-10-09
CZE,Czechia,2013,GGXWDG_NGDP,44.1,% of GDP,IMF,2026-10-09
CZE,Czechia,2014,GGXWDG_NGDP,41.5,% of GDP,IMF,2026-10-09
CZE,Czechia,2015,GGXWDG_NGDP,39.5,% of GDP,IMF,2026-10-09
CZE,Czechia,2016,GGXWDG_NGDP,36.2,% of GDP,IMF,2026-10-09
CZE,Czechia,2017,GGXWDG_NGDP,33.8,% of GDP,IMF,2026-10-09
CZE,Czechia,2018,GGXWDG_NGDP,31.7,% of GDP,IMF,2026-10-09
CZE,Czechia,2019,GGXWDG_NGDP,29.6,% of GDP,IMF,2026-10-09
CZE,Czechia,2020,GGXWDG_NGDP,36.9,% of GDP,IMF,2026-10-09
CZE,Czechia,2021,GGXWDG_NGDP,40.7,% of GDP,IMF,2026-10-09
CZE,Czechia,2022,GGXWDG_NGDP,42.5,% of GDP,IMF,2026-10-09
CZE,Czechia,2023,GGXWDG_NGDP,42.2,% of GDP,IMF,2026-10-09
CZE,Czechia,2024,GGXWDG_NGDP,43.3,% of GDP,IMF,2026-10-09
CZE,Czechia,2025,GGXWDG_NGDP,44.6,% of GDP,IMF,2026-10-09
DEU,Germany,2010,GGXWDG_NGDP,81.0,% of GDP,IMF,2026-10-09
DEU,Germany,2011,GGXWDG_NGDP,78.5,% of GDP,IMF,2026-10-09
DEU,Germany,2012,GGXWDG_NGDP,79.8,% of GDP,IMF,2026-10-09
DEU,Germany,2013,GGXWDG_NGDP,77.5,% of GDP,IMF,2026-10-09
DEU,Germany,2014,GGXWDG_NGDP,74.5,% of GDP,IMF,2026-10-09
DEU,Germany,2015,GGXWDG_NGDP,71.2,% of GDP,IMF,2026-10-09
DEU,Germany,2016,GGXWDG_NGDP,68.3,% of GDP,IMF,2026-10-09
DEU,Germany,2017,GGXWDG_NGDP,64.0,% of GDP,IMF,2026-10-09
DEU,Germany,2018,GGXWDG_NGDP,60.8,% of GDP,IMF,2026-10-09
DEU,Germany,2019,GGXWDG_NGDP,58.7,% of GDP,IMF,2026-10-09
DEU,Germany,2020,GGXWDG_NGDP,68.0,% of GDP,IMF,2026-10-09
DEU,Germany,2021,GGXWDG_NGDP,67.9,% of GDP,IMF,2026-10-09
DEU,Germany,2022,GGXWDG_NGDP,64.4,% of GDP,IMF,2026-10-09
DEU,Germany,2023,GGXWDG_NGDP,62.3,% of GDP,IMF,2026-10-09
DEU,Germany,2024,GGXWDG_NGDP,62.2,% of GDP,IMF,2026-10-09
DEU,Germany,2025,GGXWDG_NGDP,62.9,% of GDP,IMF,2026-10-09
DNK,Denmark,2010,GGXWDG_NGDP,46.1,% of GDP,IMF,2026-10-09
DNK,Denmark,2011,GGXWDG_NGDP,50.0,% of GDP,IMF,2026-10-09
DNK,Denmark,2012,GGXWDG_NGDP,48.7,% of GDP,IMF,2026-10-09
DNK,Denmark,2013,GGXWDG_NGDP,47.8,% of GDP,IMF,2026-10-09
DNK,Denmark,2014,GGXWDG_NGDP,48.7,% of GDP,IMF,2026-10-09
DNK,Denmark,2015,GGXWDG_NGDP,44.6,% of GDP,IMF,2026-10-09
DNK,Denmark,2016,GGXWDG_NGDP,41.7,% of GDP,IMF,2026-10-09
DNK,Denmark,2017,GGXWDG_NGDP,40.2,% of GDP,IMF,2026-10-09
DNK,Denmark,2018,GGXWDG_NGDP,38.5,% of GDP,IMF,2026-10-09
DNK,Denmark,2019,GGXWDG_NGDP,38.3,% of GDP,IMF,2026-10-09
DNK,Denmark,2020,GGXWDG_NGDP,45.2,% of GDP,IMF,2026-10-09
DNK,Denmark,2021,GGXWDG_NGDP,39.6,% of GDP,IMF,2026-10-09
DNK,Denmark,2022,GGXWDG_NGDP,33.3,% of GDP,IMF,2026-10-09
DNK,Denmark,2023,GGXWDG_NGDP,33.0,% of GDP,IMF,2026-10-09
DNK,Denmark,2024,GGXWDG_NGDP,30.5,% of GDP,IMF,2026-10-09
DNK,Denmark,2025,GGXWDG_NGDP,27.5,% of GDP,IMF,2026-10-09
ESP,Spain,2010,GGXWDG_NGDP,60.3,% of GDP,IMF,2026-10-09
ESP,Spain,2011,GGXWDG_NGDP,69.5,% of GDP,IMF,2026-10-09
ESP,Spain,2012,GGXWDG_NGDP,89.6,% of GDP,IMF,2026-10-09
ESP,Spain,2013,GGXWDG_NGDP,100.0,% of GDP,IMF,2026-10-09
ESP,Spain,2014,GGXWDG_NGDP,104.4,% of GDP,IMF,2026-10-09
ESP,Spain,2015,GGXWDG_NGDP,102.4,% of GDP,IMF,2026-10-09
ESP,Spain,2016,GGXWDG_NGDP,102.0,% of GDP,IMF,2026-10-09
ESP,Spain,2017,GGXWDG_NGDP,101.1,% of GDP,IMF,2026-10-09
ESP,Spain,2018,GGXWDG_NGDP,99.7,% of GDP,IMF,2026-10-09
ESP,Spain,2019,GGXWDG_NGDP,97.6,% of GDP,IMF,2026-10-09
ESP,Spain,2020,GGXWDG_NGDP,119.2,% of GDP,IMF,2026-10-09
ESP,Spain,2021,GGXWDG_NGDP,115.6,% of GDP,IMF,2026-10-09
ESP,Spain,2022,GGXWDG_NGDP,109.2,% of GDP,IMF,2026-10-09
ESP,Spain,2023,GGXWDG_NGDP,105.1,% of GDP,IMF,2026-10-09
ESP,Spain,2024,GGXWDG_NGDP,101.6,% of GDP,IMF,2026-10-09
ESP,Spain,2025,GGXWDG_NGDP,100.4,% of GDP,IMF,2026-10-09
EST,Estonia,2010,GGXWDG_NGDP,8.0,% of GDP,IMF,2026-10-09
EST,Estonia,2011,GGXWDG_NGDP,7.6,% of GDP,IMF,2026-10-09
EST,Estonia,2012,GGXWDG_NGDP,11.1,% of GDP,IMF,2026-10-09
EST,Estonia,2013,GGXWDG_NGDP,11.4,% of GDP,IMF,2026-10-09
EST,Estonia,2014,GGXWDG_NGDP,11.6,% of GDP,IMF,2026-10-09
EST,Estonia,2015,GGXWDG_NGDP,10.8,% of GDP,IMF,2026-10-09
EST,Estonia,2016,GGXWDG_NGDP,10.2,% of GDP,IMF,2026-10-09
EST,Estonia,2017,GGXWDG_NGDP,9.4,% of GDP,IMF,2026-10-09
EST,Estonia,2018,GGXWDG_NGDP,8.5,% of GDP,IMF,2026-10-09
EST,Estonia,2019,GGXWDG_NGDP,9.0,% of GDP,IMF,2026-10-09
EST,Estonia,2020,GGXWDG_NGDP,19.1,% of GDP,IMF,2026-10-09
EST,Estonia,2021,GGXWDG_NGDP,18.4,% of GDP,IMF,2026-10-09
EST,Estonia,2022,GGXWDG_NGDP,19.2,% of GDP,IMF,2026-10-09
EST,Estonia,2023,GGXWDG_NGDP,20.2,% of GDP,IMF,2026-10-09
EST,Estonia,2024,GGXWDG_NGDP,23.5,% of GDP,IMF,2026-10-09
EST,Estonia,2025,GGXWDG_NGDP,24.2,% of GDP,IMF,2026-10-09
FIN,Finland,2010,GGXWDG_NGDP,50.1,% of GDP,IMF,2026-10-09
FIN,Finland,2011,GGXWDG_NGDP,52.0,% of GDP,IMF,2026-10-09
FIN,Finland,2012,GGXWDG_NGDP,57.9,% of GDP,IMF,2026-10-09
FIN,Finland,2013,GGXWDG_NGDP,60.8,% of GDP,IMF,2026-10-09
FIN,Finland,2014,GGXWDG_NGDP,64.8,% of GDP,IMF,2026-10-09
FIN,Finland,2015,GGXWDG_NGDP,68.8,% of GDP,IMF,2026-10-09
FIN,Finland,2016,GGXWDG_NGDP,68.6,% of GDP,IMF,2026-10-09
FIN,Finland,2017,GGXWDG_NGDP,66.6,% of GDP,IMF,2026-10-09
FIN,Finland,2018,GGXWDG_NGDP,65.3,% of GDP,IMF,2026-10-09
FIN,Finland,2019,GGXWDG_NGDP,65.3,% of GDP,IMF,2026-10-09
FIN,Finland,2020,GGXWDG_NGDP,75.3,% of GDP,IMF,2026-10-09
FIN,Finland,2021,GGXWDG_NGDP,73.1,% of GDP,IMF,2026-10-09
FIN,Finland,2022,GGXWDG_NGDP,74.0,% of GDP,IMF,2026-10-09
FIN,Finland,2023,GGXWDG_NGDP,77.0,% of GDP,IMF,2026-10-09
FIN,Finland,2024,GGXWDG_NGDP,82.4,% of GDP,IMF,2026-10-09
FIN,Finland,2025,GGXWDG_NGDP,89.3,% of GDP,IMF,2026-10-09
FRA,France,2010,GGXWDG_NGDP,86.3,% of GDP,IMF,2026-10-09
FRA,France,2011,GGXWDG_NGDP,88.7,% of GDP,IMF,2026-10-09
FRA,France,2012,GGXWDG_NGDP,91.7,% of GDP,IMF,2026-10-09
FRA,France,2013,GGXWDG_NGDP,94.6,% of GDP,IMF,2026-10-09
FRA,France,2014,GGXWDG_NGDP,96.2,% of GDP,IMF,2026-10-09
FRA,France,2015,GGXWDG_NGDP,97.0,% of GDP,IMF,2026-10-09
FRA,France,2016,GGXWDG_NGDP,98.1,% of GDP,IMF,2026-10-09
FRA,France,2017,GGXWDG_NGDP,98.8,% of GDP,IMF,2026-10-09
FRA,France,2018,GGXWDG_NGDP,98.5,% of GDP,IMF,2026-10-09
FRA,France,2019,GGXWDG_NGDP,98.2,% of GDP,IMF,2026-10-09
FRA,France,2020,GGXWDG_NGDP,114.9,% of GDP,IMF,2026-10-09
FRA,France,2021,GGXWDG_NGDP,112.8,% of GDP,IMF,2026-10-09
FRA,France,2022,GGXWDG_NGDP,111.4,% of GDP,IMF,2026-10-09
FRA,France,2023,GGXWDG_NGDP,109.6,% of GDP,IMF,2026-10-09
FRA,France,2024,GGXWDG_NGDP,113.2,% of GDP,IMF,2026-10-09
FRA,France,2025,GGXWDG_NGDP,116.0,% of GDP,IMF,2026-10-09
GRC,Greece,2010,GGXWDG_NGDP,147.8,% of GDP,IMF,2026-10-09
GRC,Greece,2011,GGXWDG_NGDP,175.1,% of GDP,IMF,2026-10-09
GRC,Greece,2012,GGXWDG_NGDP,164.3,% of GDP,IMF,2026-10-09
GRC,Greece,2013,GGXWDG_NGDP,180.5,% of GDP,IMF,2026-10-09
GRC,Greece,2014,GGXWDG_NGDP,182.8,% of GDP,IMF,2026-10-09
GRC,Greece,2015,GGXWDG_NGDP,180.0,% of GDP,IMF,2026-10-09
GRC,Greece,2016,GGXWDG_NGDP,183.7,% of GDP,IMF,2026-10-09
GRC,Greece,2017,GGXWDG_NGDP,182.6,% of GDP,IMF,2026-10-09
GRC,Greece,2018,GGXWDG_NGDP,189.6,% of GDP,IMF,2026-10-09
GRC,Greece,2019,GGXWDG_NGDP,183.7,% of GDP,IMF,2026-10-09
GRC,Greece,2020,GGXWDG_NGDP,209.9,% of GDP,IMF,2026-10-09
GRC,Greece,2021,GGXWDG_NGDP,197.8,% of GDP,IMF,2026-10-09
GRC,Greece,2022,GGXWDG_NGDP,179.2,% of GDP,IMF,2026-10-09
GRC,Greece,2023,GGXWDG_NGDP,165.5,% of GDP,IMF,2026-10-09
GRC,Greece,2024,GGXWDG_NGDP,155.4,% of GDP,IMF,2026-10-09
GRC,Greece,2025,GGXWDG_NGDP,145.7,% of GDP,IMF,2026-10-09
HRV,Croatia,2010,GGXWDG_NGDP,56.8,% of GDP,IMF,2026-10-09
HRV,Croatia,2011,GGXWDG_NGDP,63.1,% of GDP,IMF,2026-10-09
HRV,Croatia,2012,GGXWDG_NGDP,68.9,% of GDP,IMF,2026-10-09
HRV,Croatia,2013,GGXWDG_NGDP,79.5,% of GDP,IMF,2026-10-09
HRV,Croatia,2014,GGXWDG_NGDP,83.2,% of GDP,IMF,2026-10-09
HRV,Croatia,2015,GGXWDG_NGDP,82.8,% of GDP,IMF,2026-10-09
HRV,Croatia,2016,GGXWDG_NGDP,79.3,% of GDP,IMF,2026-10-09
HRV,Croatia,2017,GGXWDG_NGDP,76.2,% of GDP,IMF,2026-10-09
HRV,Croatia,2018,GGXWDG_NGDP,72.8,% of GDP,IMF,2026-10-09
HRV,Croatia,2019,GGXWDG_NGDP,70.9,% of GDP,IMF,2026-10-09
HRV,Croatia,2020,GGXWDG_NGDP,86.5,% of GDP,IMF,2026-10-09
HRV,Croatia,2021,GGXWDG_NGDP,78.2,% of GDP,IMF,2026-10-09
HRV,Croatia,2022,GGXWDG_NGDP,68.5,% of GDP,IMF,2026-10-09
HRV,Croatia,2023,GGXWDG_NGDP,60.9,% of GDP,IMF,2026-10-09
HRV,Croatia,2024,GGXWDG_NGDP,57.4,% of GDP,IMF,2026-10-09
HRV,Croatia,2025,GGXWDG_NGDP,55.9,% of GDP,IMF,2026-10-09
HUN,Hungary,2010,GGXWDG_NGDP,80.2,% of GDP,IMF,2026-10-09
HUN,Hungary,2011,GGXWDG_NGDP,80.5,% of GDP,IMF,2026-10-09
HUN,Hungary,2012,GGXWDG_NGDP,78.4,% of GDP,IMF,2026-10-09
HUN,Hungary,2013,GGXWDG_NGDP,77.2,% of GDP,IMF,2026-10-09
HUN,Hungary,2014,GGXWDG_NGDP,76.5,% of GDP,IMF,2026-10-09
HUN,Hungary,2015,GGXWDG_NGDP,75.7,% of GDP,IMF,2026-10-09
HUN,Hungary,2016,GGXWDG_NGDP,74.6,% of GDP,IMF,2026-10-09
HUN,Hungary,2017,GGXWDG_NGDP,72.0,% of GDP,IMF,2026-10-09
HUN,Hungary,2018,GGXWDG_NGDP,68.8,% of GDP,IMF,2026-10-09
HUN,Hungary,2019,GGXWDG_NGDP,65.0,% of GDP,IMF,2026-10-09
HUN,Hungary,2020,GGXWDG_NGDP,78.7,% of GDP,IMF,2026-10-09
HUN,Hungary,2021,GGXWDG_NGDP,76.2,% of GDP,IMF,2026-10-09
HUN,Hungary,2022,GGXWDG_NGDP,74.1,% of GDP,IMF,2026-10-09
HUN,Hungary,2023,GGXWDG_NGDP,73.2,% of GDP,IMF,2026-10-09
HUN,Hungary,2024,GGXWDG_NGDP,73.5,% of GDP,IMF,2026-10-09
HUN,Hungary,2025,GGXWDG_NGDP,75.2,% of GDP,IMF,2026-10-09
IRL,Ireland,2010,GGXWDG_NGDP,86.2,% of GDP,IMF,2026-10-09
IRL,Ireland,2011,GGXWDG_NGDP,109.6,% of GDP,IMF,2026-10-09
IRL,Ireland,2012,GGXWDG_NGDP,118.9,% of GDP,IMF,2026-10-09
IRL,Ireland,2013,GGXWDG_NGDP,117.7,% of GDP,IMF,2026-10-09
IRL,Ireland,2014,GGXWDG_NGDP,101.4,% of GDP,IMF,2026-10-09
IRL,Ireland,2015,GGXWDG_NGDP,74.0,% of GDP,IMF,2026-10-09
IRL,Ireland,2016,GGXWDG_NGDP,72.7,% of GDP,IMF,2026-10-09
IRL,Ireland,2017,GGXWDG_NGDP,65.2,% of GDP,IMF,2026-10-09
IRL,Ireland,2018,GGXWDG_NGDP,61.3,% of GDP,IMF,2026-10-09
IRL,Ireland,2019,GGXWDG_NGDP,55.8,% of GDP,IMF,2026-10-09
IRL,Ireland,2020,GGXWDG_NGDP,56.9,% of GDP,IMF,2026-10-09
IRL,Ireland,2021,GGXWDG_NGDP,52.4,% of GDP,IMF,2026-10-09
IRL,Ireland,2022,GGXWDG_NGDP,42.9,% of GDP,IMF,2026-10-09
IRL,Ireland,2023,GGXWDG_NGDP,41.8,% of GDP,IMF,2026-10-09
IRL,Ireland,2024,GGXWDG_NGDP,38.3,% of GDP,IMF,2026-10-09
IRL,Ireland,2025,GGXWDG_NGDP,32.9,% of GDP,IMF,2026-10-09
ITA,Italy,2010,GGXWDG_NGDP,118.8,% of GDP,IMF,2026-10-09
ITA,Italy,2011,GGXWDG_NGDP,119.1,% of GDP,IMF,2026-10-09
ITA,Italy,2012,GGXWDG_NGDP,125.9,% of GDP,IMF,2026-10-09
ITA,Italy,2013,GGXWDG_NGDP,131.9,% of GDP,IMF,2026-10-09
ITA,Italy,2014,GGXWDG_NGDP,134.8,% of GDP,IMF,2026-10-09
ITA,Italy,2015,GGXWDG_NGDP,134.8,% of GDP,IMF,2026-10-09
ITA,Italy,2016,GGXWDG_NGDP,134.2,% of GDP,IMF,2026-10-09
ITA,Italy,2017,GGXWDG_NGDP,133.7,% of GDP,IMF,2026-10-09
ITA,Italy,2018,GGXWDG_NGDP,134.2,% of GDP,IMF,2026-10-09
ITA,Italy,2019,GGXWDG_NGDP,133.9,% of GDP,IMF,2026-10-09
ITA,Italy,2020,GGXWDG_NGDP,154.4,% of GDP,IMF,2026-10-09
ITA,Italy,2021,GGXWDG_NGDP,145.8,% of GDP,IMF,2026-10-09
ITA,Italy,2022,GGXWDG_NGDP,138.4,% of GDP,IMF,2026-10-09
ITA,Italy,2023,GGXWDG_NGDP,133.9,% of GDP,IMF,2026-10-09
ITA,Italy,2024,GGXWDG_NGDP,134.7,% of GDP,IMF,2026-10-09
ITA,Italy,2025,GGXWDG_NGDP,137.1,% of GDP,IMF,2026-10-09
LTU,Lithuania,2010,GGXWDG_NGDP,36.7,% of GDP,IMF,2026-10-09
LTU,Lithuania,2011,GGXWDG_NGDP,37.5,% of GDP,IMF,2026-10-09
LTU,Lithuania,2012,GGXWDG_NGDP,39.9,% of GDP,IMF,2026-10-09
LTU,Lithuania,2013,GGXWDG_NGDP,38.9,% of GDP,IMF,2026-10-09
LTU,Lithuania,2014,GGXWDG_NGDP,40.7,% of GDP,IMF,2026-10-09
LTU,Lithuania,2015,GGXWDG_NGDP,42.4,% of GDP,IMF,2026-10-09
LTU,Lithuania,2016,GGXWDG_NGDP,39.8,% of GDP,IMF,2026-10-09
LTU,Lithuania,2017,GGXWDG_NGDP,39.1,% of GDP,IMF,2026-10-09
LTU,Lithuania,2018,GGXWDG_NGDP,33.3,% of GDP,IMF,2026-10-09
LTU,Lithuania,2019,GGXWDG_NGDP,35.6,% of GDP,IMF,2026-10-09
LTU,Lithuania,2020,GGXWDG_NGDP,45.9,% of GDP,IMF,2026-10-09
LTU,Lithuania,2021,GGXWDG_NGDP,43.3,% of GDP,IMF,2026-10-09
LTU,Lithuania,2022,GGXWDG_NGDP,38.3,% of GDP,IMF,2026-10-09
LTU,Lithuania,2023,GGXWDG_NGDP,37.1,% of GDP,IMF,2026-10-09
LTU,Lithuania,2024,GGXWDG_NGDP,38.0,% of GDP,IMF,2026-10-09
LTU,Lithuania,2025,GGXWDG_NGDP,39.8,% of GDP,IMF,2026-10-09
LUX,Luxembourg,2010,GGXWDG_NGDP,19.1,% of GDP,IMF,2026-10-09
LUX,Luxembourg,2011,GGXWDG_NGDP,18.5,% of GDP,IMF,2026-10-09
LUX,Luxembourg,2012,GGXWDG_NGDP,20.8,% of GDP,IMF,2026-10-09
LUX,Luxembourg,2013,GGXWDG_NGDP,22.4,% of GDP,IMF,2026-10-09
LUX,Luxembourg,2014,GGXWDG_NGDP,21.9,% of GDP,IMF,2026-10-09
LUX,Luxembourg,2015,GGXWDG_NGDP,21.1,% of GDP,IMF,2026-10-09
LUX,Luxembourg,2016,GGXWDG_NGDP,19.6,% of GDP,IMF,2026-10-09
LUX,Luxembourg,2017,GGXWDG_NGDP,21.8,% of GDP,IMF,2026-10-09
LUX,Luxembourg,2018,GGXWDG_NGDP,20.9,% of GDP,IMF,2026-10-09
LUX,Luxembourg,2019,GGXWDG_NGDP,22.3,% of GDP,IMF,2026-10-09
LUX,Luxembourg,2020,GGXWDG_NGDP,24.5,% of GDP,IMF,2026-10-09
LUX,Luxembourg,2021,GGXWDG_NGDP,24.2,% of GDP,IMF,2026-10-09
LUX,Luxembourg,2022,GGXWDG_NGDP,24.9,% of GDP,IMF,2026-10-09
LUX,Luxembourg,2023,GGXWDG_NGDP,24.7,% of GDP,IMF,2026-10-09
LUX,Luxembourg,2024,GGXWDG_NGDP,26.3,% of GDP,IMF,2026-10-09
LUX,Luxembourg,2025,GGXWDG_NGDP,27.0,% of GDP,IMF,2026-10-09
LVA,Latvia,2010,GGXWDG_NGDP,48.2,% of GDP,IMF,2026-10-09
LVA,Latvia,2011,GGXWDG_NGDP,46.8,% of GDP,IMF,2026-10-09
LVA,Latvia,2012,GGXWDG_NGDP,44.4,% of GDP,IMF,2026-10-09
LVA,Latvia,2013,GGXWDG_NGDP,41.8,% of GDP,IMF,2026-10-09
LVA,Latvia,2014,GGXWDG_NGDP,43.1,% of GDP,IMF,2026-10-09
LVA,Latvia,2015,GGXWDG_NGDP,38.3,% of GDP,IMF,2026-10-09
LVA,Latvia,2016,GGXWDG_NGDP,41.7,% of GDP,IMF,2026-10-09
LVA,Latvia,2017,GGXWDG_NGDP,40.3,% of GDP,IMF,2026-10-09
LVA,Latvia,2018,GGXWDG_NGDP,38.3,% of GDP,IMF,2026-10-09
LVA,Latvia,2019,GGXWDG_NGDP,37.9,% of GDP,IMF,2026-10-09
LVA,Latvia,2020,GGXWDG_NGDP,44.0,% of GDP,IMF,2026-10-09
LVA,Latvia,2021,GGXWDG_NGDP,45.9,% of GDP,IMF,2026-10-09
LVA,Latvia,2022,GGXWDG_NGDP,44.4,% of GDP,IMF,2026-10-09
LVA,Latvia,2023,GGXWDG_NGDP,44.4,% of GDP,IMF,2026-10-09
LVA,Latvia,2024,GGXWDG_NGDP,46.2,% of GDP,IMF,2026-10-09
LVA,Latvia,2025,GGXWDG_NGDP,46.9,% of GDP,IMF,2026-10-09
MKD,North Macedonia,2010,GGXWDG_NGDP,24.3,% of GDP,IMF,2026-10-09
MKD,North Macedonia,2011,GGXWDG_NGDP,27.7,% of GDP,IMF,2026-10-09
MKD,North Macedonia,2012,GGXWDG_NGDP,33.7,% of GDP,IMF,2026-10-09
MKD,North Macedonia,2013,GGXWDG_NGDP,34.0,% of GDP,IMF,2026-10-09
MKD,North Macedonia,2014,GGXWDG_NGDP,38.0,% of GDP,IMF,2026-10-09
MKD,North Macedonia,2015,GGXWDG_NGDP,38.0,% of GDP,IMF,2026-10-09
MKD,North Macedonia,2016,GGXWDG_NGDP,39.7,% of GDP,IMF,2026-10-09
MKD,North Macedonia,2017,GGXWDG_NGDP,39.4,% of GDP,IMF,2026-10-09
MKD,North Macedonia,2018,GGXWDG_NGDP,40.4,% of GDP,IMF,2026-10-09
MKD,North Macedonia,2019,GGXWDG_NGDP,40.4,% of GDP,IMF,2026-10-09
MKD,North Macedonia,2020,GGXWDG_NGDP,50.8,% of GDP,IMF,2026-10-09
MKD,North Macedonia,2021,GGXWDG_NGDP,52.7,% of GDP,IMF,2026-10-09
MKD,North Macedonia,2022,GGXWDG_NGDP,50.4,% of GDP,IMF,2026-10-09
MKD,North Macedonia,2023,GGXWDG_NGDP,50.5,% of GDP,IMF,2026-10-09
MKD,North Macedonia,2024,GGXWDG_NGDP,52.9,% of GDP,IMF,2026-10-09
MKD,North Macedonia,2025,GGXWDG_NGDP,52.5,% of GDP,IMF,2026-10-09
MLT,Malta,2010,GGXWDG_NGDP,65.0,% of GDP,IMF,2026-10-09
MLT,Malta,2011,GGXWDG_NGDP,68.9,% of GDP,IMF,2026-10-09
MLT,Malta,2012,GGXWDG_NGDP,65.6,% of GDP,IMF,2026-10-09
MLT,Malta,2013,GGXWDG_NGDP,64.9,% of GDP,IMF,2026-10-09
MLT,Malta,2014,GGXWDG_NGDP,60.7,% of GDP,IMF,2026-10-09
MLT,Malta,2015,GGXWDG_NGDP,55.0,% of GDP,IMF,2026-10-09
MLT,Malta,2016,GGXWDG_NGDP,53.1,% of GDP,IMF,2026-10-09
MLT,Malta,2017,GGXWDG_NGDP,45.6,% of GDP,IMF,2026-10-09
MLT,Malta,2018,GGXWDG_NGDP,41.4,% of GDP,IMF,2026-10-09
MLT,Malta,2019,GGXWDG_NGDP,39.2,% of GDP,IMF,2026-10-09
MLT,Malta,2020,GGXWDG_NGDP,48.6,% of GDP,IMF,2026-10-09
MLT,Malta,2021,GGXWDG_NGDP,49.6,% of GDP,IMF,2026-10-09
MLT,Malta,2022,GGXWDG_NGDP,50.1,% of GDP,IMF,2026-10-09
MLT,Malta,2023,GGXWDG_NGDP,46.8,% of GDP,IMF,2026-10-09
MLT,Malta,2024,GGXWDG_NGDP,46.0,% of GDP,IMF,2026-10-09
MLT,Malta,2025,GGXWDG_NGDP,46.8,% of GDP,IMF,2026-10-09
MNE,Montenegro,2010,GGXWDG_NGDP,45.1,% of GDP,IMF,2026-10-09
MNE,Montenegro,2011,GGXWDG_NGDP,49.0,% of GDP,IMF,2026-10-09
MNE,Montenegro,2012,GGXWDG_NGDP,57.1,% of GDP,IMF,2026-10-09
MNE,Montenegro,2013,GGXWDG_NGDP,59.2,% of GDP,IMF,2026-10-09
MNE,Montenegro,2014,GGXWDG_NGDP,63.6,% of GDP,IMF,2026-10-09
MNE,Montenegro,2015,GGXWDG_NGDP,69.5,% of GDP,IMF,2026-10-09
MNE,Montenegro,2016,GGXWDG_NGDP,66.7,% of GDP,IMF,2026-10-09
MNE,Montenegro,2017,GGXWDG_NGDP,66.9,% of GDP,IMF,2026-10-09
MNE,Montenegro,2018,GGXWDG_NGDP,72.9,% of GDP,IMF,2026-10-09
MNE,Montenegro,2019,GGXWDG_NGDP,79.6,% of GDP,IMF,2026-10-09
MNE,Montenegro,2020,GGXWDG_NGDP,108.4,% of GDP,IMF,2026-10-09
MNE,Montenegro,2021,GGXWDG_NGDP,86.2,% of GDP,IMF,2026-10-09
MNE,Montenegro,2022,GGXWDG_NGDP,70.3,% of GDP,IMF,2026-10-09
MNE,Montenegro,2023,GGXWDG_NGDP,59.6,% of GDP,IMF,2026-10-09
MNE,Montenegro,2024,GGXWDG_NGDP,60.8,% of GDP,IMF,2026-10-09
MNE,Montenegro,2025,GGXWDG_NGDP,67.1,% of GDP,IMF,2026-10-09
NLD,Netherlands,2010,GGXWDG_NGDP,58.9,% of GDP,IMF,2026-10-09
NLD,Netherlands,2011,GGXWDG_NGDP,61.2,% of GDP,IMF,2026-10-09
NLD,Netherlands,2012,GGXWDG_NGDP,65.7,% of GDP,IMF,2026-10-09
NLD,Netherlands,2013,GGXWDG_NGDP,67.2,% of GDP,IMF,2026-10-09
NLD,Netherlands,2014,GGXWDG_NGDP,67.2,% of GDP,IMF,2026-10-09
NLD,Netherlands,2015,GGXWDG_NGDP,63.8,% of GDP,IMF,2026-10-09
NLD,Netherlands,2016,GGXWDG_NGDP,60.9,% of GDP,IMF,2026-10-09
NLD,Netherlands,2017,GGXWDG_NGDP,56.0,% of GDP,IMF,2026-10-09
NLD,Netherlands,2018,GGXWDG_NGDP,51.6,% of GDP,IMF,2026-10-09
NLD,Netherlands,2019,GGXWDG_NGDP,47.7,% of GDP,IMF,2026-10-09
NLD,Netherlands,2020,GGXWDG_NGDP,53.4,% of GDP,IMF,2026-10-09
NLD,Netherlands,2021,GGXWDG_NGDP,50.5,% of GDP,IMF,2026-10-09
NLD,Netherlands,2022,GGXWDG_NGDP,48.4,% of GDP,IMF,2026-10-09
NLD,Netherlands,2023,GGXWDG_NGDP,45.8,% of GDP,IMF,2026-10-09
NLD,Netherlands,2024,GGXWDG_NGDP,43.7,% of GDP,IMF,2026-10-09
NLD,Netherlands,2025,GGXWDG_NGDP,43.3,% of GDP,IMF,2026-10-09
POL,Poland,2010,GGXWDG_NGDP,53.7,% of GDP,IMF,2026-10-09
POL,Poland,2011,GGXWDG_NGDP,54.8,% of GDP,IMF,2026-10-09
POL,Poland,2012,GGXWDG_NGDP,54.5,% of GDP,IMF,2026-10-09
POL,Poland,2013,GGXWDG_NGDP,56.9,% of GDP,IMF,2026-10-09
POL,Poland,2014,GGXWDG_NGDP,51.1,% of GDP,IMF,2026-10-09
POL,Poland,2015,GGXWDG_NGDP,51.1,% of GDP,IMF,2026-10-09
POL,Poland,2016,GGXWDG_NGDP,54.1,% of GDP,IMF,2026-10-09
POL,Poland,2017,GGXWDG_NGDP,50.4,% of GDP,IMF,2026-10-09
POL,Poland,2018,GGXWDG_NGDP,48.2,% of GDP,IMF,2026-10-09
POL,Poland,2019,GGXWDG_NGDP,45.2,% of GDP,IMF,2026-10-09
POL,Poland,2020,GGXWDG_NGDP,56.6,% of GDP,IMF,2026-10-09
POL,Poland,2021,GGXWDG_NGDP,53.0,% of GDP,IMF,2026-10-09
POL,Poland,2022,GGXWDG_NGDP,48.8,% of GDP,IMF,2026-10-09
POL,Poland,2023,GGXWDG_NGDP,49.5,% of GDP,IMF,2026-10-09
POL,Poland,2024,GGXWDG_NGDP,55.1,% of GDP,IMF,2026-10-09
POL,Poland,2025,GGXWDG_NGDP,58.8,% of GDP,IMF,2026-10-09
PRT,Portugal,2010,GGXWDG_NGDP,100.1,% of GDP,IMF,2026-10-09
PRT,Portugal,2011,GGXWDG_NGDP,114.0,% of GDP,IMF,2026-10-09
PRT,Portugal,2012,GGXWDG_NGDP,128.6,% of GDP,IMF,2026-10-09
PRT,Portugal,2013,GGXWDG_NGDP,130.8,% of GDP,IMF,2026-10-09
PRT,Portugal,2014,GGXWDG_NGDP,132.5,% of GDP,IMF,2026-10-09
PRT,Portugal,2015,GGXWDG_NGDP,131.0,% of GDP,IMF,2026-10-09
PRT,Portugal,2016,GGXWDG_NGDP,131.2,% of GDP,IMF,2026-10-09
PRT,Portugal,2017,GGXWDG_NGDP,126.0,% of GDP,IMF,2026-10-09
PRT,Portugal,2018,GGXWDG_NGDP,121.1,% of GDP,IMF,2026-10-09
PRT,Portugal,2019,GGXWDG_NGDP,116.1,% of GDP,IMF,2026-10-09
PRT,Portugal,2020,GGXWDG_NGDP,134.1,% of GDP,IMF,2026-10-09
PRT,Portugal,2021,GGXWDG_NGDP,123.9,% of GDP,IMF,2026-10-09
PRT,Portugal,2022,GGXWDG_NGDP,111.2,% of GDP,IMF,2026-10-09
PRT,Portugal,2023,GGXWDG_NGDP,96.9,% of GDP,IMF,2026-10-09
PRT,Portugal,2024,GGXWDG_NGDP,93.5,% of GDP,IMF,2026-10-09
PRT,Portugal,2025,GGXWDG_NGDP,89.9,% of GDP,IMF,2026-10-09
ROU,Romania,2010,GGXWDG_NGDP,30.2,% of GDP,IMF,2026-10-09
ROU,Romania,2011,GGXWDG_NGDP,32.6,% of GDP,IMF,2026-10-09
ROU,Romania,2012,GGXWDG_NGDP,36.2,% of GDP,IMF,2026-10-09
ROU,Romania,2013,GGXWDG_NGDP,39.3,% of GDP,IMF,2026-10-09
ROU,Romania,2014,GGXWDG_NGDP,40.5,% of GDP,IMF,2026-10-09
ROU,Romania,2015,GGXWDG_NGDP,39.4,% of GDP,IMF,2026-10-09
ROU,Romania,2016,GGXWDG_NGDP,39.5,% of GDP,IMF,2026-10-09
ROU,Romania,2017,GGXWDG_NGDP,37.1,% of GDP,IMF,2026-10-09
ROU,Romania,2018,GGXWDG_NGDP,36.4,% of GDP,IMF,2026-10-09
ROU,Romania,2019,GGXWDG_NGDP,36.8,% of GDP,IMF,2026-10-09
ROU,Romania,2020,GGXWDG_NGDP,49.5,% of GDP,IMF,2026-10-09
ROU,Romania,2021,GGXWDG_NGDP,51.8,% of GDP,IMF,2026-10-09
ROU,Romania,2022,GGXWDG_NGDP,51.9,% of GDP,IMF,2026-10-09
ROU,Romania,2023,GGXWDG_NGDP,52.6,% of GDP,IMF,2026-10-09
ROU,Romania,2024,GGXWDG_NGDP,57.5,% of GDP,IMF,2026-10-09
ROU,Romania,2025,GGXWDG_NGDP,60.6,% of GDP,IMF,2026-10-09
SRB,Serbia,2010,GGXWDG_NGDP,42.4,% of GDP,IMF,2026-10-09
SRB,Serbia,2011,GGXWDG_NGDP,46.0,% of GDP,IMF,2026-10-09
SRB,Serbia,2012,GGXWDG_NGDP,58.0,% of GDP,IMF,2026-10-09
SRB,Serbia,2013,GGXWDG_NGDP,61.2,% of GDP,IMF,2026-10-09
SRB,Serbia,2014,GGXWDG_NGDP,63.5,% of GDP,IMF,2026-10-09
SRB,Serbia,2015,GGXWDG_NGDP,67.1,% of GDP,IMF,2026-10-09
SRB,Serbia,2016,GGXWDG_NGDP,65.0,% of GDP,IMF,2026-10-09
SRB,Serbia,2017,GGXWDG_NGDP,55.3,% of GDP,IMF,2026-10-09
SRB,Serbia,2018,GGXWDG_NGDP,51.1,% of GDP,IMF,2026-10-09
SRB,Serbia,2019,GGXWDG_NGDP,49.5,% of GDP,IMF,2026-10-09
SRB,Serbia,2020,GGXWDG_NGDP,54.3,% of GDP,IMF,2026-10-09
SRB,Serbia,2021,GGXWDG_NGDP,53.6,% of GDP,IMF,2026-10-09
SRB,Serbia,2022,GGXWDG_NGDP,50.9,% of GDP,IMF,2026-10-09
SRB,Serbia,2023,GGXWDG_NGDP,45.7,% of GDP,IMF,2026-10-09
SRB,Serbia,2024,GGXWDG_NGDP,44.1,% of GDP,IMF,2026-10-09
SRB,Serbia,2025,GGXWDG_NGDP,42.4,% of GDP,IMF,2026-10-09
SVK,Slovakia,2010,GGXWDG_NGDP,40.7,% of GDP,IMF,2026-10-09
SVK,Slovakia,2011,GGXWDG_NGDP,43.3,% of GDP,IMF,2026-10-09
SVK,Slovakia,2012,GGXWDG_NGDP,51.7,% of GDP,IMF,2026-10-09
SVK,Slovakia,2013,GGXWDG_NGDP,54.6,% of GDP,IMF,2026-10-09
SVK,Slovakia,2014,GGXWDG_NGDP,53.4,% of GDP,IMF,2026-10-09
SVK,Slovakia,2015,GGXWDG_NGDP,51.6,% of GDP,IMF,2026-10-09
SVK,Slovakia,2016,GGXWDG_NGDP,52.1,% of GDP,IMF,2026-10-09
SVK,Slovakia,2017,GGXWDG_NGDP,51.4,% of GDP,IMF,2026-10-09
SVK,Slovakia,2018,GGXWDG_NGDP,49.3,% of GDP,IMF,2026-10-09
SVK,Slovakia,2019,GGXWDG_NGDP,48.0,% of GDP,IMF,2026-10-09
SVK,Slovakia,2020,GGXWDG_NGDP,58.4,% of GDP,IMF,2026-10-09
SVK,Slovakia,2021,GGXWDG_NGDP,60.2,% of GDP,IMF,2026-10-09
SVK,Slovakia,2022,GGXWDG_NGDP,57.8,% of GDP,IMF,2026-10-09
SVK,Slovakia,2023,GGXWDG_NGDP,55.8,% of GDP,IMF,2026-10-09
SVK,Slovakia,2024,GGXWDG_NGDP,59.7,% of GDP,IMF,2026-10-09
SVK,Slovakia,2025,GGXWDG_NGDP,61.6,% of GDP,IMF,2026-10-09
SVN,Slovenia,2010,GGXWDG_NGDP,38.6,% of GDP,IMF,2026-10-09
SVN,Slovenia,2011,GGXWDG_NGDP,46.8,% of GDP,IMF,2026-10-09
SVN,Slovenia,2012,GGXWDG_NGDP,54.1,% of GDP,IMF,2026-10-09
SVN,Slovenia,2013,GGXWDG_NGDP,70.8,% of GDP,IMF,2026-10-09
SVN,Slovenia,2014,GGXWDG_NGDP,81.1,% of GDP,IMF,2026-10-09
SVN,Slovenia,2015,GGXWDG_NGDP,83.4,% of GDP,IMF,2026-10-09
SVN,Slovenia,2016,GGXWDG_NGDP,79.4,% of GDP,IMF,2026-10-09
SVN,Slovenia,2017,GGXWDG_NGDP,74.9,% of GDP,IMF,2026-10-09
SVN,Slovenia,2018,GGXWDG_NGDP,71.0,% of GDP,IMF,2026-10-09
SVN,Slovenia,2019,GGXWDG_NGDP,66.0,% of GDP,IMF,2026-10-09
SVN,Slovenia,2020,GGXWDG_NGDP,80.2,% of GDP,IMF,2026-10-09
SVN,Slovenia,2021,GGXWDG_NGDP,74.8,% of GDP,IMF,2026-10-09
SVN,Slovenia,2022,GGXWDG_NGDP,72.8,% of GDP,IMF,2026-10-09
SVN,Slovenia,2023,GGXWDG_NGDP,68.3,% of GDP,IMF,2026-10-09
SVN,Slovenia,2024,GGXWDG_NGDP,66.6,% of GDP,IMF,2026-10-09
SVN,Slovenia,2025,GGXWDG_NGDP,65.9,% of GDP,IMF,2026-10-09
SWE,Sweden,2010,GGXWDG_NGDP,38.6,% of GDP,IMF,2026-10-09
SWE,Sweden,2011,GGXWDG_NGDP,37.7,% of GDP,IMF,2026-10-09
SWE,Sweden,2012,GGXWDG_NGDP,38.0,% of GDP,IMF,2026-10-09
SWE,Sweden,2013,GGXWDG_NGDP,40.8,% of GDP,IMF,2026-10-09
SWE,Sweden,2014,GGXWDG_NGDP,45.7,% of GDP,IMF,2026-10-09
SWE,Sweden,2015,GGXWDG_NGDP,44.5,% of GDP,IMF,2026-10-09
SWE,Sweden,2016,GGXWDG_NGDP,42.9,% of GDP,IMF,2026-10-09
SWE,Sweden,2017,GGXWDG_NGDP,41.6,% of GDP,IMF,2026-10-09
SWE,Sweden,2018,GGXWDG_NGDP,39.9,% of GDP,IMF,2026-10-09
SWE,Sweden,2019,GGXWDG_NGDP,35.8,% of GDP,IMF,2026-10-09
SWE,Sweden,2020,GGXWDG_NGDP,40.4,% of GDP,IMF,2026-10-09
SWE,Sweden,2021,GGXWDG_NGDP,37.3,% of GDP,IMF,2026-10-09
SWE,Sweden,2022,GGXWDG_NGDP,34.2,% of GDP,IMF,2026-10-09
SWE,Sweden,2023,GGXWDG_NGDP,32.1,% of GDP,IMF,2026-10-09
SWE,Sweden,2024,GGXWDG_NGDP,33.9,% of GDP,IMF,2026-10-09
SWE,Sweden,2025,GGXWDG_NGDP,34.9,% of GDP,IMF,2026-10-09
ALB,Albania,2010,IT.NET.BBND.P2,3.60358545467955,per 100 people,World Bank,2026-10-09
ALB,Albania,2011,IT.NET.BBND.P2,4.40356599200963,per 100 people,World Bank,2026-10-09
ALB,Albania,2012,IT.NET.BBND.P2,5.50129828000236,per 100 people,World Bank,2026-10-09
ALB,Albania,2013,IT.NET.BBND.P2,6.27863857588442,per 100 people,World Bank,2026-10-09
ALB,Albania,2014,IT.NET.BBND.P2,7.16191378800303,per 100 people,World Bank,2026-10-09
ALB,Albania,2015,IT.NET.BBND.P2,8.37878005900715,per 100 people,World Bank,2026-10-09
ALB,Albania,2016,IT.NET.BBND.P2,9.19224381243169,per 100 people,World Bank,2026-10-09
ALB,Albania,2017,IT.NET.BBND.P2,10.4757297699778,per 100 people,World Bank,2026-10-09
ALB,Albania,2018,IT.NET.BBND.P2,12.5058089696365,per 100 people,World Bank,2026-10-09
ALB,Albania,2019,IT.NET.BBND.P2,15.1192543526712,per 100 people,World Bank,2026-10-09
ALB,Albania,2020,IT.NET.BBND.P2,17.720931463387,per 100 people,World Bank,2026-10-09
ALB,Albania,2021,IT.NET.BBND.P2,19.6303737145283,per 100 people,World Bank,2026-10-09
ALB,Albania,2022,IT.NET.BBND.P2,20.6989441252111,per 100 people,World Bank,2026-10-09
ALB,Albania,2023,IT.NET.BBND.P2,22.5048592377088,per 100 people,World Bank,2026-10-09
ALB,Albania,2024,IT.NET.BBND.P2,24.8815713356962,per 100 people,World Bank,2026-10-09
AUT,Austria,2010,IT.NET.BBND.P2,24.5113861270145,per 100 people,World Bank,2026-10-09
AUT,Austria,2011,IT.NET.BBND.P2,24.9926429150975,per 100 people,World Bank,2026-10-09
AUT,Austria,2012,IT.NET.BBND.P2,25.2644782408466,per 100 people,World Bank,2026-10-09
AUT,Austria,2013,IT.NET.BBND.P2,26.3222866586035,per 100 people,World Bank,2026-10-09
AUT,Austria,2014,IT.NET.BBND.P2,27.597689562142,per 100 people,World Bank,2026-10-09
AUT,Austria,2015,IT.NET.BBND.P2,28.4068593397138,per 100 people,World Bank,2026-10-09
AUT,Austria,2016,IT.NET.BBND.P2,28.8775983744406,per 100 people,World Bank,2026-10-09
AUT,Austria,2017,IT.NET.BBND.P2,28.5425998928488,per 100 people,World Bank,2026-10-09
AUT,Austria,2018,IT.NET.BBND.P2,28.5150396136468,per 100 people,World Bank,2026-10-09
AUT,Austria,2019,IT.NET.BBND.P2,28.3631930003301,per 100 people,World Bank,2026-10-09
AUT,Austria,2020,IT.NET.BBND.P2,29.2106456326106,per 100 people,World Bank,2026-10-09
AUT,Austria,2021,IT.NET.BBND.P2,29.2537339731419,per 100 people,World Bank,2026-10-09
AUT,Austria,2022,IT.NET.BBND.P2,29.2342573265435,per 100 people,World Bank,2026-10-09
AUT,Austria,2023,IT.NET.BBND.P2,29.3725409835617,per 100 people,World Bank,2026-10-09
AUT,Austria,2024,IT.NET.BBND.P2,30.12779672163,per 100 people,World Bank,2026-10-09
BEL,Belgium,2010,IT.NET.BBND.P2,30.842629161864,per 100 people,World Bank,2026-10-09
BEL,Belgium,2011,IT.NET.BBND.P2,32.1032472233196,per 100 people,World Bank,2026-10-09
BEL,Belgium,2012,IT.NET.BBND.P2,33.2388297727719,per 100 people,World Bank,2026-10-09
BEL,Belgium,2013,IT.NET.BBND.P2,34.3084525866565,per 100 people,World Bank,2026-10-09
BEL,Belgium,2014,IT.NET.BBND.P2,35.7819662752911,per 100 people,World Bank,2026-10-09
BEL,Belgium,2015,IT.NET.BBND.P2,36.5492377831789,per 100 people,World Bank,2026-10-09
BEL,Belgium,2016,IT.NET.BBND.P2,37.6812994536783,per 100 people,World Bank,2026-10-09
BEL,Belgium,2017,IT.NET.BBND.P2,38.4911160919085,per 100 people,World Bank,2026-10-09
BEL,Belgium,2018,IT.NET.BBND.P2,39.4006967604533,per 100 people,World Bank,2026-10-09
BEL,Belgium,2019,IT.NET.BBND.P2,39.9517850127817,per 100 people,World Bank,2026-10-09
BEL,Belgium,2020,IT.NET.BBND.P2,41.0239697084264,per 100 people,World Bank,2026-10-09
BEL,Belgium,2021,IT.NET.BBND.P2,43.0218054966431,per 100 people,World Bank,2026-10-09
BEL,Belgium,2022,IT.NET.BBND.P2,43.5657139519422,per 100 people,World Bank,2026-10-09
BEL,Belgium,2023,IT.NET.BBND.P2,43.7026445985633,per 100 people,World Bank,2026-10-09
BEL,Belgium,2024,IT.NET.BBND.P2,44.2321563183446,per 100 people,World Bank,2026-10-09
BGR,Bulgaria,2010,IT.NET.BBND.P2,15.1221247609612,per 100 people,World Bank,2026-10-09
BGR,Bulgaria,2011,IT.NET.BBND.P2,17.0296984088807,per 100 people,World Bank,2026-10-09
BGR,Bulgaria,2012,IT.NET.BBND.P2,18.2006758494654,per 100 people,World Bank,2026-10-09
BGR,Bulgaria,2013,IT.NET.BBND.P2,19.5682074718498,per 100 people,World Bank,2026-10-09
BGR,Bulgaria,2014,IT.NET.BBND.P2,20.5011345688189,per 100 people,World Bank,2026-10-09
BGR,Bulgaria,2015,IT.NET.BBND.P2,22.4944225140811,per 100 people,World Bank,2026-10-09
BGR,Bulgaria,2016,IT.NET.BBND.P2,23.8176881048635,per 100 people,World Bank,2026-10-09
BGR,Bulgaria,2017,IT.NET.BBND.P2,25.3925159519229,per 100 people,World Bank,2026-10-09
BGR,Bulgaria,2018,IT.NET.BBND.P2,27.103417988838,per 100 people,World Bank,2026-10-09
BGR,Bulgaria,2019,IT.NET.BBND.P2,28.8836779290396,per 100 people,World Bank,2026-10-09
BGR,Bulgaria,2020,IT.NET.BBND.P2,30.5042854761098,per 100 people,World Bank,2026-10-09
BGR,Bulgaria,2021,IT.NET.BBND.P2,32.7688420838347,per 100 people,World Bank,2026-10-09
BGR,Bulgaria,2022,IT.NET.BBND.P2,34.9667968772891,per 100 people,World Bank,2026-10-09
BGR,Bulgaria,2023,IT.NET.BBND.P2,37.0235717545079,per 100 people,World Bank,2026-10-09
BIH,Bosnia and Herzegovina,2010,IT.NET.BBND.P2,10.2559326160601,per 100 people,World Bank,2026-10-09
BIH,Bosnia and Herzegovina,2011,IT.NET.BBND.P2,11.4984026395866,per 100 people,World Bank,2026-10-09
BIH,Bosnia and Herzegovina,2012,IT.NET.BBND.P2,12.7897151940553,per 100 people,World Bank,2026-10-09
BIH,Bosnia and Herzegovina,2013,IT.NET.BBND.P2,14.2931086481084,per 100 people,World Bank,2026-10-09
BIH,Bosnia and Herzegovina,2014,IT.NET.BBND.P2,15.2154563374569,per 100 people,World Bank,2026-10-09
BIH,Bosnia and Herzegovina,2015,IT.NET.BBND.P2,18.0468836372803,per 100 people,World Bank,2026-10-09
BIH,Bosnia and Herzegovina,2016,IT.NET.BBND.P2,19.0747891666088,per 100 people,World Bank,2026-10-09
BIH,Bosnia and Herzegovina,2017,IT.NET.BBND.P2,20.4261287573476,per 100 people,World Bank,2026-10-09
BIH,Bosnia and Herzegovina,2018,IT.NET.BBND.P2,21.1504576321228,per 100 people,World Bank,2026-10-09
BIH,Bosnia and Herzegovina,2019,IT.NET.BBND.P2,22.2950124838105,per 100 people,World Bank,2026-10-09
BIH,Bosnia and Herzegovina,2020,IT.NET.BBND.P2,23.3507882918721,per 100 people,World Bank,2026-10-09
BIH,Bosnia and Herzegovina,2021,IT.NET.BBND.P2,24.5890868366952,per 100 people,World Bank,2026-10-09
BIH,Bosnia and Herzegovina,2022,IT.NET.BBND.P2,27.3190356221695,per 100 people,World Bank,2026-10-09
BIH,Bosnia and Herzegovina,2023,IT.NET.BBND.P2,28.440133083292,per 100 people,World Bank,2026-10-09
BIH,Bosnia and Herzegovina,2024,IT.NET.BBND.P2,29.3909178564419,per 100 people,World Bank,2026-10-09
CYP,Cyprus,2010,IT.NET.BBND.P2,23.1549178375804,per 100 people,World Bank,2026-10-09
CYP,Cyprus,2011,IT.NET.BBND.P2,24.611252900232,per 100 people,World Bank,2026-10-09
CYP,Cyprus,2012,IT.NET.BBND.P2,25.5626376173369,per 100 people,World Bank,2026-10-09
CYP,Cyprus,2013,IT.NET.BBND.P2,26.6505813953488,per 100 people,World Bank,2026-10-09
CYP,Cyprus,2014,IT.NET.BBND.P2,28.3005343866171,per 100 people,World Bank,2026-10-09
CYP,Cyprus,2015,IT.NET.BBND.P2,30.1736513081732,per 100 people,World Bank,2026-10-09
CYP,Cyprus,2016,IT.NET.BBND.P2,32.0132199103345,per 100 people,World Bank,2026-10-09
CYP,Cyprus,2017,IT.NET.BBND.P2,33.6542226269064,per 100 people,World Bank,2026-10-09
CYP,Cyprus,2018,IT.NET.BBND.P2,35.2355650415637,per 100 people,World Bank,2026-10-09
CYP,Cyprus,2019,IT.NET.BBND.P2,36.1884973404255,per 100 people,World Bank,2026-10-09
CYP,Cyprus,2020,IT.NET.BBND.P2,36.3127392017496,per 100 people,World Bank,2026-10-09
CYP,Cyprus,2021,IT.NET.BBND.P2,36.6502473650247,per 100 people,World Bank,2026-10-09
CYP,Cyprus,2022,IT.NET.BBND.P2,36.7656727425982,per 100 people,World Bank,2026-10-09
CYP,Cyprus,2023,IT.NET.BBND.P2,36.9005587748344,per 100 people,World Bank,2026-10-09
CYP,Cyprus,2024,IT.NET.BBND.P2,37.5627069536424,per 100 people,World Bank,2026-10-09
CZE,Czechia,2010,IT.NET.BBND.P2,21.6090542510609,per 100 people,World Bank,2026-10-09
CZE,Czechia,2011,IT.NET.BBND.P2,23.9064110361087,per 100 people,World Bank,2026-10-09
CZE,Czechia,2012,IT.NET.BBND.P2,25.2869067180213,per 100 people,World Bank,2026-10-09
CZE,Czechia,2013,IT.NET.BBND.P2,27.1727115258321,per 100 people,World Bank,2026-10-09
CZE,Czechia,2014,IT.NET.BBND.P2,28.475360327904,per 100 people,World Bank,2026-10-09
CZE,Czechia,2015,IT.NET.BBND.P2,27.9980000790543,per 100 people,World Bank,2026-10-09
CZE,Czechia,2016,IT.NET.BBND.P2,29.14911847267,per 100 people,World Bank,2026-10-09
CZE,Czechia,2017,IT.NET.BBND.P2,29.8452606888193,per 100 people,World Bank,2026-10-09
CZE,Czechia,2018,IT.NET.BBND.P2,30.5512773467128,per 100 people,World Bank,2026-10-09
CZE,Czechia,2019,IT.NET.BBND.P2,35.4302064212035,per 100 people,World Bank,2026-10-09
CZE,Czechia,2020,IT.NET.BBND.P2,36.4490898642092,per 100 people,World Bank,2026-10-09
CZE,Czechia,2021,IT.NET.BBND.P2,37.4984794433561,per 100 people,World Bank,2026-10-09
CZE,Czechia,2022,IT.NET.BBND.P2,37.7136856539825,per 100 people,World Bank,2026-10-09
CZE,Czechia,2023,IT.NET.BBND.P2,37.9099783935119,per 100 people,World Bank,2026-10-09
CZE,Czechia,2024,IT.NET.BBND.P2,38.8656371139002,per 100 people,World Bank,2026-10-09
DEU,Germany,2010,IT.NET.BBND.P2,32.3662636839336,per 100 people,World Bank,2026-10-09
DEU,Germany,2011,IT.NET.BBND.P2,33.7098845809377,per 100 people,World Bank,2026-10-09
DEU,Germany,2012,IT.NET.BBND.P2,34.5501078335304,per 100 people,World Bank,2026-10-09
DEU,Germany,2013,IT.NET.BBND.P2,35.3423024244517,per 100 people,World Bank,2026-10-09
DEU,Germany,2014,IT.NET.BBND.P2,36.3409222955935,per 100 people,World Bank,2026-10-09
DEU,Germany,2015,IT.NET.BBND.P2,37.412701768023,per 100 people,World Bank,2026-10-09
DEU,Germany,2016,IT.NET.BBND.P2,38.4991067314054,per 100 people,World Bank,2026-10-09
DEU,Germany,2017,IT.NET.BBND.P2,39.9888046312857,per 100 people,World Bank,2026-10-09
DEU,Germany,2018,IT.NET.BBND.P2,40.9651498488548,per 100 people,World Bank,2026-10-09
DEU,Germany,2019,IT.NET.BBND.P2,42.1155574684512,per 100 people,World Bank,2026-10-09
DEU,Germany,2020,IT.NET.BBND.P2,43.3048696627,per 100 people,World Bank,2026-10-09
DEU,Germany,2021,IT.NET.BBND.P2,44.0643361489671,per 100 people,World Bank,2026-10-09
DEU,Germany,2022,IT.NET.BBND.P2,44.6186317766404,per 100 people,World Bank,2026-10-09
DEU,Germany,2023,IT.NET.BBND.P2,45.380522509099,per 100 people,World Bank,2026-10-09
DEU,Germany,2024,IT.NET.BBND.P2,45.6069242965787,per 100 people,World Bank,2026-10-09
DNK,Denmark,2010,IT.NET.BBND.P2,38.076030356193,per 100 people,World Bank,2026-10-09
DNK,Denmark,2011,IT.NET.BBND.P2,38.4725380278661,per 100 people,World Bank,2026-10-09
DNK,Denmark,2012,IT.NET.BBND.P2,38.9767051263458,per 100 people,World Bank,2026-10-09
DNK,Denmark,2013,IT.NET.BBND.P2,40.467787039522,per 100 people,World Bank,2026-10-09
DNK,Denmark,2014,IT.NET.BBND.P2,41.4926377539648,per 100 people,World Bank,2026-10-09
DNK,Denmark,2015,IT.NET.BBND.P2,42.3133095847231,per 100 people,World Bank,2026-10-09
DNK,Denmark,2016,IT.NET.BBND.P2,42.9699132415221,per 100 people,World Bank,2026-10-09
DNK,Denmark,2017,IT.NET.BBND.P2,43.5697797531659,per 100 people,World Bank,2026-10-09
DNK,Denmark,2018,IT.NET.BBND.P2,43.7690892923223,per 100 people,World Bank,2026-10-09
DNK,Denmark,2019,IT.NET.BBND.P2,43.6229516711158,per 100 people,World Bank,2026-10-09
DNK,Denmark,2020,IT.NET.BBND.P2,44.4185659681079,per 100 people,World Bank,2026-10-09
DNK,Denmark,2021,IT.NET.BBND.P2,44.9598379722906,per 100 people,World Bank,2026-10-09
DNK,Denmark,2022,IT.NET.BBND.P2,44.8863644064006,per 100 people,World Bank,2026-10-09
DNK,Denmark,2023,IT.NET.BBND.P2,44.0352069959396,per 100 people,World Bank,2026-10-09
DNK,Denmark,2024,IT.NET.BBND.P2,43.3933280824544,per 100 people,World Bank,2026-10-09
ESP,Spain,2010,IT.NET.BBND.P2,22.7418123101281,per 100 people,World Bank,2026-10-09
ESP,Spain,2011,IT.NET.BBND.P2,23.7622851657887,per 100 people,World Bank,2026-10-09
ESP,Spain,2012,IT.NET.BBND.P2,24.5107487138578,per 100 people,World Bank,2026-10-09
ESP,Spain,2013,IT.NET.BBND.P2,26.1458798389403,per 100 people,World Bank,2026-10-09
ESP,Spain,2014,IT.NET.BBND.P2,27.8358661570454,per 100 people,World Bank,2026-10-09
ESP,Spain,2015,IT.NET.BBND.P2,29.0099329346016,per 100 people,World Bank,2026-10-09
ESP,Spain,2016,IT.NET.BBND.P2,30.1986308494311,per 100 people,World Bank,2026-10-09
ESP,Spain,2017,IT.NET.BBND.P2,31.2964612808116,per 100 people,World Bank,2026-10-09
ESP,Spain,2018,IT.NET.BBND.P2,32.2277444368856,per 100 people,World Bank,2026-10-09
ESP,Spain,2019,IT.NET.BBND.P2,32.9220023670648,per 100 people,World Bank,2026-10-09
ESP,Spain,2020,IT.NET.BBND.P2,33.9527590155171,per 100 people,World Bank,2026-10-09
ESP,Spain,2021,IT.NET.BBND.P2,34.9302420932073,per 100 people,World Bank,2026-10-09
ESP,Spain,2022,IT.NET.BBND.P2,35.7846414290159,per 100 people,World Bank,2026-10-09
ESP,Spain,2023,IT.NET.BBND.P2,37.2148181549182,per 100 people,World Bank,2026-10-09
ESP,Spain,2024,IT.NET.BBND.P2,39.2337541858756,per 100 people,World Bank,2026-10-09
EST,Estonia,2010,IT.NET.BBND.P2,26.1281702327091,per 100 people,World Bank,2026-10-09
EST,Estonia,2011,IT.NET.BBND.P2,26.2887630917959,per 100 people,World Bank,2026-10-09
EST,Estonia,2012,IT.NET.BBND.P2,26.4254326274595,per 100 people,World Bank,2026-10-09
EST,Estonia,2013,IT.NET.BBND.P2,27.3877226142123,per 100 people,World Bank,2026-10-09
EST,Estonia,2014,IT.NET.BBND.P2,28.2253745287009,per 100 people,World Bank,2026-10-09
EST,Estonia,2015,IT.NET.BBND.P2,29.6882797190881,per 100 people,World Bank,2026-10-09
EST,Estonia,2016,IT.NET.BBND.P2,31.4989029896287,per 100 people,World Bank,2026-10-09
EST,Estonia,2017,IT.NET.BBND.P2,32.5220031500844,per 100 people,World Bank,2026-10-09
EST,Estonia,2018,IT.NET.BBND.P2,33.3725174267095,per 100 people,World Bank,2026-10-09
EST,Estonia,2019,IT.NET.BBND.P2,33.8508104327483,per 100 people,World Bank,2026-10-09
EST,Estonia,2020,IT.NET.BBND.P2,34.2700326171401,per 100 people,World Bank,2026-10-09
EST,Estonia,2021,IT.NET.BBND.P2,37.357189680638,per 100 people,World Bank,2026-10-09
EST,Estonia,2022,IT.NET.BBND.P2,39.7219150412824,per 100 people,World Bank,2026-10-09
EST,Estonia,2023,IT.NET.BBND.P2,35.2539796781149,per 100 people,World Bank,2026-10-09
EST,Estonia,2024,IT.NET.BBND.P2,35.3527186879385,per 100 people,World Bank,2026-10-09
EUU,European Union (aggregate),2010,IT.NET.BBND.P2,25.8445416691152,per 100 people,World Bank,2026-10-09
EUU,European Union (aggregate),2011,IT.NET.BBND.P2,27.2652566927372,per 100 people,World Bank,2026-10-09
EUU,European Union (aggregate),2012,IT.NET.BBND.P2,28.1514685720566,per 100 people,World Bank,2026-10-09
EUU,European Union (aggregate),2013,IT.NET.BBND.P2,29.22008919732,per 100 people,World Bank,2026-10-09
EUU,European Union (aggregate),2014,IT.NET.BBND.P2,30.3435202548452,per 100 people,World Bank,2026-10-09
EUU,European Union (aggregate),2015,IT.NET.BBND.P2,31.4509303481746,per 100 people,World Bank,2026-10-09
EUU,European Union (aggregate),2016,IT.NET.BBND.P2,32.5654171406935,per 100 people,World Bank,2026-10-09
EUU,European Union (aggregate),2017,IT.NET.BBND.P2,33.7866460425655,per 100 people,World Bank,2026-10-09
EUU,European Union (aggregate),2018,IT.NET.BBND.P2,34.7500632097183,per 100 people,World Bank,2026-10-09
EUU,European Union (aggregate),2019,IT.NET.BBND.P2,35.6346241840124,per 100 people,World Bank,2026-10-09
EUU,European Union (aggregate),2020,IT.NET.BBND.P2,36.8053737269773,per 100 people,World Bank,2026-10-09
EUU,European Union (aggregate),2021,IT.NET.BBND.P2,37.8613994311883,per 100 people,World Bank,2026-10-09
EUU,European Union (aggregate),2022,IT.NET.BBND.P2,38.6802657254509,per 100 people,World Bank,2026-10-09
FIN,Finland,2010,IT.NET.BBND.P2,29.0751116373162,per 100 people,World Bank,2026-10-09
FIN,Finland,2011,IT.NET.BBND.P2,29.8056452931485,per 100 people,World Bank,2026-10-09
FIN,Finland,2012,IT.NET.BBND.P2,30.4323757921866,per 100 people,World Bank,2026-10-09
FIN,Finland,2013,IT.NET.BBND.P2,31.6268291557372,per 100 people,World Bank,2026-10-09
FIN,Finland,2014,IT.NET.BBND.P2,32.1970293411336,per 100 people,World Bank,2026-10-09
FIN,Finland,2015,IT.NET.BBND.P2,31.5690938053918,per 100 people,World Bank,2026-10-09
FIN,Finland,2016,IT.NET.BBND.P2,31.152937083259,per 100 people,World Bank,2026-10-09
FIN,Finland,2017,IT.NET.BBND.P2,31.0435197469463,per 100 people,World Bank,2026-10-09
FIN,Finland,2018,IT.NET.BBND.P2,31.491717515124,per 100 people,World Bank,2026-10-09
FIN,Finland,2019,IT.NET.BBND.P2,32.5439773811208,per 100 people,World Bank,2026-10-09
FIN,Finland,2020,IT.NET.BBND.P2,33.3838974597133,per 100 people,World Bank,2026-10-09
FIN,Finland,2021,IT.NET.BBND.P2,33.6396818306917,per 100 people,World Bank,2026-10-09
FIN,Finland,2022,IT.NET.BBND.P2,34.2951599474189,per 100 people,World Bank,2026-10-09
FIN,Finland,2023,IT.NET.BBND.P2,35.3318092510781,per 100 people,World Bank,2026-10-09
FIN,Finland,2024,IT.NET.BBND.P2,36.4765341417867,per 100 people,World Bank,2026-10-09
FRA,France,2010,IT.NET.BBND.P2,33.64535986777,per 100 people,World Bank,2026-10-09
FRA,France,2011,IT.NET.BBND.P2,35.6937891818337,per 100 people,World Bank,2026-10-09
FRA,France,2012,IT.NET.BBND.P2,37.4345529509644,per 100 people,World Bank,2026-10-09
FRA,France,2013,IT.NET.BBND.P2,38.7340855946258,per 100 people,World Bank,2026-10-09
FRA,France,2014,IT.NET.BBND.P2,40.142215573606,per 100 people,World Bank,2026-10-09
FRA,France,2015,IT.NET.BBND.P2,41.387117104083,per 100 people,World Bank,2026-10-09
FRA,France,2016,IT.NET.BBND.P2,42.5277884451476,per 100 people,World Bank,2026-10-09
FRA,France,2017,IT.NET.BBND.P2,43.6242593525939,per 100 people,World Bank,2026-10-09
FRA,France,2018,IT.NET.BBND.P2,44.4142292018123,per 100 people,World Bank,2026-10-09
FRA,France,2019,IT.NET.BBND.P2,45.2765022757908,per 100 people,World Bank,2026-10-09
FRA,France,2020,IT.NET.BBND.P2,46.471240838575,per 100 people,World Bank,2026-10-09
FRA,France,2021,IT.NET.BBND.P2,47.6442336298287,per 100 people,World Bank,2026-10-09
FRA,France,2022,IT.NET.BBND.P2,48.250226559098,per 100 people,World Bank,2026-10-09
FRA,France,2023,IT.NET.BBND.P2,48.6688340139444,per 100 people,World Bank,2026-10-09
FRA,France,2024,IT.NET.BBND.P2,48.9251978969333,per 100 people,World Bank,2026-10-09
GRC,Greece,2010,IT.NET.BBND.P2,20.2491669415812,per 100 people,World Bank,2026-10-09
GRC,Greece,2011,IT.NET.BBND.P2,22.183064232426,per 100 people,World Bank,2026-10-09
GRC,Greece,2012,IT.NET.BBND.P2,24.3424643325153,per 100 people,World Bank,2026-10-09
GRC,Greece,2013,IT.NET.BBND.P2,26.5619364050644,per 100 people,World Bank,2026-10-09
GRC,Greece,2014,IT.NET.BBND.P2,28.9729450556431,per 100 people,World Bank,2026-10-09
GRC,Greece,2015,IT.NET.BBND.P2,31.7813956931321,per 100 people,World Bank,2026-10-09
GRC,Greece,2016,IT.NET.BBND.P2,33.5485838991847,per 100 people,World Bank,2026-10-09
GRC,Greece,2017,IT.NET.BBND.P2,35.1351318678243,per 100 people,World Bank,2026-10-09
GRC,Greece,2018,IT.NET.BBND.P2,36.9203391643751,per 100 people,World Bank,2026-10-09
GRC,Greece,2019,IT.NET.BBND.P2,38.3565690069278,per 100 people,World Bank,2026-10-09
GRC,Greece,2020,IT.NET.BBND.P2,39.7876360746134,per 100 people,World Bank,2026-10-09
GRC,Greece,2021,IT.NET.BBND.P2,41.9213046741732,per 100 people,World Bank,2026-10-09
GRC,Greece,2022,IT.NET.BBND.P2,42.923040428409,per 100 people,World Bank,2026-10-09
GRC,Greece,2023,IT.NET.BBND.P2,43.8539621755853,per 100 people,World Bank,2026-10-09
GRC,Greece,2024,IT.NET.BBND.P2,44.6759828527928,per 100 people,World Bank,2026-10-09
HRV,Croatia,2010,IT.NET.BBND.P2,19.4799756808943,per 100 people,World Bank,2026-10-09
HRV,Croatia,2011,IT.NET.BBND.P2,20.8566154553422,per 100 people,World Bank,2026-10-09
HRV,Croatia,2012,IT.NET.BBND.P2,21.581851768721,per 100 people,World Bank,2026-10-09
HRV,Croatia,2013,IT.NET.BBND.P2,22.5042534905966,per 100 people,World Bank,2026-10-09
HRV,Croatia,2014,IT.NET.BBND.P2,23.3319089868678,per 100 people,World Bank,2026-10-09
HRV,Croatia,2015,IT.NET.BBND.P2,23.5726310188829,per 100 people,World Bank,2026-10-09
HRV,Croatia,2016,IT.NET.BBND.P2,25.2341141328155,per 100 people,World Bank,2026-10-09
HRV,Croatia,2017,IT.NET.BBND.P2,26.865096097274,per 100 people,World Bank,2026-10-09
HRV,Croatia,2018,IT.NET.BBND.P2,28.0156020023514,per 100 people,World Bank,2026-10-09
HRV,Croatia,2019,IT.NET.BBND.P2,28.9682951804841,per 100 people,World Bank,2026-10-09
HRV,Croatia,2020,IT.NET.BBND.P2,26.0744550144438,per 100 people,World Bank,2026-10-09
HRV,Croatia,2021,IT.NET.BBND.P2,26.7157501000099,per 100 people,World Bank,2026-10-09
HRV,Croatia,2022,IT.NET.BBND.P2,27.6606739600213,per 100 people,World Bank,2026-10-09
HRV,Croatia,2023,IT.NET.BBND.P2,28.4709561519529,per 100 people,World Bank,2026-10-09
HRV,Croatia,2024,IT.NET.BBND.P2,29.5997367962687,per 100 people,World Bank,2026-10-09
HUN,Hungary,2010,IT.NET.BBND.P2,21.639373536508,per 100 people,World Bank,2026-10-09
HUN,Hungary,2011,IT.NET.BBND.P2,23.2549245597223,per 100 people,World Bank,2026-10-09
HUN,Hungary,2012,IT.NET.BBND.P2,24.1618038721448,per 100 people,World Bank,2026-10-09
HUN,Hungary,2013,IT.NET.BBND.P2,26.2621916555453,per 100 people,World Bank,2026-10-09
HUN,Hungary,2014,IT.NET.BBND.P2,26.164233392363,per 100 people,World Bank,2026-10-09
HUN,Hungary,2015,IT.NET.BBND.P2,27.6322359587573,per 100 people,World Bank,2026-10-09
HUN,Hungary,2016,IT.NET.BBND.P2,28.6887907811727,per 100 people,World Bank,2026-10-09
HUN,Hungary,2017,IT.NET.BBND.P2,30.2136178819417,per 100 people,World Bank,2026-10-09
HUN,Hungary,2018,IT.NET.BBND.P2,31.5062908247816,per 100 people,World Bank,2026-10-09
HUN,Hungary,2019,IT.NET.BBND.P2,32.6466329851573,per 100 people,World Bank,2026-10-09
HUN,Hungary,2020,IT.NET.BBND.P2,33.4922037196533,per 100 people,World Bank,2026-10-09
HUN,Hungary,2021,IT.NET.BBND.P2,34.8391868436369,per 100 people,World Bank,2026-10-09
HUN,Hungary,2022,IT.NET.BBND.P2,36.5338104764554,per 100 people,World Bank,2026-10-09
HUN,Hungary,2023,IT.NET.BBND.P2,36.7901885342462,per 100 people,World Bank,2026-10-09
HUN,Hungary,2024,IT.NET.BBND.P2,37.542262483936,per 100 people,World Bank,2026-10-09
IRL,Ireland,2010,IT.NET.BBND.P2,22.3721452573765,per 100 people,World Bank,2026-10-09
IRL,Ireland,2011,IT.NET.BBND.P2,23.3814204815178,per 100 people,World Bank,2026-10-09
IRL,Ireland,2012,IT.NET.BBND.P2,24.1750019347271,per 100 people,World Bank,2026-10-09
IRL,Ireland,2013,IT.NET.BBND.P2,25.7144376937159,per 100 people,World Bank,2026-10-09
IRL,Ireland,2014,IT.NET.BBND.P2,27.0221858517779,per 100 people,World Bank,2026-10-09
IRL,Ireland,2015,IT.NET.BBND.P2,27.8462651784045,per 100 people,World Bank,2026-10-09
IRL,Ireland,2016,IT.NET.BBND.P2,28.6147710435862,per 100 people,World Bank,2026-10-09
IRL,Ireland,2017,IT.NET.BBND.P2,29.0794615926246,per 100 people,World Bank,2026-10-09
IRL,Ireland,2018,IT.NET.BBND.P2,29.3513301848147,per 100 people,World Bank,2026-10-09
IRL,Ireland,2019,IT.NET.BBND.P2,29.6453160652366,per 100 people,World Bank,2026-10-09
IRL,Ireland,2020,IT.NET.BBND.P2,30.4353384554187,per 100 people,World Bank,2026-10-09
IRL,Ireland,2021,IT.NET.BBND.P2,31.3616427884193,per 100 people,World Bank,2026-10-09
IRL,Ireland,2022,IT.NET.BBND.P2,31.5362809040128,per 100 people,World Bank,2026-10-09
IRL,Ireland,2023,IT.NET.BBND.P2,31.8907830651788,per 100 people,World Bank,2026-10-09
IRL,Ireland,2024,IT.NET.BBND.P2,32.3023693358176,per 100 people,World Bank,2026-10-09
ITA,Italy,2010,IT.NET.BBND.P2,21.7704634480966,per 100 people,World Bank,2026-10-09
ITA,Italy,2011,IT.NET.BBND.P2,22.393878996579,per 100 people,World Bank,2026-10-09
ITA,Italy,2012,IT.NET.BBND.P2,22.7375144996784,per 100 people,World Bank,2026-10-09
ITA,Italy,2013,IT.NET.BBND.P2,23.1031860985354,per 100 people,World Bank,2026-10-09
ITA,Italy,2014,IT.NET.BBND.P2,23.7083714537202,per 100 people,World Bank,2026-10-09
ITA,Italy,2015,IT.NET.BBND.P2,24.5977602494059,per 100 people,World Bank,2026-10-09
ITA,Italy,2016,IT.NET.BBND.P2,25.7337403103573,per 100 people,World Bank,2026-10-09
ITA,Italy,2017,IT.NET.BBND.P2,27.4652917045411,per 100 people,World Bank,2026-10-09
ITA,Italy,2018,IT.NET.BBND.P2,28.4648521996575,per 100 people,World Bank,2026-10-09
ITA,Italy,2019,IT.NET.BBND.P2,29.0544644701951,per 100 people,World Bank,2026-10-09
ITA,Italy,2020,IT.NET.BBND.P2,30.2586365187027,per 100 people,World Bank,2026-10-09
ITA,Italy,2021,IT.NET.BBND.P2,31.2852927413407,per 100 people,World Bank,2026-10-09
ITA,Italy,2022,IT.NET.BBND.P2,31.19136706407,per 100 people,World Bank,2026-10-09
ITA,Italy,2023,IT.NET.BBND.P2,31.8410876819321,per 100 people,World Bank,2026-10-09
ITA,Italy,2024,IT.NET.BBND.P2,31.7807732477772,per 100 people,World Bank,2026-10-09
LTU,Lithuania,2010,IT.NET.BBND.P2,21.9297095928618,per 100 people,World Bank,2026-10-09
LTU,Lithuania,2011,IT.NET.BBND.P2,24.0272372898481,per 100 people,World Bank,2026-10-09
LTU,Lithuania,2012,IT.NET.BBND.P2,25.7287935833036,per 100 people,World Bank,2026-10-09
LTU,Lithuania,2013,IT.NET.BBND.P2,28.2656607039035,per 100 people,World Bank,2026-10-09
LTU,Lithuania,2014,IT.NET.BBND.P2,27.337779493026,per 100 people,World Bank,2026-10-09
LTU,Lithuania,2015,IT.NET.BBND.P2,28.6774149586821,per 100 people,World Bank,2026-10-09
LTU,Lithuania,2016,IT.NET.BBND.P2,29.8964138705034,per 100 people,World Bank,2026-10-09
LTU,Lithuania,2017,IT.NET.BBND.P2,28.2319064734089,per 100 people,World Bank,2026-10-09
LTU,Lithuania,2018,IT.NET.BBND.P2,28.1444849879285,per 100 people,World Bank,2026-10-09
LTU,Lithuania,2019,IT.NET.BBND.P2,28.2791627222047,per 100 people,World Bank,2026-10-09
LTU,Lithuania,2020,IT.NET.BBND.P2,28.4988545174577,per 100 people,World Bank,2026-10-09
LTU,Lithuania,2021,IT.NET.BBND.P2,28.712701575387,per 100 people,World Bank,2026-10-09
LTU,Lithuania,2022,IT.NET.BBND.P2,28.4400438919259,per 100 people,World Bank,2026-10-09
LTU,Lithuania,2023,IT.NET.BBND.P2,27.9638162516437,per 100 people,World Bank,2026-10-09
LTU,Lithuania,2024,IT.NET.BBND.P2,27.8460080234758,per 100 people,World Bank,2026-10-09
LUX,Luxembourg,2010,IT.NET.BBND.P2,33.1818450562661,per 100 people,World Bank,2026-10-09
LUX,Luxembourg,2011,IT.NET.BBND.P2,32.7339447418355,per 100 people,World Bank,2026-10-09
LUX,Luxembourg,2012,IT.NET.BBND.P2,31.9617588949556,per 100 people,World Bank,2026-10-09
LUX,Luxembourg,2013,IT.NET.BBND.P2,32.4834270107517,per 100 people,World Bank,2026-10-09
LUX,Luxembourg,2014,IT.NET.BBND.P2,33.580271770101,per 100 people,World Bank,2026-10-09
LUX,Luxembourg,2015,IT.NET.BBND.P2,34.2910720305652,per 100 people,World Bank,2026-10-09
LUX,Luxembourg,2016,IT.NET.BBND.P2,34.8068400324932,per 100 people,World Bank,2026-10-09
LUX,Luxembourg,2017,IT.NET.BBND.P2,35.9768313229784,per 100 people,World Bank,2026-10-09
LUX,Luxembourg,2018,IT.NET.BBND.P2,36.8853200372964,per 100 people,World Bank,2026-10-09
LUX,Luxembourg,2019,IT.NET.BBND.P2,37.3611453762962,per 100 people,World Bank,2026-10-09
LUX,Luxembourg,2020,IT.NET.BBND.P2,37.2960860898482,per 100 people,World Bank,2026-10-09
LUX,Luxembourg,2021,IT.NET.BBND.P2,38.0399641403524,per 100 people,World Bank,2026-10-09
LUX,Luxembourg,2022,IT.NET.BBND.P2,38.3269581349215,per 100 people,World Bank,2026-10-09
LUX,Luxembourg,2023,IT.NET.BBND.P2,38.3793065082138,per 100 people,World Bank,2026-10-09
LUX,Luxembourg,2024,IT.NET.BBND.P2,40.3174570156723,per 100 people,World Bank,2026-10-09
LVA,Latvia,2010,IT.NET.BBND.P2,20.7297918659797,per 100 people,World Bank,2026-10-09
LVA,Latvia,2011,IT.NET.BBND.P2,22.2055874415821,per 100 people,World Bank,2026-10-09
LVA,Latvia,2012,IT.NET.BBND.P2,23.4018125136081,per 100 people,World Bank,2026-10-09
LVA,Latvia,2013,IT.NET.BBND.P2,24.6397186303098,per 100 people,World Bank,2026-10-09
LVA,Latvia,2014,IT.NET.BBND.P2,25.3240856124593,per 100 people,World Bank,2026-10-09
LVA,Latvia,2015,IT.NET.BBND.P2,25.4568684345307,per 100 people,World Bank,2026-10-09
LVA,Latvia,2016,IT.NET.BBND.P2,26.4893005276389,per 100 people,World Bank,2026-10-09
LVA,Latvia,2017,IT.NET.BBND.P2,27.0886247975645,per 100 people,World Bank,2026-10-09
LVA,Latvia,2018,IT.NET.BBND.P2,27.2877295355647,per 100 people,World Bank,2026-10-09
LVA,Latvia,2019,IT.NET.BBND.P2,26.5858975490829,per 100 people,World Bank,2026-10-09
LVA,Latvia,2020,IT.NET.BBND.P2,25.804169430384,per 100 people,World Bank,2026-10-09
LVA,Latvia,2021,IT.NET.BBND.P2,25.9761549056076,per 100 people,World Bank,2026-10-09
LVA,Latvia,2022,IT.NET.BBND.P2,25.989241189689,per 100 people,World Bank,2026-10-09
LVA,Latvia,2023,IT.NET.BBND.P2,25.9948491178264,per 100 people,World Bank,2026-10-09
LVA,Latvia,2024,IT.NET.BBND.P2,25.7542854181725,per 100 people,World Bank,2026-10-09
MKD,North Macedonia,2010,IT.NET.BBND.P2,12.6122529557569,per 100 people,World Bank,2026-10-09
MKD,North Macedonia,2011,IT.NET.BBND.P2,13.7991890008361,per 100 people,World Bank,2026-10-09
MKD,North Macedonia,2012,IT.NET.BBND.P2,15.4034279276413,per 100 people,World Bank,2026-10-09
MKD,North Macedonia,2013,IT.NET.BBND.P2,16.8126639116268,per 100 people,World Bank,2026-10-09
MKD,North Macedonia,2014,IT.NET.BBND.P2,17.7239038498213,per 100 people,World Bank,2026-10-09
MKD,North Macedonia,2015,IT.NET.BBND.P2,18.4016994838328,per 100 people,World Bank,2026-10-09
MKD,North Macedonia,2016,IT.NET.BBND.P2,19.4533715332855,per 100 people,World Bank,2026-10-09
MKD,North Macedonia,2017,IT.NET.BBND.P2,20.4183259234605,per 100 people,World Bank,2026-10-09
MKD,North Macedonia,2018,IT.NET.BBND.P2,22.2929498345599,per 100 people,World Bank,2026-10-09
MKD,North Macedonia,2019,IT.NET.BBND.P2,23.9402500262168,per 100 people,World Bank,2026-10-09
MKD,North Macedonia,2020,IT.NET.BBND.P2,25.4041233643961,per 100 people,World Bank,2026-10-09
MKD,North Macedonia,2021,IT.NET.BBND.P2,26.9448892231031,per 100 people,World Bank,2026-10-09
MKD,North Macedonia,2022,IT.NET.BBND.P2,28.0035734605346,per 100 people,World Bank,2026-10-09
MKD,North Macedonia,2023,IT.NET.BBND.P2,29.1771708951077,per 100 people,World Bank,2026-10-09
MKD,North Macedonia,2024,IT.NET.BBND.P2,29.8921727758887,per 100 people,World Bank,2026-10-09
MLT,Malta,2010,IT.NET.BBND.P2,29.7855677615811,per 100 people,World Bank,2026-10-09
MLT,Malta,2011,IT.NET.BBND.P2,30.3037011219232,per 100 people,World Bank,2026-10-09
MLT,Malta,2012,IT.NET.BBND.P2,31.8224330830663,per 100 people,World Bank,2026-10-09
MLT,Malta,2013,IT.NET.BBND.P2,33.3783014199957,per 100 people,World Bank,2026-10-09
MLT,Malta,2014,IT.NET.BBND.P2,34.8819867199098,per 100 people,World Bank,2026-10-09
MLT,Malta,2015,IT.NET.BBND.P2,36.6768468766082,per 100 people,World Bank,2026-10-09
MLT,Malta,2016,IT.NET.BBND.P2,37.6179796999137,per 100 people,World Bank,2026-10-09
MLT,Malta,2017,IT.NET.BBND.P2,38.7512769768028,per 100 people,World Bank,2026-10-09
MLT,Malta,2018,IT.NET.BBND.P2,39.5892751744889,per 100 people,World Bank,2026-10-09
MLT,Malta,2019,IT.NET.BBND.P2,40.1799549616579,per 100 people,World Bank,2026-10-09
MLT,Malta,2020,IT.NET.BBND.P2,41.1094408219109,per 100 people,World Bank,2026-10-09
MLT,Malta,2021,IT.NET.BBND.P2,42.1830899964911,per 100 people,World Bank,2026-10-09
MLT,Malta,2022,IT.NET.BBND.P2,43.4449972737186,per 100 people,World Bank,2026-10-09
MLT,Malta,2023,IT.NET.BBND.P2,44.282454836797,per 100 people,World Bank,2026-10-09
MLT,Malta,2024,IT.NET.BBND.P2,44.5068355303026,per 100 people,World Bank,2026-10-09
MNE,Montenegro,2010,IT.NET.BBND.P2,10.2303793142727,per 100 people,World Bank,2026-10-09
MNE,Montenegro,2011,IT.NET.BBND.P2,10.2281061123334,per 100 people,World Bank,2026-10-09
MNE,Montenegro,2012,IT.NET.BBND.P2,13.8535846197557,per 100 people,World Bank,2026-10-09
MNE,Montenegro,2013,IT.NET.BBND.P2,15.1169768888917,per 100 people,World Bank,2026-10-09
MNE,Montenegro,2014,IT.NET.BBND.P2,16.450287071867,per 100 people,World Bank,2026-10-09
MNE,Montenegro,2015,IT.NET.BBND.P2,17.8930024118635,per 100 people,World Bank,2026-10-09
MNE,Montenegro,2016,IT.NET.BBND.P2,18.3977867805956,per 100 people,World Bank,2026-10-09
MNE,Montenegro,2017,IT.NET.BBND.P2,22.1614090312426,per 100 people,World Bank,2026-10-09
MNE,Montenegro,2018,IT.NET.BBND.P2,25.8249904594873,per 100 people,World Bank,2026-10-09
MNE,Montenegro,2019,IT.NET.BBND.P2,29.2284854340679,per 100 people,World Bank,2026-10-09
MNE,Montenegro,2020,IT.NET.BBND.P2,30.2953440746132,per 100 people,World Bank,2026-10-09
MNE,Montenegro,2021,IT.NET.BBND.P2,31.180870777725,per 100 people,World Bank,2026-10-09
MNE,Montenegro,2022,IT.NET.BBND.P2,31.8922375082974,per 100 people,World Bank,2026-10-09
MNE,Montenegro,2023,IT.NET.BBND.P2,32.0155251660479,per 100 people,World Bank,2026-10-09
MNE,Montenegro,2024,IT.NET.BBND.P2,32.305369479654,per 100 people,World Bank,2026-10-09
NLD,Netherlands,2010,IT.NET.BBND.P2,37.7372328275169,per 100 people,World Bank,2026-10-09
NLD,Netherlands,2011,IT.NET.BBND.P2,38.5614208058284,per 100 people,World Bank,2026-10-09
NLD,Netherlands,2012,IT.NET.BBND.P2,39.3374146344405,per 100 people,World Bank,2026-10-09
NLD,Netherlands,2013,IT.NET.BBND.P2,40.030499091092,per 100 people,World Bank,2026-10-09
NLD,Netherlands,2014,IT.NET.BBND.P2,40.2287973950107,per 100 people,World Bank,2026-10-09
NLD,Netherlands,2015,IT.NET.BBND.P2,41.0879703576802,per 100 people,World Bank,2026-10-09
NLD,Netherlands,2016,IT.NET.BBND.P2,41.9813942626003,per 100 people,World Bank,2026-10-09
NLD,Netherlands,2017,IT.NET.BBND.P2,42.0988982620643,per 100 people,World Bank,2026-10-09
NLD,Netherlands,2018,IT.NET.BBND.P2,42.5152457224727,per 100 people,World Bank,2026-10-09
NLD,Netherlands,2019,IT.NET.BBND.P2,42.5292659897442,per 100 people,World Bank,2026-10-09
NLD,Netherlands,2020,IT.NET.BBND.P2,42.6667277513049,per 100 people,World Bank,2026-10-09
NLD,Netherlands,2021,IT.NET.BBND.P2,42.9460563127039,per 100 people,World Bank,2026-10-09
NLD,Netherlands,2022,IT.NET.BBND.P2,43.5643185557355,per 100 people,World Bank,2026-10-09
NLD,Netherlands,2023,IT.NET.BBND.P2,43.2644444744139,per 100 people,World Bank,2026-10-09
NLD,Netherlands,2024,IT.NET.BBND.P2,42.9782483069868,per 100 people,World Bank,2026-10-09
POL,Poland,2010,IT.NET.BBND.P2,15.378511671936,per 100 people,World Bank,2026-10-09
POL,Poland,2011,IT.NET.BBND.P2,18.2475205937044,per 100 people,World Bank,2026-10-09
POL,Poland,2012,IT.NET.BBND.P2,18.0079998184474,per 100 people,World Bank,2026-10-09
POL,Poland,2013,IT.NET.BBND.P2,18.3773931656078,per 100 people,World Bank,2026-10-09
POL,Poland,2014,IT.NET.BBND.P2,18.904567196757,per 100 people,World Bank,2026-10-09
POL,Poland,2015,IT.NET.BBND.P2,18.9867934497166,per 100 people,World Bank,2026-10-09
POL,Poland,2016,IT.NET.BBND.P2,19.1513139299534,per 100 people,World Bank,2026-10-09
POL,Poland,2017,IT.NET.BBND.P2,19.9531726069815,per 100 people,World Bank,2026-10-09
POL,Poland,2018,IT.NET.BBND.P2,20.5313862679212,per 100 people,World Bank,2026-10-09
POL,Poland,2019,IT.NET.BBND.P2,20.5043205670712,per 100 people,World Bank,2026-10-09
POL,Poland,2020,IT.NET.BBND.P2,21.9255858346119,per 100 people,World Bank,2026-10-09
POL,Poland,2021,IT.NET.BBND.P2,22.8165643900514,per 100 people,World Bank,2026-10-09
POL,Poland,2022,IT.NET.BBND.P2,23.8373449056172,per 100 people,World Bank,2026-10-09
POL,Poland,2023,IT.NET.BBND.P2,24.526154479274,per 100 people,World Bank,2026-10-09
POL,Poland,2024,IT.NET.BBND.P2,25.3612522999634,per 100 people,World Bank,2026-10-09
PRT,Portugal,2010,IT.NET.BBND.P2,20.1035764454099,per 100 people,World Bank,2026-10-09
PRT,Portugal,2011,IT.NET.BBND.P2,21.2468026111835,per 100 people,World Bank,2026-10-09
PRT,Portugal,2012,IT.NET.BBND.P2,22.7408340982484,per 100 people,World Bank,2026-10-09
PRT,Portugal,2013,IT.NET.BBND.P2,24.5102597000009,per 100 people,World Bank,2026-10-09
PRT,Portugal,2014,IT.NET.BBND.P2,27.4622463014594,per 100 people,World Bank,2026-10-09
PRT,Portugal,2015,IT.NET.BBND.P2,30.2999720257926,per 100 people,World Bank,2026-10-09
PRT,Portugal,2016,IT.NET.BBND.P2,32.6259001706105,per 100 people,World Bank,2026-10-09
PRT,Portugal,2017,IT.NET.BBND.P2,34.6016066063915,per 100 people,World Bank,2026-10-09
PRT,Portugal,2018,IT.NET.BBND.P2,36.6542819407724,per 100 people,World Bank,2026-10-09
PRT,Portugal,2019,IT.NET.BBND.P2,38.3605751907072,per 100 people,World Bank,2026-10-09
PRT,Portugal,2020,IT.NET.BBND.P2,40.1215406866329,per 100 people,World Bank,2026-10-09
PRT,Portugal,2021,IT.NET.BBND.P2,41.5145728650954,per 100 people,World Bank,2026-10-09
PRT,Portugal,2022,IT.NET.BBND.P2,42.937003513367,per 100 people,World Bank,2026-10-09
PRT,Portugal,2023,IT.NET.BBND.P2,44.1107426914567,per 100 people,World Bank,2026-10-09
PRT,Portugal,2024,IT.NET.BBND.P2,45.2439221846256,per 100 people,World Bank,2026-10-09
ROU,Romania,2010,IT.NET.BBND.P2,14.6853744418104,per 100 people,World Bank,2026-10-09
ROU,Romania,2011,IT.NET.BBND.P2,16.1874973837653,per 100 people,World Bank,2026-10-09
ROU,Romania,2012,IT.NET.BBND.P2,17.567519569459,per 100 people,World Bank,2026-10-09
ROU,Romania,2013,IT.NET.BBND.P2,18.8919150905294,per 100 people,World Bank,2026-10-09
ROU,Romania,2014,IT.NET.BBND.P2,20.1139523323465,per 100 people,World Bank,2026-10-09
ROU,Romania,2015,IT.NET.BBND.P2,21.4489855804576,per 100 people,World Bank,2026-10-09
ROU,Romania,2016,IT.NET.BBND.P2,22.4982986593906,per 100 people,World Bank,2026-10-09
ROU,Romania,2017,IT.NET.BBND.P2,24.148941859633,per 100 people,World Bank,2026-10-09
ROU,Romania,2018,IT.NET.BBND.P2,25.9702175828069,per 100 people,World Bank,2026-10-09
ROU,Romania,2019,IT.NET.BBND.P2,27.060557570268,per 100 people,World Bank,2026-10-09
ROU,Romania,2020,IT.NET.BBND.P2,29.314080636148,per 100 people,World Bank,2026-10-09
ROU,Romania,2021,IT.NET.BBND.P2,31.6949603653045,per 100 people,World Bank,2026-10-09
ROU,Romania,2022,IT.NET.BBND.P2,33.2115600895132,per 100 people,World Bank,2026-10-09
ROU,Romania,2023,IT.NET.BBND.P2,34.6706189336505,per 100 people,World Bank,2026-10-09
ROU,Romania,2024,IT.NET.BBND.P2,35.7995871488999,per 100 people,World Bank,2026-10-09
SRB,Serbia,2010,IT.NET.BBND.P2,11.7956770547049,per 100 people,World Bank,2026-10-09
SRB,Serbia,2011,IT.NET.BBND.P2,13.442273512,per 100 people,World Bank,2026-10-09
SRB,Serbia,2012,IT.NET.BBND.P2,14.8105248871613,per 100 people,World Bank,2026-10-09
SRB,Serbia,2013,IT.NET.BBND.P2,16.4163582396862,per 100 people,World Bank,2026-10-09
SRB,Serbia,2014,IT.NET.BBND.P2,16.7418077691238,per 100 people,World Bank,2026-10-09
SRB,Serbia,2015,IT.NET.BBND.P2,18.6568767159217,per 100 people,World Bank,2026-10-09
SRB,Serbia,2016,IT.NET.BBND.P2,20.6094025912635,per 100 people,World Bank,2026-10-09
SRB,Serbia,2017,IT.NET.BBND.P2,21.1492657800305,per 100 people,World Bank,2026-10-09
SRB,Serbia,2018,IT.NET.BBND.P2,22.2890953800272,per 100 people,World Bank,2026-10-09
SRB,Serbia,2019,IT.NET.BBND.P2,23.4424592934158,per 100 people,World Bank,2026-10-09
SRB,Serbia,2020,IT.NET.BBND.P2,25.1834994361532,per 100 people,World Bank,2026-10-09
SRB,Serbia,2021,IT.NET.BBND.P2,26.4794202826056,per 100 people,World Bank,2026-10-09
SRB,Serbia,2022,IT.NET.BBND.P2,29.3457941392192,per 100 people,World Bank,2026-10-09
SRB,Serbia,2023,IT.NET.BBND.P2,31.2695286708104,per 100 people,World Bank,2026-10-09
SRB,Serbia,2024,IT.NET.BBND.P2,33.3746847922718,per 100 people,World Bank,2026-10-09
SVK,Slovakia,2010,IT.NET.BBND.P2,16.2644145767381,per 100 people,World Bank,2026-10-09
SVK,Slovakia,2011,IT.NET.BBND.P2,17.6561458836789,per 100 people,World Bank,2026-10-09
SVK,Slovakia,2012,IT.NET.BBND.P2,19.3434773928924,per 100 people,World Bank,2026-10-09
SVK,Slovakia,2013,IT.NET.BBND.P2,20.4985858774048,per 100 people,World Bank,2026-10-09
SVK,Slovakia,2014,IT.NET.BBND.P2,21.9975144176702,per 100 people,World Bank,2026-10-09
SVK,Slovakia,2015,IT.NET.BBND.P2,23.5008610259474,per 100 people,World Bank,2026-10-09
SVK,Slovakia,2016,IT.NET.BBND.P2,24.626445872585,per 100 people,World Bank,2026-10-09
SVK,Slovakia,2017,IT.NET.BBND.P2,25.8590797873319,per 100 people,World Bank,2026-10-09
SVK,Slovakia,2018,IT.NET.BBND.P2,27.6953839189658,per 100 people,World Bank,2026-10-09
SVK,Slovakia,2019,IT.NET.BBND.P2,29.181106904051,per 100 people,World Bank,2026-10-09
SVK,Slovakia,2020,IT.NET.BBND.P2,31.192548373756,per 100 people,World Bank,2026-10-09
SVK,Slovakia,2021,IT.NET.BBND.P2,32.6060735005904,per 100 people,World Bank,2026-10-09
SVK,Slovakia,2022,IT.NET.BBND.P2,33.9988127597088,per 100 people,World Bank,2026-10-09
SVK,Slovakia,2023,IT.NET.BBND.P2,33.17259432898,per 100 people,World Bank,2026-10-09
SVK,Slovakia,2024,IT.NET.BBND.P2,33.8136036435218,per 100 people,World Bank,2026-10-09
SVN,Slovenia,2010,IT.NET.BBND.P2,23.0130215414954,per 100 people,World Bank,2026-10-09
SVN,Slovenia,2011,IT.NET.BBND.P2,24.1297849867532,per 100 people,World Bank,2026-10-09
SVN,Slovenia,2012,IT.NET.BBND.P2,24.8054736692412,per 100 people,World Bank,2026-10-09
SVN,Slovenia,2013,IT.NET.BBND.P2,25.5111136181393,per 100 people,World Bank,2026-10-09
SVN,Slovenia,2014,IT.NET.BBND.P2,27.0022702087688,per 100 people,World Bank,2026-10-09
SVN,Slovenia,2015,IT.NET.BBND.P2,27.6233320566015,per 100 people,World Bank,2026-10-09
SVN,Slovenia,2016,IT.NET.BBND.P2,28.5889065200718,per 100 people,World Bank,2026-10-09
SVN,Slovenia,2017,IT.NET.BBND.P2,29.180424842781,per 100 people,World Bank,2026-10-09
SVN,Slovenia,2018,IT.NET.BBND.P2,29.6086313428343,per 100 people,World Bank,2026-10-09
SVN,Slovenia,2019,IT.NET.BBND.P2,30.1395433223627,per 100 people,World Bank,2026-10-09
SVN,Slovenia,2020,IT.NET.BBND.P2,30.9930132861242,per 100 people,World Bank,2026-10-09
SVN,Slovenia,2021,IT.NET.BBND.P2,31.5502669986288,per 100 people,World Bank,2026-10-09
SVN,Slovenia,2022,IT.NET.BBND.P2,32.0104972135392,per 100 people,World Bank,2026-10-09
SVN,Slovenia,2023,IT.NET.BBND.P2,31.8814801387465,per 100 people,World Bank,2026-10-09
SVN,Slovenia,2024,IT.NET.BBND.P2,34.2332575162942,per 100 people,World Bank,2026-10-09
SWE,Sweden,2010,IT.NET.BBND.P2,31.9840349438999,per 100 people,World Bank,2026-10-09
SWE,Sweden,2011,IT.NET.BBND.P2,32.0391154481002,per 100 people,World Bank,2026-10-09
SWE,Sweden,2012,IT.NET.BBND.P2,32.2829791143157,per 100 people,World Bank,2026-10-09
SWE,Sweden,2013,IT.NET.BBND.P2,32.7855388506159,per 100 people,World Bank,2026-10-09
SWE,Sweden,2014,IT.NET.BBND.P2,33.841393015349,per 100 people,World Bank,2026-10-09
SWE,Sweden,2015,IT.NET.BBND.P2,35.6778078349251,per 100 people,World Bank,2026-10-09
SWE,Sweden,2016,IT.NET.BBND.P2,37.0821744423215,per 100 people,World Bank,2026-10-09
SWE,Sweden,2017,IT.NET.BBND.P2,38.3266046004608,per 100 people,World Bank,2026-10-09
SWE,Sweden,2018,IT.NET.BBND.P2,38.7413375683818,per 100 people,World Bank,2026-10-09
SWE,Sweden,2019,IT.NET.BBND.P2,39.2905524546107,per 100 people,World Bank,2026-10-09
SWE,Sweden,2020,IT.NET.BBND.P2,40.3679810262741,per 100 people,World Bank,2026-10-09
SWE,Sweden,2021,IT.NET.BBND.P2,40.8351431063991,per 100 people,World Bank,2026-10-09
SWE,Sweden,2022,IT.NET.BBND.P2,40.6093424279832,per 100 people,World Bank,2026-10-09
SWE,Sweden,2023,IT.NET.BBND.P2,40.7340135908716,per 100 people,World Bank,2026-10-09
SWE,Sweden,2024,IT.NET.BBND.P2,40.6156538715616,per 100 people,World Bank,2026-10-09
ALB,Albania,2010,IT.NET.USER.ZS,45.0,% of population,World Bank,2026-10-09
ALB,Albania,2011,IT.NET.USER.ZS,47.0,% of population,World Bank,2026-10-09
ALB,Albania,2012,IT.NET.USER.ZS,49.40000153,% of population,World Bank,2026-10-09
ALB,Albania,2013,IT.NET.USER.ZS,51.79999924,% of population,World Bank,2026-10-09
ALB,Albania,2014,IT.NET.USER.ZS,54.29999924,% of population,World Bank,2026-10-09
ALB,Albania,2015,IT.NET.USER.ZS,56.90000153,% of population,World Bank,2026-10-09
ALB,Albania,2016,IT.NET.USER.ZS,59.59999847,% of population,World Bank,2026-10-09
ALB,Albania,2017,IT.NET.USER.ZS,62.40000153,% of population,World Bank,2026-10-09
ALB,Albania,2018,IT.NET.USER.ZS,65.40000153,% of population,World Bank,2026-10-09
ALB,Albania,2019,IT.NET.USER.ZS,68.5503911218006,% of population,World Bank,2026-10-09
ALB,Albania,2020,IT.NET.USER.ZS,72.23767711,% of population,World Bank,2026-10-09
ALB,Albania,2021,IT.NET.USER.ZS,79.32371752,% of population,World Bank,2026-10-09
ALB,Albania,2022,IT.NET.USER.ZS,82.61367544,% of population,World Bank,2026-10-09
ALB,Albania,2023,IT.NET.USER.ZS,83.13559161,% of population,World Bank,2026-10-09
ALB,Albania,2024,IT.NET.USER.ZS,85.86389923,% of population,World Bank,2026-10-09
AUT,Austria,2010,IT.NET.USER.ZS,75.17,% of population,World Bank,2026-10-09
AUT,Austria,2011,IT.NET.USER.ZS,78.7399930986888,% of population,World Bank,2026-10-09
AUT,Austria,2012,IT.NET.USER.ZS,80.0299939169903,% of population,World Bank,2026-10-09
AUT,Austria,2013,IT.NET.USER.ZS,80.6188,% of population,World Bank,2026-10-09
AUT,Austria,2014,IT.NET.USER.ZS,80.9958249574764,% of population,World Bank,2026-10-09
AUT,Austria,2015,IT.NET.USER.ZS,83.9401419315026,% of population,World Bank,2026-10-09
AUT,Austria,2016,IT.NET.USER.ZS,84.3237425711653,% of population,World Bank,2026-10-09
AUT,Austria,2017,IT.NET.USER.ZS,87.9355865856062,% of population,World Bank,2026-10-09
AUT,Austria,2018,IT.NET.USER.ZS,87.4791372262556,% of population,World Bank,2026-10-09
AUT,Austria,2019,IT.NET.USER.ZS,87.7522047870069,% of population,World Bank,2026-10-09
AUT,Austria,2020,IT.NET.USER.ZS,87.52942813,% of population,World Bank,2026-10-09
AUT,Austria,2021,IT.NET.USER.ZS,92.52915104,% of population,World Bank,2026-10-09
AUT,Austria,2022,IT.NET.USER.ZS,93.61409139,% of population,World Bank,2026-10-09
AUT,Austria,2023,IT.NET.USER.ZS,95.33467117,% of population,World Bank,2026-10-09
AUT,Austria,2024,IT.NET.USER.ZS,94.91974877,% of population,World Bank,2026-10-09
AUT,Austria,2025,IT.NET.USER.ZS,91.92573373,% of population,World Bank,2026-10-09
BEL,Belgium,2010,IT.NET.USER.ZS,77.6397855126946,% of population,World Bank,2026-10-09
BEL,Belgium,2011,IT.NET.USER.ZS,81.6099959955952,% of population,World Bank,2026-10-09
BEL,Belgium,2012,IT.NET.USER.ZS,80.7199905482042,% of population,World Bank,2026-10-09
BEL,Belgium,2013,IT.NET.USER.ZS,82.1702,% of population,World Bank,2026-10-09
BEL,Belgium,2014,IT.NET.USER.ZS,85.0012379539925,% of population,World Bank,2026-10-09
BEL,Belgium,2015,IT.NET.USER.ZS,85.0529417508701,% of population,World Bank,2026-10-09
BEL,Belgium,2016,IT.NET.USER.ZS,86.5164766644457,% of population,World Bank,2026-10-09
BEL,Belgium,2017,IT.NET.USER.ZS,87.6796808175598,% of population,World Bank,2026-10-09
BEL,Belgium,2018,IT.NET.USER.ZS,88.6473429951691,% of population,World Bank,2026-10-09
BEL,Belgium,2019,IT.NET.USER.ZS,90.275428012141,% of population,World Bank,2026-10-09
BEL,Belgium,2020,IT.NET.USER.ZS,91.52641629,% of population,World Bank,2026-10-09
BEL,Belgium,2021,IT.NET.USER.ZS,92.78867618,% of population,World Bank,2026-10-09
BEL,Belgium,2022,IT.NET.USER.ZS,94.00783071,% of population,World Bank,2026-10-09
BEL,Belgium,2023,IT.NET.USER.ZS,94.62625074,% of population,World Bank,2026-10-09
BEL,Belgium,2024,IT.NET.USER.ZS,95.77579144,% of population,World Bank,2026-10-09
BGR,Bulgaria,2010,IT.NET.USER.ZS,46.23,% of population,World Bank,2026-10-09
BGR,Bulgaria,2011,IT.NET.USER.ZS,47.9799930506026,% of population,World Bank,2026-10-09
BGR,Bulgaria,2012,IT.NET.USER.ZS,51.8999876658503,% of population,World Bank,2026-10-09
BGR,Bulgaria,2013,IT.NET.USER.ZS,53.0615,% of population,World Bank,2026-10-09
BGR,Bulgaria,2014,IT.NET.USER.ZS,55.4903766299262,% of population,World Bank,2026-10-09
BGR,Bulgaria,2015,IT.NET.USER.ZS,56.6562516053086,% of population,World Bank,2026-10-09
BGR,Bulgaria,2016,IT.NET.USER.ZS,59.825547661014,% of population,World Bank,2026-10-09
BGR,Bulgaria,2017,IT.NET.USER.ZS,63.4101013837926,% of population,World Bank,2026-10-09
BGR,Bulgaria,2018,IT.NET.USER.ZS,64.78201069118,% of population,World Bank,2026-10-09
BGR,Bulgaria,2019,IT.NET.USER.ZS,67.9469809417603,% of population,World Bank,2026-10-09
BGR,Bulgaria,2020,IT.NET.USER.ZS,70.16248359,% of population,World Bank,2026-10-09
BGR,Bulgaria,2021,IT.NET.USER.ZS,75.27144583,% of population,World Bank,2026-10-09
BGR,Bulgaria,2022,IT.NET.USER.ZS,79.12686326,% of population,World Bank,2026-10-09
BGR,Bulgaria,2023,IT.NET.USER.ZS,80.38956462,% of population,World Bank,2026-10-09
BGR,Bulgaria,2024,IT.NET.USER.ZS,82.438955,% of population,World Bank,2026-10-09
BIH,Bosnia and Herzegovina,2010,IT.NET.USER.ZS,42.75,% of population,World Bank,2026-10-09
BIH,Bosnia and Herzegovina,2011,IT.NET.USER.ZS,43.88769913,% of population,World Bank,2026-10-09
BIH,Bosnia and Herzegovina,2012,IT.NET.USER.ZS,45.0644989,% of population,World Bank,2026-10-09
BIH,Bosnia and Herzegovina,2013,IT.NET.USER.ZS,48.52130127,% of population,World Bank,2026-10-09
BIH,Bosnia and Herzegovina,2014,IT.NET.USER.ZS,49.91770172,% of population,World Bank,2026-10-09
BIH,Bosnia and Herzegovina,2015,IT.NET.USER.ZS,52.59999847,% of population,World Bank,2026-10-09
BIH,Bosnia and Herzegovina,2016,IT.NET.USER.ZS,60.2565354318987,% of population,World Bank,2026-10-09
BIH,Bosnia and Herzegovina,2017,IT.NET.USER.ZS,64.8920205128383,% of population,World Bank,2026-10-09
BIH,Bosnia and Herzegovina,2018,IT.NET.USER.ZS,70.1201350394885,% of population,World Bank,2026-10-09
BIH,Bosnia and Herzegovina,2019,IT.NET.USER.ZS,69.9463476317266,% of population,World Bank,2026-10-09
BIH,Bosnia and Herzegovina,2020,IT.NET.USER.ZS,73.21175294,% of population,World Bank,2026-10-09
BIH,Bosnia and Herzegovina,2021,IT.NET.USER.ZS,75.67620138,% of population,World Bank,2026-10-09
BIH,Bosnia and Herzegovina,2022,IT.NET.USER.ZS,78.8455371,% of population,World Bank,2026-10-09
BIH,Bosnia and Herzegovina,2023,IT.NET.USER.ZS,83.3771539,% of population,World Bank,2026-10-09
BIH,Bosnia and Herzegovina,2024,IT.NET.USER.ZS,86.10091103,% of population,World Bank,2026-10-09
CYP,Cyprus,2010,IT.NET.USER.ZS,52.99,% of population,World Bank,2026-10-09
CYP,Cyprus,2011,IT.NET.USER.ZS,56.8598923503507,% of population,World Bank,2026-10-09
CYP,Cyprus,2012,IT.NET.USER.ZS,60.6898684001903,% of population,World Bank,2026-10-09
CYP,Cyprus,2013,IT.NET.USER.ZS,65.4548,% of population,World Bank,2026-10-09
CYP,Cyprus,2014,IT.NET.USER.ZS,69.3286967086473,% of population,World Bank,2026-10-09
CYP,Cyprus,2015,IT.NET.USER.ZS,71.7157409175171,% of population,World Bank,2026-10-09
CYP,Cyprus,2016,IT.NET.USER.ZS,75.9002054030125,% of population,World Bank,2026-10-09
CYP,Cyprus,2017,IT.NET.USER.ZS,80.743188971932,% of population,World Bank,2026-10-09
CYP,Cyprus,2018,IT.NET.USER.ZS,84.4335825186889,% of population,World Bank,2026-10-09
CYP,Cyprus,2019,IT.NET.USER.ZS,86.0636299618935,% of population,World Bank,2026-10-09
CYP,Cyprus,2020,IT.NET.USER.ZS,90.80194644,% of population,World Bank,2026-10-09
CYP,Cyprus,2021,IT.NET.USER.ZS,90.75951564,% of population,World Bank,2026-10-09
CYP,Cyprus,2022,IT.NET.USER.ZS,89.60099194,% of population,World Bank,2026-10-09
CYP,Cyprus,2023,IT.NET.USER.ZS,91.22110357,% of population,World Bank,2026-10-09
CYP,Cyprus,2024,IT.NET.USER.ZS,89.60099246,% of population,World Bank,2026-10-09
CZE,Czechia,2010,IT.NET.USER.ZS,68.82,% of population,World Bank,2026-10-09
CZE,Czechia,2011,IT.NET.USER.ZS,70.49,% of population,World Bank,2026-10-09
CZE,Czechia,2012,IT.NET.USER.ZS,73.4300078241036,% of population,World Bank,2026-10-09
CZE,Czechia,2013,IT.NET.USER.ZS,74.1104,% of population,World Bank,2026-10-09
CZE,Czechia,2014,IT.NET.USER.ZS,74.2317116367383,% of population,World Bank,2026-10-09
CZE,Czechia,2015,IT.NET.USER.ZS,75.668838699279,% of population,World Bank,2026-10-09
CZE,Czechia,2016,IT.NET.USER.ZS,76.4811986951838,% of population,World Bank,2026-10-09
CZE,Czechia,2017,IT.NET.USER.ZS,78.7191728513432,% of population,World Bank,2026-10-09
CZE,Czechia,2018,IT.NET.USER.ZS,80.6881675434288,% of population,World Bank,2026-10-09
CZE,Czechia,2019,IT.NET.USER.ZS,80.8669444139622,% of population,World Bank,2026-10-09
CZE,Czechia,2020,IT.NET.USER.ZS,81.33889705,% of population,World Bank,2026-10-09
CZE,Czechia,2021,IT.NET.USER.ZS,82.67062427,% of population,World Bank,2026-10-09
CZE,Czechia,2022,IT.NET.USER.ZS,84.54009378,% of population,World Bank,2026-10-09
CZE,Czechia,2023,IT.NET.USER.ZS,85.99404818,% of population,World Bank,2026-10-09
CZE,Czechia,2024,IT.NET.USER.ZS,87.68776014,% of population,World Bank,2026-10-09
DEU,Germany,2010,IT.NET.USER.ZS,82.0,% of population,World Bank,2026-10-09
DEU,Germany,2011,IT.NET.USER.ZS,81.26999953602,% of population,World Bank,2026-10-09
DEU,Germany,2012,IT.NET.USER.ZS,82.3499984738392,% of population,World Bank,2026-10-09
DEU,Germany,2013,IT.NET.USER.ZS,84.17,% of population,World Bank,2026-10-09
DEU,Germany,2014,IT.NET.USER.ZS,86.1937006578756,% of population,World Bank,2026-10-09
DEU,Germany,2015,IT.NET.USER.ZS,87.5897993525767,% of population,World Bank,2026-10-09
DEU,Germany,2016,IT.NET.USER.ZS,84.1652066441212,% of population,World Bank,2026-10-09
DEU,Germany,2017,IT.NET.USER.ZS,84.3941537010844,% of population,World Bank,2026-10-09
DEU,Germany,2018,IT.NET.USER.ZS,87.037112092841,% of population,World Bank,2026-10-09
DEU,Germany,2019,IT.NET.USER.ZS,88.1345169091916,% of population,World Bank,2026-10-09
DEU,Germany,2020,IT.NET.USER.ZS,89.81294133,% of population,World Bank,2026-10-09
DEU,Germany,2021,IT.NET.USER.ZS,91.43060973,% of population,World Bank,2026-10-09
DEU,Germany,2022,IT.NET.USER.ZS,91.62984383,% of population,World Bank,2026-10-09
DEU,Germany,2023,IT.NET.USER.ZS,92.4763763,% of population,World Bank,2026-10-09
DEU,Germany,2024,IT.NET.USER.ZS,93.49999579,% of population,World Bank,2026-10-09
DNK,Denmark,2010,IT.NET.USER.ZS,88.72,% of population,World Bank,2026-10-09
DNK,Denmark,2011,IT.NET.USER.ZS,89.8100133895232,% of population,World Bank,2026-10-09
DNK,Denmark,2012,IT.NET.USER.ZS,92.2600117153012,% of population,World Bank,2026-10-09
DNK,Denmark,2013,IT.NET.USER.ZS,94.6297,% of population,World Bank,2026-10-09
DNK,Denmark,2014,IT.NET.USER.ZS,95.9935053764454,% of population,World Bank,2026-10-09
DNK,Denmark,2015,IT.NET.USER.ZS,96.3305016195436,% of population,World Bank,2026-10-09
DNK,Denmark,2016,IT.NET.USER.ZS,96.9677852516645,% of population,World Bank,2026-10-09
DNK,Denmark,2017,IT.NET.USER.ZS,97.0993621555621,% of population,World Bank,2026-10-09
DNK,Denmark,2018,IT.NET.USER.ZS,97.3192043651002,% of population,World Bank,2026-10-09
DNK,Denmark,2019,IT.NET.USER.ZS,98.0464347521549,% of population,World Bank,2026-10-09
DNK,Denmark,2020,IT.NET.USER.ZS,96.54914573,% of population,World Bank,2026-10-09
DNK,Denmark,2021,IT.NET.USER.ZS,98.8658506,% of population,World Bank,2026-10-09
DNK,Denmark,2022,IT.NET.USER.ZS,97.86011812,% of population,World Bank,2026-10-09
DNK,Denmark,2023,IT.NET.USER.ZS,98.77559197,% of population,World Bank,2026-10-09
DNK,Denmark,2024,IT.NET.USER.ZS,99.76915157,% of population,World Bank,2026-10-09
ESP,Spain,2010,IT.NET.USER.ZS,65.8,% of population,World Bank,2026-10-09
ESP,Spain,2011,IT.NET.USER.ZS,67.0899993926581,% of population,World Bank,2026-10-09
ESP,Spain,2012,IT.NET.USER.ZS,69.8099999420024,% of population,World Bank,2026-10-09
ESP,Spain,2013,IT.NET.USER.ZS,71.635,% of population,World Bank,2026-10-09
ESP,Spain,2014,IT.NET.USER.ZS,76.1867089778712,% of population,World Bank,2026-10-09
ESP,Spain,2015,IT.NET.USER.ZS,78.6896318703515,% of population,World Bank,2026-10-09
ESP,Spain,2016,IT.NET.USER.ZS,80.5613329432179,% of population,World Bank,2026-10-09
ESP,Spain,2017,IT.NET.USER.ZS,84.6022457016524,% of population,World Bank,2026-10-09
ESP,Spain,2018,IT.NET.USER.ZS,86.107235525659,% of population,World Bank,2026-10-09
ESP,Spain,2019,IT.NET.USER.ZS,90.718665325267,% of population,World Bank,2026-10-09
ESP,Spain,2020,IT.NET.USER.ZS,93.20564892,% of population,World Bank,2026-10-09
ESP,Spain,2021,IT.NET.USER.ZS,93.89752157,% of population,World Bank,2026-10-09
ESP,Spain,2022,IT.NET.USER.ZS,94.4855432,% of population,World Bank,2026-10-09
ESP,Spain,2023,IT.NET.USER.ZS,95.44564516,% of population,World Bank,2026-10-09
ESP,Spain,2024,IT.NET.USER.ZS,95.7574516,% of population,World Bank,2026-10-09
EST,Estonia,2010,IT.NET.USER.ZS,74.1,% of population,World Bank,2026-10-09
EST,Estonia,2011,IT.NET.USER.ZS,76.5,% of population,World Bank,2026-10-09
EST,Estonia,2012,IT.NET.USER.ZS,78.3899259259259,% of population,World Bank,2026-10-09
EST,Estonia,2013,IT.NET.USER.ZS,80.0043,% of population,World Bank,2026-10-09
EST,Estonia,2014,IT.NET.USER.ZS,84.2415280294352,% of population,World Bank,2026-10-09
EST,Estonia,2015,IT.NET.USER.ZS,88.4097035040431,% of population,World Bank,2026-10-09
EST,Estonia,2016,IT.NET.USER.ZS,87.2402327514547,% of population,World Bank,2026-10-09
EST,Estonia,2017,IT.NET.USER.ZS,88.1024568740199,% of population,World Bank,2026-10-09
EST,Estonia,2018,IT.NET.USER.ZS,89.3570077747426,% of population,World Bank,2026-10-09
EST,Estonia,2019,IT.NET.USER.ZS,90.2289281997919,% of population,World Bank,2026-10-09
EST,Estonia,2020,IT.NET.USER.ZS,89.05828666,% of population,World Bank,2026-10-09
EST,Estonia,2021,IT.NET.USER.ZS,90.97970174,% of population,World Bank,2026-10-09
EST,Estonia,2022,IT.NET.USER.ZS,91.52016546,% of population,World Bank,2026-10-09
EST,Estonia,2023,IT.NET.USER.ZS,93.18342241,% of population,World Bank,2026-10-09
EST,Estonia,2024,IT.NET.USER.ZS,92.23796204,% of population,World Bank,2026-10-09
FIN,Finland,2010,IT.NET.USER.ZS,86.89,% of population,World Bank,2026-10-09
FIN,Finland,2011,IT.NET.USER.ZS,88.70999491353,% of population,World Bank,2026-10-09
FIN,Finland,2012,IT.NET.USER.ZS,89.879997974222,% of population,World Bank,2026-10-09
FIN,Finland,2013,IT.NET.USER.ZS,91.5144,% of population,World Bank,2026-10-09
FIN,Finland,2014,IT.NET.USER.ZS,86.5303927529377,% of population,World Bank,2026-10-09
FIN,Finland,2015,IT.NET.USER.ZS,86.4221333325445,% of population,World Bank,2026-10-09
FIN,Finland,2016,IT.NET.USER.ZS,87.7036499599455,% of population,World Bank,2026-10-09
FIN,Finland,2017,IT.NET.USER.ZS,87.4689290730615,% of population,World Bank,2026-10-09
FIN,Finland,2018,IT.NET.USER.ZS,88.8899599985585,% of population,World Bank,2026-10-09
FIN,Finland,2019,IT.NET.USER.ZS,89.6073851129779,% of population,World Bank,2026-10-09
FIN,Finland,2020,IT.NET.USER.ZS,92.17027106,% of population,World Bank,2026-10-09
FIN,Finland,2021,IT.NET.USER.ZS,92.80806082,% of population,World Bank,2026-10-09
FIN,Finland,2022,IT.NET.USER.ZS,92.98879471,% of population,World Bank,2026-10-09
FIN,Finland,2023,IT.NET.USER.ZS,93.51385075,% of population,World Bank,2026-10-09
FIN,Finland,2024,IT.NET.USER.ZS,93.72405196,% of population,World Bank,2026-10-09
FRA,France,2010,IT.NET.USER.ZS,77.28,% of population,World Bank,2026-10-09
FRA,France,2011,IT.NET.USER.ZS,77.8199989926706,% of population,World Bank,2026-10-09
FRA,France,2012,IT.NET.USER.ZS,81.44,% of population,World Bank,2026-10-09
FRA,France,2013,IT.NET.USER.ZS,81.9198,% of population,World Bank,2026-10-09
FRA,France,2014,IT.NET.USER.ZS,83.7510996681821,% of population,World Bank,2026-10-09
FRA,France,2015,IT.NET.USER.ZS,78.0060377071902,% of population,World Bank,2026-10-09
FRA,France,2016,IT.NET.USER.ZS,79.2698113207547,% of population,World Bank,2026-10-09
FRA,France,2017,IT.NET.USER.ZS,80.5024597243607,% of population,World Bank,2026-10-09
FRA,France,2018,IT.NET.USER.ZS,82.0431867788484,% of population,World Bank,2026-10-09
FRA,France,2019,IT.NET.USER.ZS,83.3397440866883,% of population,World Bank,2026-10-09
FRA,France,2020,IT.NET.USER.ZS,84.70639801,% of population,World Bank,2026-10-09
FRA,France,2021,IT.NET.USER.ZS,86.09548575,% of population,World Bank,2026-10-09
FRA,France,2022,IT.NET.USER.ZS,85.33331734,% of population,World Bank,2026-10-09
FRA,France,2023,IT.NET.USER.ZS,86.83635789,% of population,World Bank,2026-10-09
FRA,France,2024,IT.NET.USER.ZS,88.65381638,% of population,World Bank,2026-10-09
GRC,Greece,2010,IT.NET.USER.ZS,44.4,% of population,World Bank,2026-10-09
GRC,Greece,2011,IT.NET.USER.ZS,51.6499951676815,% of population,World Bank,2026-10-09
GRC,Greece,2012,IT.NET.USER.ZS,55.0699934418411,% of population,World Bank,2026-10-09
GRC,Greece,2013,IT.NET.USER.ZS,59.8663,% of population,World Bank,2026-10-09
GRC,Greece,2014,IT.NET.USER.ZS,63.2073404784561,% of population,World Bank,2026-10-09
GRC,Greece,2015,IT.NET.USER.ZS,66.8349594911035,% of population,World Bank,2026-10-09
GRC,Greece,2016,IT.NET.USER.ZS,69.0879154723892,% of population,World Bank,2026-10-09
GRC,Greece,2017,IT.NET.USER.ZS,69.8929706543154,% of population,World Bank,2026-10-09
GRC,Greece,2018,IT.NET.USER.ZS,72.2383733920483,% of population,World Bank,2026-10-09
GRC,Greece,2019,IT.NET.USER.ZS,75.6712066931757,% of population,World Bank,2026-10-09
GRC,Greece,2020,IT.NET.USER.ZS,78.11584474,% of population,World Bank,2026-10-09
GRC,Greece,2021,IT.NET.USER.ZS,78.49426371,% of population,World Bank,2026-10-09
GRC,Greece,2022,IT.NET.USER.ZS,83.17066333,% of population,World Bank,2026-10-09
GRC,Greece,2023,IT.NET.USER.ZS,85.0102229,% of population,World Bank,2026-10-09
GRC,Greece,2024,IT.NET.USER.ZS,86.26968886,% of population,World Bank,2026-10-09
HRV,Croatia,2010,IT.NET.USER.ZS,56.55,% of population,World Bank,2026-10-09
HRV,Croatia,2011,IT.NET.USER.ZS,57.7899789891444,% of population,World Bank,2026-10-09
HRV,Croatia,2012,IT.NET.USER.ZS,61.9399731527956,% of population,World Bank,2026-10-09
HRV,Croatia,2013,IT.NET.USER.ZS,66.7476,% of population,World Bank,2026-10-09
HRV,Croatia,2014,IT.NET.USER.ZS,68.5678992528467,% of population,World Bank,2026-10-09
HRV,Croatia,2015,IT.NET.USER.ZS,69.8450359238281,% of population,World Bank,2026-10-09
HRV,Croatia,2016,IT.NET.USER.ZS,72.6972696701463,% of population,World Bank,2026-10-09
HRV,Croatia,2017,IT.NET.USER.ZS,67.0961920368478,% of population,World Bank,2026-10-09
HRV,Croatia,2018,IT.NET.USER.ZS,75.2946259897258,% of population,World Bank,2026-10-09
HRV,Croatia,2019,IT.NET.USER.ZS,79.0797836757554,% of population,World Bank,2026-10-09
HRV,Croatia,2020,IT.NET.USER.ZS,78.32090004,% of population,World Bank,2026-10-09
HRV,Croatia,2021,IT.NET.USER.ZS,81.25396608,% of population,World Bank,2026-10-09
HRV,Croatia,2022,IT.NET.USER.ZS,82.07155532,% of population,World Bank,2026-10-09
HRV,Croatia,2023,IT.NET.USER.ZS,83.24117599,% of population,World Bank,2026-10-09
HRV,Croatia,2024,IT.NET.USER.ZS,83.63240029,% of population,World Bank,2026-10-09
HUN,Hungary,2010,IT.NET.USER.ZS,65.0,% of population,World Bank,2026-10-09
HUN,Hungary,2011,IT.NET.USER.ZS,68.0199878861296,% of population,World Bank,2026-10-09
HUN,Hungary,2012,IT.NET.USER.ZS,70.579998153838,% of population,World Bank,2026-10-09
HUN,Hungary,2013,IT.NET.USER.ZS,72.6439,% of population,World Bank,2026-10-09
HUN,Hungary,2014,IT.NET.USER.ZS,75.6531974544103,% of population,World Bank,2026-10-09
HUN,Hungary,2015,IT.NET.USER.ZS,72.8347370323805,% of population,World Bank,2026-10-09
HUN,Hungary,2016,IT.NET.USER.ZS,79.2594121273057,% of population,World Bank,2026-10-09
HUN,Hungary,2017,IT.NET.USER.ZS,76.7505471201922,% of population,World Bank,2026-10-09
HUN,Hungary,2018,IT.NET.USER.ZS,76.0743606365063,% of population,World Bank,2026-10-09
HUN,Hungary,2019,IT.NET.USER.ZS,80.3716936050482,% of population,World Bank,2026-10-09
HUN,Hungary,2020,IT.NET.USER.ZS,84.77115202,% of population,World Bank,2026-10-09
HUN,Hungary,2021,IT.NET.USER.ZS,88.64083466,% of population,World Bank,2026-10-09
HUN,Hungary,2022,IT.NET.USER.ZS,89.14282688,% of population,World Bank,2026-10-09
HUN,Hungary,2023,IT.NET.USER.ZS,91.4500713,% of population,World Bank,2026-10-09
HUN,Hungary,2024,IT.NET.USER.ZS,93.77898628,% of population,World Bank,2026-10-09
IRL,Ireland,2010,IT.NET.USER.ZS,69.85,% of population,World Bank,2026-10-09
IRL,Ireland,2011,IT.NET.USER.ZS,74.8899729670944,% of population,World Bank,2026-10-09
IRL,Ireland,2012,IT.NET.USER.ZS,76.919992540097,% of population,World Bank,2026-10-09
IRL,Ireland,2013,IT.NET.USER.ZS,78.2477,% of population,World Bank,2026-10-09
IRL,Ireland,2014,IT.NET.USER.ZS,83.4917223351728,% of population,World Bank,2026-10-09
IRL,Ireland,2015,IT.NET.USER.ZS,83.4947916666667,% of population,World Bank,2026-10-09
IRL,Ireland,2016,IT.NET.USER.ZS,83.5,% of population,World Bank,2026-10-09
IRL,Ireland,2017,IT.NET.USER.ZS,84.1140070623844,% of population,World Bank,2026-10-09
IRL,Ireland,2018,IT.NET.USER.ZS,87.0001401148942,% of population,World Bank,2026-10-09
IRL,Ireland,2019,IT.NET.USER.ZS,87.0000552425146,% of population,World Bank,2026-10-09
IRL,Ireland,2020,IT.NET.USER.ZS,91.99989097,% of population,World Bank,2026-10-09
IRL,Ireland,2021,IT.NET.USER.ZS,93.50610352,% of population,World Bank,2026-10-09
IRL,Ireland,2022,IT.NET.USER.ZS,95.03690338,% of population,World Bank,2026-10-09
IRL,Ireland,2023,IT.NET.USER.ZS,96.8660965,% of population,World Bank,2026-10-09
IRL,Ireland,2024,IT.NET.USER.ZS,97.18769836,% of population,World Bank,2026-10-09
ITA,Italy,2010,IT.NET.USER.ZS,53.68,% of population,World Bank,2026-10-09
ITA,Italy,2011,IT.NET.USER.ZS,54.3899983018814,% of population,World Bank,2026-10-09
ITA,Italy,2012,IT.NET.USER.ZS,55.829997993283,% of population,World Bank,2026-10-09
ITA,Italy,2013,IT.NET.USER.ZS,58.4593,% of population,World Bank,2026-10-09
ITA,Italy,2014,IT.NET.USER.ZS,55.6384602242293,% of population,World Bank,2026-10-09
ITA,Italy,2015,IT.NET.USER.ZS,58.1417349568747,% of population,World Bank,2026-10-09
ITA,Italy,2016,IT.NET.USER.ZS,61.3242527666303,% of population,World Bank,2026-10-09
ITA,Italy,2017,IT.NET.USER.ZS,63.0773469984291,% of population,World Bank,2026-10-09
ITA,Italy,2018,IT.NET.USER.ZS,74.3871829234822,% of population,World Bank,2026-10-09
ITA,Italy,2019,IT.NET.USER.ZS,67.8507102874836,% of population,World Bank,2026-10-09
ITA,Italy,2020,IT.NET.USER.ZS,70.48342785,% of population,World Bank,2026-10-09
ITA,Italy,2021,IT.NET.USER.ZS,74.8623274,% of population,World Bank,2026-10-09
ITA,Italy,2022,IT.NET.USER.ZS,85.06074504,% of population,World Bank,2026-10-09
ITA,Italy,2023,IT.NET.USER.ZS,87.0278292,% of population,World Bank,2026-10-09
ITA,Italy,2024,IT.NET.USER.ZS,89.2207202,% of population,World Bank,2026-10-09
LTU,Lithuania,2010,IT.NET.USER.ZS,62.12,% of population,World Bank,2026-10-09
LTU,Lithuania,2011,IT.NET.USER.ZS,63.6399774002179,% of population,World Bank,2026-10-09
LTU,Lithuania,2012,IT.NET.USER.ZS,67.2299893276414,% of population,World Bank,2026-10-09
LTU,Lithuania,2013,IT.NET.USER.ZS,68.4529,% of population,World Bank,2026-10-09
LTU,Lithuania,2014,IT.NET.USER.ZS,72.1335378644566,% of population,World Bank,2026-10-09
LTU,Lithuania,2015,IT.NET.USER.ZS,71.3780590101754,% of population,World Bank,2026-10-09
LTU,Lithuania,2016,IT.NET.USER.ZS,74.3766455618662,% of population,World Bank,2026-10-09
LTU,Lithuania,2017,IT.NET.USER.ZS,77.6152565124514,% of population,World Bank,2026-10-09
LTU,Lithuania,2018,IT.NET.USER.ZS,79.7225827680518,% of population,World Bank,2026-10-09
LTU,Lithuania,2019,IT.NET.USER.ZS,81.5818683764046,% of population,World Bank,2026-10-09
LTU,Lithuania,2020,IT.NET.USER.ZS,83.05554724,% of population,World Bank,2026-10-09
LTU,Lithuania,2021,IT.NET.USER.ZS,86.93054425,% of population,World Bank,2026-10-09
LTU,Lithuania,2022,IT.NET.USER.ZS,87.72420219,% of population,World Bank,2026-10-09
LTU,Lithuania,2023,IT.NET.USER.ZS,88.50287484,% of population,World Bank,2026-10-09
LTU,Lithuania,2024,IT.NET.USER.ZS,89.16116293,% of population,World Bank,2026-10-09
LUX,Luxembourg,2010,IT.NET.USER.ZS,90.62,% of population,World Bank,2026-10-09
LUX,Luxembourg,2011,IT.NET.USER.ZS,90.0298585646936,% of population,World Bank,2026-10-09
LUX,Luxembourg,2012,IT.NET.USER.ZS,91.9499237417387,% of population,World Bank,2026-10-09
LUX,Luxembourg,2013,IT.NET.USER.ZS,93.7765,% of population,World Bank,2026-10-09
LUX,Luxembourg,2014,IT.NET.USER.ZS,94.6702052774766,% of population,World Bank,2026-10-09
LUX,Luxembourg,2015,IT.NET.USER.ZS,96.3767141704759,% of population,World Bank,2026-10-09
LUX,Luxembourg,2016,IT.NET.USER.ZS,98.1366986657616,% of population,World Bank,2026-10-09
LUX,Luxembourg,2017,IT.NET.USER.ZS,97.3629603241751,% of population,World Bank,2026-10-09
LUX,Luxembourg,2018,IT.NET.USER.ZS,97.061298705829,% of population,World Bank,2026-10-09
LUX,Luxembourg,2019,IT.NET.USER.ZS,97.120635693272,% of population,World Bank,2026-10-09
LUX,Luxembourg,2020,IT.NET.USER.ZS,98.45962893,% of population,World Bank,2026-10-09
LUX,Luxembourg,2021,IT.NET.USER.ZS,98.66086333,% of population,World Bank,2026-10-09
LUX,Luxembourg,2022,IT.NET.USER.ZS,98.24203749,% of population,World Bank,2026-10-09
LUX,Luxembourg,2023,IT.NET.USER.ZS,99.34785707,% of population,World Bank,2026-10-09
LUX,Luxembourg,2024,IT.NET.USER.ZS,98.7606147,% of population,World Bank,2026-10-09
LUX,Luxembourg,2025,IT.NET.USER.ZS,99.12902211,% of population,World Bank,2026-10-09
LVA,Latvia,2010,IT.NET.USER.ZS,68.42,% of population,World Bank,2026-10-09
LVA,Latvia,2011,IT.NET.USER.ZS,69.7499545592245,% of population,World Bank,2026-10-09
LVA,Latvia,2012,IT.NET.USER.ZS,73.1199437663748,% of population,World Bank,2026-10-09
LVA,Latvia,2013,IT.NET.USER.ZS,75.2344,% of population,World Bank,2026-10-09
LVA,Latvia,2014,IT.NET.USER.ZS,75.8261041383556,% of population,World Bank,2026-10-09
LVA,Latvia,2015,IT.NET.USER.ZS,79.2005829239344,% of population,World Bank,2026-10-09
LVA,Latvia,2016,IT.NET.USER.ZS,79.8420977843089,% of population,World Bank,2026-10-09
LVA,Latvia,2017,IT.NET.USER.ZS,80.1140770037369,% of population,World Bank,2026-10-09
LVA,Latvia,2018,IT.NET.USER.ZS,83.5771748630956,% of population,World Bank,2026-10-09
LVA,Latvia,2019,IT.NET.USER.ZS,86.13545644343,% of population,World Bank,2026-10-09
LVA,Latvia,2020,IT.NET.USER.ZS,88.89796078,% of population,World Bank,2026-10-09
LVA,Latvia,2021,IT.NET.USER.ZS,91.17964988,% of population,World Bank,2026-10-09
LVA,Latvia,2022,IT.NET.USER.ZS,91.03009059,% of population,World Bank,2026-10-09
LVA,Latvia,2023,IT.NET.USER.ZS,92.18791291,% of population,World Bank,2026-10-09
LVA,Latvia,2024,IT.NET.USER.ZS,92.70757011,% of population,World Bank,2026-10-09
MKD,North Macedonia,2010,IT.NET.USER.ZS,51.9,% of population,World Bank,2026-10-09
MKD,North Macedonia,2011,IT.NET.USER.ZS,56.7,% of population,World Bank,2026-10-09
MKD,North Macedonia,2012,IT.NET.USER.ZS,57.449947312961,% of population,World Bank,2026-10-09
MKD,North Macedonia,2013,IT.NET.USER.ZS,65.24,% of population,World Bank,2026-10-09
MKD,North Macedonia,2014,IT.NET.USER.ZS,68.0584815397496,% of population,World Bank,2026-10-09
MKD,North Macedonia,2015,IT.NET.USER.ZS,70.3802030766689,% of population,World Bank,2026-10-09
MKD,North Macedonia,2016,IT.NET.USER.ZS,72.1568144676058,% of population,World Bank,2026-10-09
MKD,North Macedonia,2017,IT.NET.USER.ZS,74.5168241807954,% of population,World Bank,2026-10-09
MKD,North Macedonia,2018,IT.NET.USER.ZS,79.1677551850871,% of population,World Bank,2026-10-09
MKD,North Macedonia,2019,IT.NET.USER.ZS,81.4128827618364,% of population,World Bank,2026-10-09
MKD,North Macedonia,2020,IT.NET.USER.ZS,81.40553811,% of population,World Bank,2026-10-09
MKD,North Macedonia,2021,IT.NET.USER.ZS,81.873703,% of population,World Bank,2026-10-09
MKD,North Macedonia,2022,IT.NET.USER.ZS,83.85030365,% of population,World Bank,2026-10-09
MKD,North Macedonia,2023,IT.NET.USER.ZS,88.5,% of population,World Bank,2026-10-09
MKD,North Macedonia,2024,IT.NET.USER.ZS,93.6,% of population,World Bank,2026-10-09
MKD,North Macedonia,2025,IT.NET.USER.ZS,93.1,% of population,World Bank,2026-10-09
MLT,Malta,2010,IT.NET.USER.ZS,63.0,% of population,World Bank,2026-10-09
MLT,Malta,2011,IT.NET.USER.ZS,68.0198237885462,% of population,World Bank,2026-10-09
MLT,Malta,2012,IT.NET.USER.ZS,68.1998742928975,% of population,World Bank,2026-10-09
MLT,Malta,2013,IT.NET.USER.ZS,68.9138,% of population,World Bank,2026-10-09
MLT,Malta,2014,IT.NET.USER.ZS,73.1141157845193,% of population,World Bank,2026-10-09
MLT,Malta,2015,IT.NET.USER.ZS,75.9600189752747,% of population,World Bank,2026-10-09
MLT,Malta,2016,IT.NET.USER.ZS,78.0751488032182,% of population,World Bank,2026-10-09
MLT,Malta,2017,IT.NET.USER.ZS,81.0119110762945,% of population,World Bank,2026-10-09
MLT,Malta,2018,IT.NET.USER.ZS,81.6580442928014,% of population,World Bank,2026-10-09
MLT,Malta,2019,IT.NET.USER.ZS,85.7785963798031,% of population,World Bank,2026-10-09
MLT,Malta,2020,IT.NET.USER.ZS,86.85876183,% of population,World Bank,2026-10-09
MLT,Malta,2021,IT.NET.USER.ZS,87.46977742,% of population,World Bank,2026-10-09
MLT,Malta,2022,IT.NET.USER.ZS,91.54062209,% of population,World Bank,2026-10-09
MLT,Malta,2023,IT.NET.USER.ZS,92.07266941,% of population,World Bank,2026-10-09
MLT,Malta,2024,IT.NET.USER.ZS,93.86029816,% of population,World Bank,2026-10-09
MNE,Montenegro,2010,IT.NET.USER.ZS,37.5,% of population,World Bank,2026-10-09
MNE,Montenegro,2011,IT.NET.USER.ZS,35.6115412460109,% of population,World Bank,2026-10-09
MNE,Montenegro,2012,IT.NET.USER.ZS,56.8387825490631,% of population,World Bank,2026-10-09
MNE,Montenegro,2013,IT.NET.USER.ZS,60.31,% of population,World Bank,2026-10-09
MNE,Montenegro,2014,IT.NET.USER.ZS,63.8868840056697,% of population,World Bank,2026-10-09
MNE,Montenegro,2015,IT.NET.USER.ZS,68.1197860085679,% of population,World Bank,2026-10-09
MNE,Montenegro,2016,IT.NET.USER.ZS,69.8816468416779,% of population,World Bank,2026-10-09
MNE,Montenegro,2017,IT.NET.USER.ZS,71.2723325399382,% of population,World Bank,2026-10-09
MNE,Montenegro,2018,IT.NET.USER.ZS,71.5171004874886,% of population,World Bank,2026-10-09
MNE,Montenegro,2019,IT.NET.USER.ZS,73.4766657478691,% of population,World Bank,2026-10-09
MNE,Montenegro,2020,IT.NET.USER.ZS,77.60879306,% of population,World Bank,2026-10-09
MNE,Montenegro,2021,IT.NET.USER.ZS,82.21969752,% of population,World Bank,2026-10-09
MNE,Montenegro,2022,IT.NET.USER.ZS,88.22192026,% of population,World Bank,2026-10-09
MNE,Montenegro,2023,IT.NET.USER.ZS,88.5515976,% of population,World Bank,2026-10-09
MNE,Montenegro,2024,IT.NET.USER.ZS,88.88258428,% of population,World Bank,2026-10-09
NLD,Netherlands,2010,IT.NET.USER.ZS,90.72,% of population,World Bank,2026-10-09
NLD,Netherlands,2011,IT.NET.USER.ZS,91.4199957622284,% of population,World Bank,2026-10-09
NLD,Netherlands,2012,IT.NET.USER.ZS,92.859992359525,% of population,World Bank,2026-10-09
NLD,Netherlands,2013,IT.NET.USER.ZS,93.9564,% of population,World Bank,2026-10-09
NLD,Netherlands,2014,IT.NET.USER.ZS,91.6666666666667,% of population,World Bank,2026-10-09
NLD,Netherlands,2015,IT.NET.USER.ZS,91.7241379310345,% of population,World Bank,2026-10-09
NLD,Netherlands,2016,IT.NET.USER.ZS,90.4109589041096,% of population,World Bank,2026-10-09
NLD,Netherlands,2017,IT.NET.USER.ZS,93.1972789115646,% of population,World Bank,2026-10-09
NLD,Netherlands,2018,IT.NET.USER.ZS,91.8918918918919,% of population,World Bank,2026-10-09
NLD,Netherlands,2019,IT.NET.USER.ZS,93.2885906040269,% of population,World Bank,2026-10-09
NLD,Netherlands,2020,IT.NET.USER.ZS,91.33333333,% of population,World Bank,2026-10-09
NLD,Netherlands,2021,IT.NET.USER.ZS,92.05298013,% of population,World Bank,2026-10-09
NLD,Netherlands,2022,IT.NET.USER.ZS,92.51968504,% of population,World Bank,2026-10-09
NLD,Netherlands,2023,IT.NET.USER.ZS,97.00680272,% of population,World Bank,2026-10-09
NLD,Netherlands,2024,IT.NET.USER.ZS,97.00679779,% of population,World Bank,2026-10-09
POL,Poland,2010,IT.NET.USER.ZS,62.32,% of population,World Bank,2026-10-09
POL,Poland,2011,IT.NET.USER.ZS,61.94999896898,% of population,World Bank,2026-10-09
POL,Poland,2012,IT.NET.USER.ZS,62.3099972714691,% of population,World Bank,2026-10-09
POL,Poland,2013,IT.NET.USER.ZS,62.8492,% of population,World Bank,2026-10-09
POL,Poland,2014,IT.NET.USER.ZS,66.5987360557248,% of population,World Bank,2026-10-09
POL,Poland,2015,IT.NET.USER.ZS,67.9969871556415,% of population,World Bank,2026-10-09
POL,Poland,2016,IT.NET.USER.ZS,73.3007040962669,% of population,World Bank,2026-10-09
POL,Poland,2017,IT.NET.USER.ZS,75.9853659493832,% of population,World Bank,2026-10-09
POL,Poland,2018,IT.NET.USER.ZS,77.5417345350006,% of population,World Bank,2026-10-09
POL,Poland,2019,IT.NET.USER.ZS,80.4359068768673,% of population,World Bank,2026-10-09
POL,Poland,2020,IT.NET.USER.ZS,83.18488715,% of population,World Bank,2026-10-09
POL,Poland,2021,IT.NET.USER.ZS,85.37490906,% of population,World Bank,2026-10-09
POL,Poland,2022,IT.NET.USER.ZS,86.94113479,% of population,World Bank,2026-10-09
POL,Poland,2023,IT.NET.USER.ZS,86.414744,% of population,World Bank,2026-10-09
POL,Poland,2024,IT.NET.USER.ZS,88.58496367,% of population,World Bank,2026-10-09
PRT,Portugal,2010,IT.NET.USER.ZS,53.3,% of population,World Bank,2026-10-09
PRT,Portugal,2011,IT.NET.USER.ZS,55.2499968797194,% of population,World Bank,2026-10-09
PRT,Portugal,2012,IT.NET.USER.ZS,60.3399974868057,% of population,World Bank,2026-10-09
PRT,Portugal,2013,IT.NET.USER.ZS,62.0956,% of population,World Bank,2026-10-09
PRT,Portugal,2014,IT.NET.USER.ZS,64.5924200648949,% of population,World Bank,2026-10-09
PRT,Portugal,2015,IT.NET.USER.ZS,68.6328614804299,% of population,World Bank,2026-10-09
PRT,Portugal,2016,IT.NET.USER.ZS,70.423567088723,% of population,World Bank,2026-10-09
PRT,Portugal,2017,IT.NET.USER.ZS,73.7912139515729,% of population,World Bank,2026-10-09
PRT,Portugal,2018,IT.NET.USER.ZS,74.6609681487507,% of population,World Bank,2026-10-09
PRT,Portugal,2019,IT.NET.USER.ZS,75.3463779408712,% of population,World Bank,2026-10-09
PRT,Portugal,2020,IT.NET.USER.ZS,78.26166044,% of population,World Bank,2026-10-09
PRT,Portugal,2021,IT.NET.USER.ZS,82.30902804,% of population,World Bank,2026-10-09
PRT,Portugal,2022,IT.NET.USER.ZS,84.49690644,% of population,World Bank,2026-10-09
PRT,Portugal,2023,IT.NET.USER.ZS,85.79012676,% of population,World Bank,2026-10-09
PRT,Portugal,2024,IT.NET.USER.ZS,88.48704454,% of population,World Bank,2026-10-09
ROU,Romania,2010,IT.NET.USER.ZS,39.93,% of population,World Bank,2026-10-09
ROU,Romania,2011,IT.NET.USER.ZS,40.0099967810008,% of population,World Bank,2026-10-09
ROU,Romania,2012,IT.NET.USER.ZS,45.8799942529424,% of population,World Bank,2026-10-09
ROU,Romania,2013,IT.NET.USER.ZS,49.7645,% of population,World Bank,2026-10-09
ROU,Romania,2014,IT.NET.USER.ZS,54.0783206550943,% of population,World Bank,2026-10-09
ROU,Romania,2015,IT.NET.USER.ZS,55.7631556336233,% of population,World Bank,2026-10-09
ROU,Romania,2016,IT.NET.USER.ZS,59.5039512852713,% of population,World Bank,2026-10-09
ROU,Romania,2017,IT.NET.USER.ZS,63.7472821822484,% of population,World Bank,2026-10-09
ROU,Romania,2018,IT.NET.USER.ZS,70.6812779273268,% of population,World Bank,2026-10-09
ROU,Romania,2019,IT.NET.USER.ZS,73.6574757545465,% of population,World Bank,2026-10-09
ROU,Romania,2020,IT.NET.USER.ZS,78.45526895,% of population,World Bank,2026-10-09
ROU,Romania,2021,IT.NET.USER.ZS,83.5904265,% of population,World Bank,2026-10-09
ROU,Romania,2022,IT.NET.USER.ZS,85.50309124,% of population,World Bank,2026-10-09
ROU,Romania,2023,IT.NET.USER.ZS,89.20335498,% of population,World Bank,2026-10-09
ROU,Romania,2024,IT.NET.USER.ZS,91.29048551,% of population,World Bank,2026-10-09
SRB,Serbia,2010,IT.NET.USER.ZS,40.9,% of population,World Bank,2026-10-09
SRB,Serbia,2011,IT.NET.USER.ZS,42.2,% of population,World Bank,2026-10-09
SRB,Serbia,2012,IT.NET.USER.ZS,48.09999847,% of population,World Bank,2026-10-09
SRB,Serbia,2013,IT.NET.USER.ZS,53.450364175,% of population,World Bank,2026-10-09
SRB,Serbia,2014,IT.NET.USER.ZS,62.0750804639377,% of population,World Bank,2026-10-09
SRB,Serbia,2015,IT.NET.USER.ZS,65.3170254003801,% of population,World Bank,2026-10-09
SRB,Serbia,2016,IT.NET.USER.ZS,67.0568413716938,% of population,World Bank,2026-10-09
SRB,Serbia,2017,IT.NET.USER.ZS,70.3308355269141,% of population,World Bank,2026-10-09
SRB,Serbia,2018,IT.NET.USER.ZS,73.360709154564,% of population,World Bank,2026-10-09
SRB,Serbia,2019,IT.NET.USER.ZS,77.4167736219802,% of population,World Bank,2026-10-09
SRB,Serbia,2020,IT.NET.USER.ZS,78.36804864,% of population,World Bank,2026-10-09
SRB,Serbia,2021,IT.NET.USER.ZS,81.16588116,% of population,World Bank,2026-10-09
SRB,Serbia,2022,IT.NET.USER.ZS,83.53825397,% of population,World Bank,2026-10-09
SRB,Serbia,2023,IT.NET.USER.ZS,85.35746686,% of population,World Bank,2026-10-09
SRB,Serbia,2024,IT.NET.USER.ZS,87.69071294,% of population,World Bank,2026-10-09
SVK,Slovakia,2010,IT.NET.USER.ZS,75.71,% of population,World Bank,2026-10-09
SVK,Slovakia,2011,IT.NET.USER.ZS,74.4399971746757,% of population,World Bank,2026-10-09
SVK,Slovakia,2012,IT.NET.USER.ZS,76.7099901181121,% of population,World Bank,2026-10-09
SVK,Slovakia,2013,IT.NET.USER.ZS,77.8826,% of population,World Bank,2026-10-09
SVK,Slovakia,2014,IT.NET.USER.ZS,79.9843017656729,% of population,World Bank,2026-10-09
SVK,Slovakia,2015,IT.NET.USER.ZS,77.6346820339875,% of population,World Bank,2026-10-09
SVK,Slovakia,2016,IT.NET.USER.ZS,80.475857275668,% of population,World Bank,2026-10-09
SVK,Slovakia,2017,IT.NET.USER.ZS,81.6256675172655,% of population,World Bank,2026-10-09
SVK,Slovakia,2018,IT.NET.USER.ZS,80.4489224826099,% of population,World Bank,2026-10-09
SVK,Slovakia,2019,IT.NET.USER.ZS,82.8536605021784,% of population,World Bank,2026-10-09
SVK,Slovakia,2020,IT.NET.USER.ZS,89.92090413,% of population,World Bank,2026-10-09
SVK,Slovakia,2021,IT.NET.USER.ZS,88.92560523,% of population,World Bank,2026-10-09
SVK,Slovakia,2022,IT.NET.USER.ZS,89.06766196,% of population,World Bank,2026-10-09
SVK,Slovakia,2023,IT.NET.USER.ZS,87.2131343,% of population,World Bank,2026-10-09
SVK,Slovakia,2024,IT.NET.USER.ZS,89.82507032,% of population,World Bank,2026-10-09
SVN,Slovenia,2010,IT.NET.USER.ZS,70.0,% of population,World Bank,2026-10-09
SVN,Slovenia,2011,IT.NET.USER.ZS,67.3399948092396,% of population,World Bank,2026-10-09
SVN,Slovenia,2012,IT.NET.USER.ZS,68.3499745287825,% of population,World Bank,2026-10-09
SVN,Slovenia,2013,IT.NET.USER.ZS,72.6756,% of population,World Bank,2026-10-09
SVN,Slovenia,2014,IT.NET.USER.ZS,71.5862515855601,% of population,World Bank,2026-10-09
SVN,Slovenia,2015,IT.NET.USER.ZS,73.0986599745829,% of population,World Bank,2026-10-09
SVN,Slovenia,2016,IT.NET.USER.ZS,75.4985042610791,% of population,World Bank,2026-10-09
SVN,Slovenia,2017,IT.NET.USER.ZS,78.8854263554775,% of population,World Bank,2026-10-09
SVN,Slovenia,2018,IT.NET.USER.ZS,79.7499765956562,% of population,World Bank,2026-10-09
SVN,Slovenia,2019,IT.NET.USER.ZS,83.1083578026717,% of population,World Bank,2026-10-09
SVN,Slovenia,2020,IT.NET.USER.ZS,86.60130109,% of population,World Bank,2026-10-09
SVN,Slovenia,2021,IT.NET.USER.ZS,89.00399524,% of population,World Bank,2026-10-09
SVN,Slovenia,2022,IT.NET.USER.ZS,88.91248552,% of population,World Bank,2026-10-09
SVN,Slovenia,2023,IT.NET.USER.ZS,90.37794678,% of population,World Bank,2026-10-09
SVN,Slovenia,2024,IT.NET.USER.ZS,90.76355487,% of population,World Bank,2026-10-09
SWE,Sweden,2010,IT.NET.USER.ZS,90.0,% of population,World Bank,2026-10-09
SWE,Sweden,2011,IT.NET.USER.ZS,92.7699860554046,% of population,World Bank,2026-10-09
SWE,Sweden,2012,IT.NET.USER.ZS,93.1799880065108,% of population,World Bank,2026-10-09
SWE,Sweden,2013,IT.NET.USER.ZS,94.7836,% of population,World Bank,2026-10-09
SWE,Sweden,2014,IT.NET.USER.ZS,92.5236065037579,% of population,World Bank,2026-10-09
SWE,Sweden,2015,IT.NET.USER.ZS,90.6101966398616,% of population,World Bank,2026-10-09
SWE,Sweden,2016,IT.NET.USER.ZS,89.6509476102355,% of population,World Bank,2026-10-09
SWE,Sweden,2017,IT.NET.USER.ZS,93.0062669652127,% of population,World Bank,2026-10-09
SWE,Sweden,2018,IT.NET.USER.ZS,89.2469631588137,% of population,World Bank,2026-10-09
SWE,Sweden,2019,IT.NET.USER.ZS,94.4934434072202,% of population,World Bank,2026-10-09
SWE,Sweden,2020,IT.NET.USER.ZS,94.53943122,% of population,World Bank,2026-10-09
SWE,Sweden,2021,IT.NET.USER.ZS,94.6703163,% of population,World Bank,2026-10-09
SWE,Sweden,2022,IT.NET.USER.ZS,95.00970335,% of population,World Bank,2026-10-09
SWE,Sweden,2023,IT.NET.USER.ZS,95.70327461,% of population,World Bank,2026-10-09
SWE,Sweden,2024,IT.NET.USER.ZS,95.52930428,% of population,World Bank,2026-10-09
SWE,Sweden,2025,IT.NET.USER.ZS,95.76629783,% of population,World Bank,2026-10-09
ALB,Albania,2010,NV.SRV.TOTL.ZS,41.3131845921318,% of GDP,World Bank,2026-10-09
ALB,Albania,2011,NV.SRV.TOTL.ZS,42.2390195525462,% of GDP,World Bank,2026-10-09
ALB,Albania,2012,NV.SRV.TOTL.ZS,43.5059236088597,% of GDP,World Bank,2026-10-09
ALB,Albania,2013,NV.SRV.TOTL.ZS,42.6287844572944,% of GDP,World Bank,2026-10-09
ALB,Albania,2014,NV.SRV.TOTL.ZS,42.6575638095964,% of GDP,World Bank,2026-10-09
ALB,Albania,2015,NV.SRV.TOTL.ZS,42.8778647519282,% of GDP,World Bank,2026-10-09
ALB,Albania,2016,NV.SRV.TOTL.ZS,43.4481768975831,% of GDP,World Bank,2026-10-09
ALB,Albania,2017,NV.SRV.TOTL.ZS,44.5621307131911,% of GDP,World Bank,2026-10-09
ALB,Albania,2018,NV.SRV.TOTL.ZS,44.3970282534603,% of GDP,World Bank,2026-10-09
ALB,Albania,2019,NV.SRV.TOTL.ZS,45.4534114346696,% of GDP,World Bank,2026-10-09
ALB,Albania,2020,NV.SRV.TOTL.ZS,45.7213497398907,% of GDP,World Bank,2026-10-09
ALB,Albania,2021,NV.SRV.TOTL.ZS,45.278770333241,% of GDP,World Bank,2026-10-09
ALB,Albania,2022,NV.SRV.TOTL.ZS,46.2991272417493,% of GDP,World Bank,2026-10-09
ALB,Albania,2023,NV.SRV.TOTL.ZS,47.6649908239316,% of GDP,World Bank,2026-10-09
ALB,Albania,2024,NV.SRV.TOTL.ZS,48.6899937474805,% of GDP,World Bank,2026-10-09
ALB,Albania,2025,NV.SRV.TOTL.ZS,49.716107038347,% of GDP,World Bank,2026-10-09
AUT,Austria,2010,NV.SRV.TOTL.ZS,61.6368683831245,% of GDP,World Bank,2026-10-09
AUT,Austria,2011,NV.SRV.TOTL.ZS,61.6607142402264,% of GDP,World Bank,2026-10-09
AUT,Austria,2012,NV.SRV.TOTL.ZS,61.3539590600962,% of GDP,World Bank,2026-10-09
AUT,Austria,2013,NV.SRV.TOTL.ZS,61.5862394505333,% of GDP,World Bank,2026-10-09
AUT,Austria,2014,NV.SRV.TOTL.ZS,61.8415922139115,% of GDP,World Bank,2026-10-09
AUT,Austria,2015,NV.SRV.TOTL.ZS,62.1631640037401,% of GDP,World Bank,2026-10-09
AUT,Austria,2016,NV.SRV.TOTL.ZS,61.764351964317,% of GDP,World Bank,2026-10-09
AUT,Austria,2017,NV.SRV.TOTL.ZS,61.8559536613009,% of GDP,World Bank,2026-10-09
AUT,Austria,2018,NV.SRV.TOTL.ZS,62.2430323743685,% of GDP,World Bank,2026-10-09
AUT,Austria,2019,NV.SRV.TOTL.ZS,62.5614077818279,% of GDP,World Bank,2026-10-09
AUT,Austria,2020,NV.SRV.TOTL.ZS,62.8123620241372,% of GDP,World Bank,2026-10-09
AUT,Austria,2021,NV.SRV.TOTL.ZS,62.30330605534,% of GDP,World Bank,2026-10-09
AUT,Austria,2022,NV.SRV.TOTL.ZS,62.4358937094137,% of GDP,World Bank,2026-10-09
AUT,Austria,2023,NV.SRV.TOTL.ZS,62.579986897047,% of GDP,World Bank,2026-10-09
AUT,Austria,2024,NV.SRV.TOTL.ZS,63.9706809373681,% of GDP,World Bank,2026-10-09
AUT,Austria,2025,NV.SRV.TOTL.ZS,64.050393646334,% of GDP,World Bank,2026-10-09
BEL,Belgium,2010,NV.SRV.TOTL.ZS,67.916796056848,% of GDP,World Bank,2026-10-09
BEL,Belgium,2011,NV.SRV.TOTL.ZS,68.1083915474617,% of GDP,World Bank,2026-10-09
BEL,Belgium,2012,NV.SRV.TOTL.ZS,68.6739965906651,% of GDP,World Bank,2026-10-09
BEL,Belgium,2013,NV.SRV.TOTL.ZS,68.8013394276922,% of GDP,World Bank,2026-10-09
BEL,Belgium,2014,NV.SRV.TOTL.ZS,69.2884674792442,% of GDP,World Bank,2026-10-09
BEL,Belgium,2015,NV.SRV.TOTL.ZS,69.4272004004447,% of GDP,World Bank,2026-10-09
BEL,Belgium,2016,NV.SRV.TOTL.ZS,69.5878866778803,% of GDP,World Bank,2026-10-09
BEL,Belgium,2017,NV.SRV.TOTL.ZS,69.4180202757195,% of GDP,World Bank,2026-10-09
BEL,Belgium,2018,NV.SRV.TOTL.ZS,69.6766949921631,% of GDP,World Bank,2026-10-09
BEL,Belgium,2019,NV.SRV.TOTL.ZS,69.5353313801023,% of GDP,World Bank,2026-10-09
BEL,Belgium,2020,NV.SRV.TOTL.ZS,70.3395076969123,% of GDP,World Bank,2026-10-09
BEL,Belgium,2021,NV.SRV.TOTL.ZS,70.7487167204956,% of GDP,World Bank,2026-10-09
BEL,Belgium,2022,NV.SRV.TOTL.ZS,69.4375533891114,% of GDP,World Bank,2026-10-09
BEL,Belgium,2023,NV.SRV.TOTL.ZS,70.3450349869946,% of GDP,World Bank,2026-10-09
BEL,Belgium,2024,NV.SRV.TOTL.ZS,71.0243496560734,% of GDP,World Bank,2026-10-09
BEL,Belgium,2025,NV.SRV.TOTL.ZS,71.2309348390918,% of GDP,World Bank,2026-10-09
BGR,Bulgaria,2010,NV.SRV.TOTL.ZS,59.5005727822015,% of GDP,World Bank,2026-10-09
BGR,Bulgaria,2011,NV.SRV.TOTL.ZS,57.590505300629,% of GDP,World Bank,2026-10-09
BGR,Bulgaria,2012,NV.SRV.TOTL.ZS,57.1818716563556,% of GDP,World Bank,2026-10-09
BGR,Bulgaria,2013,NV.SRV.TOTL.ZS,58.1902294032503,% of GDP,World Bank,2026-10-09
BGR,Bulgaria,2014,NV.SRV.TOTL.ZS,58.7280745497789,% of GDP,World Bank,2026-10-09
BGR,Bulgaria,2015,NV.SRV.TOTL.ZS,58.2751741097437,% of GDP,World Bank,2026-10-09
BGR,Bulgaria,2016,NV.SRV.TOTL.ZS,57.5930631888419,% of GDP,World Bank,2026-10-09
BGR,Bulgaria,2017,NV.SRV.TOTL.ZS,57.9586668938625,% of GDP,World Bank,2026-10-09
BGR,Bulgaria,2018,NV.SRV.TOTL.ZS,60.9475526776986,% of GDP,World Bank,2026-10-09
BGR,Bulgaria,2019,NV.SRV.TOTL.ZS,61.496657326055,% of GDP,World Bank,2026-10-09
BGR,Bulgaria,2020,NV.SRV.TOTL.ZS,61.5163692495584,% of GDP,World Bank,2026-10-09
BGR,Bulgaria,2021,NV.SRV.TOTL.ZS,62.428388629992,% of GDP,World Bank,2026-10-09
BGR,Bulgaria,2022,NV.SRV.TOTL.ZS,59.8938030631662,% of GDP,World Bank,2026-10-09
BGR,Bulgaria,2023,NV.SRV.TOTL.ZS,62.4320950245747,% of GDP,World Bank,2026-10-09
BGR,Bulgaria,2024,NV.SRV.TOTL.ZS,63.7625821557051,% of GDP,World Bank,2026-10-09
BGR,Bulgaria,2025,NV.SRV.TOTL.ZS,63.3132907714732,% of GDP,World Bank,2026-10-09
BIH,Bosnia and Herzegovina,2010,NV.SRV.TOTL.ZS,55.5086584313191,% of GDP,World Bank,2026-10-09
BIH,Bosnia and Herzegovina,2011,NV.SRV.TOTL.ZS,55.814728624189,% of GDP,World Bank,2026-10-09
BIH,Bosnia and Herzegovina,2012,NV.SRV.TOTL.ZS,56.7861594532843,% of GDP,World Bank,2026-10-09
BIH,Bosnia and Herzegovina,2013,NV.SRV.TOTL.ZS,56.157123436097,% of GDP,World Bank,2026-10-09
BIH,Bosnia and Herzegovina,2014,NV.SRV.TOTL.ZS,56.7834638990021,% of GDP,World Bank,2026-10-09
BIH,Bosnia and Herzegovina,2015,NV.SRV.TOTL.ZS,54.9288452772086,% of GDP,World Bank,2026-10-09
BIH,Bosnia and Herzegovina,2016,NV.SRV.TOTL.ZS,54.1749753827059,% of GDP,World Bank,2026-10-09
BIH,Bosnia and Herzegovina,2017,NV.SRV.TOTL.ZS,54.4500637250392,% of GDP,World Bank,2026-10-09
BIH,Bosnia and Herzegovina,2018,NV.SRV.TOTL.ZS,53.7328144420159,% of GDP,World Bank,2026-10-09
BIH,Bosnia and Herzegovina,2019,NV.SRV.TOTL.ZS,54.5707623650675,% of GDP,World Bank,2026-10-09
BIH,Bosnia and Herzegovina,2020,NV.SRV.TOTL.ZS,54.6561575085516,% of GDP,World Bank,2026-10-09
BIH,Bosnia and Herzegovina,2021,NV.SRV.TOTL.ZS,53.8615361275146,% of GDP,World Bank,2026-10-09
BIH,Bosnia and Herzegovina,2022,NV.SRV.TOTL.ZS,54.5016857184557,% of GDP,World Bank,2026-10-09
BIH,Bosnia and Herzegovina,2023,NV.SRV.TOTL.ZS,55.9111157268349,% of GDP,World Bank,2026-10-09
BIH,Bosnia and Herzegovina,2024,NV.SRV.TOTL.ZS,56.6511610029932,% of GDP,World Bank,2026-10-09
BIH,Bosnia and Herzegovina,2025,NV.SRV.TOTL.ZS,57.693564154269,% of GDP,World Bank,2026-10-09
CYP,Cyprus,2010,NV.SRV.TOTL.ZS,71.6413288911788,% of GDP,World Bank,2026-10-09
CYP,Cyprus,2011,NV.SRV.TOTL.ZS,73.9856217691986,% of GDP,World Bank,2026-10-09
CYP,Cyprus,2012,NV.SRV.TOTL.ZS,74.948228738595,% of GDP,World Bank,2026-10-09
CYP,Cyprus,2013,NV.SRV.TOTL.ZS,76.1139226487119,% of GDP,World Bank,2026-10-09
CYP,Cyprus,2014,NV.SRV.TOTL.ZS,75.8273775269052,% of GDP,World Bank,2026-10-09
CYP,Cyprus,2015,NV.SRV.TOTL.ZS,75.5176128959667,% of GDP,World Bank,2026-10-09
CYP,Cyprus,2016,NV.SRV.TOTL.ZS,74.5691185819827,% of GDP,World Bank,2026-10-09
CYP,Cyprus,2017,NV.SRV.TOTL.ZS,74.1380086156061,% of GDP,World Bank,2026-10-09
CYP,Cyprus,2018,NV.SRV.TOTL.ZS,73.4972493548522,% of GDP,World Bank,2026-10-09
CYP,Cyprus,2019,NV.SRV.TOTL.ZS,73.285711141751,% of GDP,World Bank,2026-10-09
CYP,Cyprus,2020,NV.SRV.TOTL.ZS,74.5571998617301,% of GDP,World Bank,2026-10-09
CYP,Cyprus,2021,NV.SRV.TOTL.ZS,75.7895819401386,% of GDP,World Bank,2026-10-09
CYP,Cyprus,2022,NV.SRV.TOTL.ZS,77.1560605407942,% of GDP,World Bank,2026-10-09
CYP,Cyprus,2023,NV.SRV.TOTL.ZS,76.2218713773525,% of GDP,World Bank,2026-10-09
CYP,Cyprus,2024,NV.SRV.TOTL.ZS,76.4769046707826,% of GDP,World Bank,2026-10-09
CYP,Cyprus,2025,NV.SRV.TOTL.ZS,76.8460803504221,% of GDP,World Bank,2026-10-09
CZE,Czechia,2010,NV.SRV.TOTL.ZS,56.2888177196257,% of GDP,World Bank,2026-10-09
CZE,Czechia,2011,NV.SRV.TOTL.ZS,55.1142697031149,% of GDP,World Bank,2026-10-09
CZE,Czechia,2012,NV.SRV.TOTL.ZS,55.1671455759611,% of GDP,World Bank,2026-10-09
CZE,Czechia,2013,NV.SRV.TOTL.ZS,54.9680487770361,% of GDP,World Bank,2026-10-09
CZE,Czechia,2014,NV.SRV.TOTL.ZS,54.5981250304078,% of GDP,World Bank,2026-10-09
CZE,Czechia,2015,NV.SRV.TOTL.ZS,54.3330095169346,% of GDP,World Bank,2026-10-09
CZE,Czechia,2016,NV.SRV.TOTL.ZS,54.8701536021871,% of GDP,World Bank,2026-10-09
CZE,Czechia,2017,NV.SRV.TOTL.ZS,55.6563920064008,% of GDP,World Bank,2026-10-09
CZE,Czechia,2018,NV.SRV.TOTL.ZS,57.0226523268952,% of GDP,World Bank,2026-10-09
CZE,Czechia,2019,NV.SRV.TOTL.ZS,57.8053442859741,% of GDP,World Bank,2026-10-09
CZE,Czechia,2020,NV.SRV.TOTL.ZS,59.5821298700586,% of GDP,World Bank,2026-10-09
CZE,Czechia,2021,NV.SRV.TOTL.ZS,60.8665523629247,% of GDP,World Bank,2026-10-09
CZE,Czechia,2022,NV.SRV.TOTL.ZS,59.7439357764226,% of GDP,World Bank,2026-10-09
CZE,Czechia,2023,NV.SRV.TOTL.ZS,59.6975973460946,% of GDP,World Bank,2026-10-09
CZE,Czechia,2024,NV.SRV.TOTL.ZS,60.1776237199618,% of GDP,World Bank,2026-10-09
CZE,Czechia,2025,NV.SRV.TOTL.ZS,60.7998735924657,% of GDP,World Bank,2026-10-09
DEU,Germany,2010,NV.SRV.TOTL.ZS,62.7061554109343,% of GDP,World Bank,2026-10-09
DEU,Germany,2011,NV.SRV.TOTL.ZS,62.0438601919976,% of GDP,World Bank,2026-10-09
DEU,Germany,2012,NV.SRV.TOTL.ZS,61.8201108856563,% of GDP,World Bank,2026-10-09
DEU,Germany,2013,NV.SRV.TOTL.ZS,62.3613630655019,% of GDP,World Bank,2026-10-09
DEU,Germany,2014,NV.SRV.TOTL.ZS,62.2965551672491,% of GDP,World Bank,2026-10-09
DEU,Germany,2015,NV.SRV.TOTL.ZS,62.6076196214484,% of GDP,World Bank,2026-10-09
DEU,Germany,2016,NV.SRV.TOTL.ZS,62.3594067369594,% of GDP,World Bank,2026-10-09
DEU,Germany,2017,NV.SRV.TOTL.ZS,62.4900468331378,% of GDP,World Bank,2026-10-09
DEU,Germany,2018,NV.SRV.TOTL.ZS,62.7863181160328,% of GDP,World Bank,2026-10-09
DEU,Germany,2019,NV.SRV.TOTL.ZS,63.0067735661299,% of GDP,World Bank,2026-10-09
DEU,Germany,2020,NV.SRV.TOTL.ZS,63.8751333055131,% of GDP,World Bank,2026-10-09
DEU,Germany,2021,NV.SRV.TOTL.ZS,63.5453543127468,% of GDP,World Bank,2026-10-09
DEU,Germany,2022,NV.SRV.TOTL.ZS,63.4806825103587,% of GDP,World Bank,2026-10-09
DEU,Germany,2023,NV.SRV.TOTL.ZS,63.6154489715143,% of GDP,World Bank,2026-10-09
DEU,Germany,2024,NV.SRV.TOTL.ZS,64.0456505820091,% of GDP,World Bank,2026-10-09
DEU,Germany,2025,NV.SRV.TOTL.ZS,64.459664735979,% of GDP,World Bank,2026-10-09
DNK,Denmark,2010,NV.SRV.TOTL.ZS,65.7784928937093,% of GDP,World Bank,2026-10-09
DNK,Denmark,2011,NV.SRV.TOTL.ZS,65.1652486553664,% of GDP,World Bank,2026-10-09
DNK,Denmark,2012,NV.SRV.TOTL.ZS,64.867511994022,% of GDP,World Bank,2026-10-09
DNK,Denmark,2013,NV.SRV.TOTL.ZS,65.5690146038965,% of GDP,World Bank,2026-10-09
DNK,Denmark,2014,NV.SRV.TOTL.ZS,65.9892898028769,% of GDP,World Bank,2026-10-09
DNK,Denmark,2015,NV.SRV.TOTL.ZS,66.268123644985,% of GDP,World Bank,2026-10-09
DNK,Denmark,2016,NV.SRV.TOTL.ZS,65.5816572655399,% of GDP,World Bank,2026-10-09
DNK,Denmark,2017,NV.SRV.TOTL.ZS,65.2651305462279,% of GDP,World Bank,2026-10-09
DNK,Denmark,2018,NV.SRV.TOTL.ZS,65.1569808657312,% of GDP,World Bank,2026-10-09
DNK,Denmark,2019,NV.SRV.TOTL.ZS,65.1563499910143,% of GDP,World Bank,2026-10-09
DNK,Denmark,2020,NV.SRV.TOTL.ZS,65.9864386706891,% of GDP,World Bank,2026-10-09
DNK,Denmark,2021,NV.SRV.TOTL.ZS,66.6398766336931,% of GDP,World Bank,2026-10-09
DNK,Denmark,2022,NV.SRV.TOTL.ZS,66.429806790063,% of GDP,World Bank,2026-10-09
DNK,Denmark,2023,NV.SRV.TOTL.ZS,63.9079515293954,% of GDP,World Bank,2026-10-09
DNK,Denmark,2024,NV.SRV.TOTL.ZS,63.5495635161649,% of GDP,World Bank,2026-10-09
DNK,Denmark,2025,NV.SRV.TOTL.ZS,62.6610171745273,% of GDP,World Bank,2026-10-09
ESP,Spain,2010,NV.SRV.TOTL.ZS,66.4836210538043,% of GDP,World Bank,2026-10-09
ESP,Spain,2011,NV.SRV.TOTL.ZS,67.9189474964676,% of GDP,World Bank,2026-10-09
ESP,Spain,2012,NV.SRV.TOTL.ZS,68.7981435648343,% of GDP,World Bank,2026-10-09
ESP,Spain,2013,NV.SRV.TOTL.ZS,68.7816140367298,% of GDP,World Bank,2026-10-09
ESP,Spain,2014,NV.SRV.TOTL.ZS,68.7044311125955,% of GDP,World Bank,2026-10-09
ESP,Spain,2015,NV.SRV.TOTL.ZS,68.2307802691903,% of GDP,World Bank,2026-10-09
ESP,Spain,2016,NV.SRV.TOTL.ZS,68.1684323760182,% of GDP,World Bank,2026-10-09
ESP,Spain,2017,NV.SRV.TOTL.ZS,67.9841610086631,% of GDP,World Bank,2026-10-09
ESP,Spain,2018,NV.SRV.TOTL.ZS,68.1207909749925,% of GDP,World Bank,2026-10-09
ESP,Spain,2019,NV.SRV.TOTL.ZS,68.2703336497276,% of GDP,World Bank,2026-10-09
ESP,Spain,2020,NV.SRV.TOTL.ZS,68.3951846151394,% of GDP,World Bank,2026-10-09
ESP,Spain,2021,NV.SRV.TOTL.ZS,67.4549201359154,% of GDP,World Bank,2026-10-09
ESP,Spain,2022,NV.SRV.TOTL.ZS,67.6016434775846,% of GDP,World Bank,2026-10-09
ESP,Spain,2023,NV.SRV.TOTL.ZS,68.6891967410021,% of GDP,World Bank,2026-10-09
ESP,Spain,2024,NV.SRV.TOTL.ZS,68.9025484059134,% of GDP,World Bank,2026-10-09
ESP,Spain,2025,NV.SRV.TOTL.ZS,68.3569115290146,% of GDP,World Bank,2026-10-09
EST,Estonia,2010,NV.SRV.TOTL.ZS,59.9238449450358,% of GDP,World Bank,2026-10-09
EST,Estonia,2011,NV.SRV.TOTL.ZS,58.4513474222125,% of GDP,World Bank,2026-10-09
EST,Estonia,2012,NV.SRV.TOTL.ZS,59.1902030673717,% of GDP,World Bank,2026-10-09
EST,Estonia,2013,NV.SRV.TOTL.ZS,59.7117104104209,% of GDP,World Bank,2026-10-09
EST,Estonia,2014,NV.SRV.TOTL.ZS,59.8999341045038,% of GDP,World Bank,2026-10-09
EST,Estonia,2015,NV.SRV.TOTL.ZS,60.7172758310752,% of GDP,World Bank,2026-10-09
EST,Estonia,2016,NV.SRV.TOTL.ZS,60.8286220187256,% of GDP,World Bank,2026-10-09
EST,Estonia,2017,NV.SRV.TOTL.ZS,61.1536734130969,% of GDP,World Bank,2026-10-09
EST,Estonia,2018,NV.SRV.TOTL.ZS,61.6254146608775,% of GDP,World Bank,2026-10-09
EST,Estonia,2019,NV.SRV.TOTL.ZS,62.3217011004787,% of GDP,World Bank,2026-10-09
EST,Estonia,2020,NV.SRV.TOTL.ZS,63.9507885502749,% of GDP,World Bank,2026-10-09
EST,Estonia,2021,NV.SRV.TOTL.ZS,62.7166747108643,% of GDP,World Bank,2026-10-09
EST,Estonia,2022,NV.SRV.TOTL.ZS,62.7008753798491,% of GDP,World Bank,2026-10-09
EST,Estonia,2023,NV.SRV.TOTL.ZS,65.135665233461,% of GDP,World Bank,2026-10-09
EST,Estonia,2024,NV.SRV.TOTL.ZS,65.6971144966199,% of GDP,World Bank,2026-10-09
EST,Estonia,2025,NV.SRV.TOTL.ZS,65.8221431827353,% of GDP,World Bank,2026-10-09
EUU,European Union (aggregate),2010,NV.SRV.TOTL.ZS,65.2788728568643,% of GDP,World Bank,2026-10-09
EUU,European Union (aggregate),2011,NV.SRV.TOTL.ZS,64.9762579701184,% of GDP,World Bank,2026-10-09
EUU,European Union (aggregate),2012,NV.SRV.TOTL.ZS,65.2198959540749,% of GDP,World Bank,2026-10-09
EUU,European Union (aggregate),2013,NV.SRV.TOTL.ZS,65.5383820828304,% of GDP,World Bank,2026-10-09
EUU,European Union (aggregate),2014,NV.SRV.TOTL.ZS,65.5648116418356,% of GDP,World Bank,2026-10-09
EUU,European Union (aggregate),2015,NV.SRV.TOTL.ZS,65.2469963330134,% of GDP,World Bank,2026-10-09
EUU,European Union (aggregate),2016,NV.SRV.TOTL.ZS,65.2339712632701,% of GDP,World Bank,2026-10-09
EUU,European Union (aggregate),2017,NV.SRV.TOTL.ZS,65.1720360179447,% of GDP,World Bank,2026-10-09
EUU,European Union (aggregate),2018,NV.SRV.TOTL.ZS,65.2112694906153,% of GDP,World Bank,2026-10-09
EUU,European Union (aggregate),2019,NV.SRV.TOTL.ZS,65.3362304496178,% of GDP,World Bank,2026-10-09
EUU,European Union (aggregate),2020,NV.SRV.TOTL.ZS,65.815252884598,% of GDP,World Bank,2026-10-09
EUU,European Union (aggregate),2021,NV.SRV.TOTL.ZS,65.2916331409855,% of GDP,World Bank,2026-10-09
EUU,European Union (aggregate),2022,NV.SRV.TOTL.ZS,65.2365858339502,% of GDP,World Bank,2026-10-09
EUU,European Union (aggregate),2023,NV.SRV.TOTL.ZS,65.5042878838448,% of GDP,World Bank,2026-10-09
EUU,European Union (aggregate),2024,NV.SRV.TOTL.ZS,66.0030921800079,% of GDP,World Bank,2026-10-09
EUU,European Union (aggregate),2025,NV.SRV.TOTL.ZS,65.8875741213977,% of GDP,World Bank,2026-10-09
FIN,Finland,2010,NV.SRV.TOTL.ZS,58.9677220471227,% of GDP,World Bank,2026-10-09
FIN,Finland,2011,NV.SRV.TOTL.ZS,59.3372290101439,% of GDP,World Bank,2026-10-09
FIN,Finland,2012,NV.SRV.TOTL.ZS,60.7916038686882,% of GDP,World Bank,2026-10-09
FIN,Finland,2013,NV.SRV.TOTL.ZS,60.5650206145545,% of GDP,World Bank,2026-10-09
FIN,Finland,2014,NV.SRV.TOTL.ZS,60.8821743460203,% of GDP,World Bank,2026-10-09
FIN,Finland,2015,NV.SRV.TOTL.ZS,60.9404734718733,% of GDP,World Bank,2026-10-09
FIN,Finland,2016,NV.SRV.TOTL.ZS,60.4690404557823,% of GDP,World Bank,2026-10-09
FIN,Finland,2017,NV.SRV.TOTL.ZS,59.8466440593487,% of GDP,World Bank,2026-10-09
FIN,Finland,2018,NV.SRV.TOTL.ZS,59.9098768892434,% of GDP,World Bank,2026-10-09
FIN,Finland,2019,NV.SRV.TOTL.ZS,60.0093074736498,% of GDP,World Bank,2026-10-09
FIN,Finland,2020,NV.SRV.TOTL.ZS,60.046026219716,% of GDP,World Bank,2026-10-09
FIN,Finland,2021,NV.SRV.TOTL.ZS,60.1590262256597,% of GDP,World Bank,2026-10-09
FIN,Finland,2022,NV.SRV.TOTL.ZS,59.4281097939016,% of GDP,World Bank,2026-10-09
FIN,Finland,2023,NV.SRV.TOTL.ZS,61.7790882950862,% of GDP,World Bank,2026-10-09
FIN,Finland,2024,NV.SRV.TOTL.ZS,62.1965049838221,% of GDP,World Bank,2026-10-09
FIN,Finland,2025,NV.SRV.TOTL.ZS,62.0939515985316,% of GDP,World Bank,2026-10-09
FRA,France,2010,NV.SRV.TOTL.ZS,70.7106511172851,% of GDP,World Bank,2026-10-09
FRA,France,2011,NV.SRV.TOTL.ZS,70.2766502820806,% of GDP,World Bank,2026-10-09
FRA,France,2012,NV.SRV.TOTL.ZS,70.3954825743036,% of GDP,World Bank,2026-10-09
FRA,France,2013,NV.SRV.TOTL.ZS,70.4096711493974,% of GDP,World Bank,2026-10-09
FRA,France,2014,NV.SRV.TOTL.ZS,70.4282438710721,% of GDP,World Bank,2026-10-09
FRA,France,2015,NV.SRV.TOTL.ZS,70.3090113135195,% of GDP,World Bank,2026-10-09
FRA,France,2016,NV.SRV.TOTL.ZS,70.602995081322,% of GDP,World Bank,2026-10-09
FRA,France,2017,NV.SRV.TOTL.ZS,70.3851824021717,% of GDP,World Bank,2026-10-09
FRA,France,2018,NV.SRV.TOTL.ZS,70.1367025071467,% of GDP,World Bank,2026-10-09
FRA,France,2019,NV.SRV.TOTL.ZS,70.1101608629661,% of GDP,World Bank,2026-10-09
FRA,France,2020,NV.SRV.TOTL.ZS,70.9770173200242,% of GDP,World Bank,2026-10-09
FRA,France,2021,NV.SRV.TOTL.ZS,70.6735726050728,% of GDP,World Bank,2026-10-09
FRA,France,2022,NV.SRV.TOTL.ZS,71.7575436778909,% of GDP,World Bank,2026-10-09
FRA,France,2023,NV.SRV.TOTL.ZS,70.2119038407892,% of GDP,World Bank,2026-10-09
FRA,France,2024,NV.SRV.TOTL.ZS,70.9141844211851,% of GDP,World Bank,2026-10-09
FRA,France,2025,NV.SRV.TOTL.ZS,70.8514738300024,% of GDP,World Bank,2026-10-09
GRC,Greece,2010,NV.SRV.TOTL.ZS,70.215254321143,% of GDP,World Bank,2026-10-09
GRC,Greece,2011,NV.SRV.TOTL.ZS,70.2096408517314,% of GDP,World Bank,2026-10-09
GRC,Greece,2012,NV.SRV.TOTL.ZS,69.875196964307,% of GDP,World Bank,2026-10-09
GRC,Greece,2013,NV.SRV.TOTL.ZS,70.1765702201216,% of GDP,World Bank,2026-10-09
GRC,Greece,2014,NV.SRV.TOTL.ZS,70.5563330759252,% of GDP,World Bank,2026-10-09
GRC,Greece,2015,NV.SRV.TOTL.ZS,70.0008977954844,% of GDP,World Bank,2026-10-09
GRC,Greece,2016,NV.SRV.TOTL.ZS,69.37737300047,% of GDP,World Bank,2026-10-09
GRC,Greece,2017,NV.SRV.TOTL.ZS,69.9648813609874,% of GDP,World Bank,2026-10-09
GRC,Greece,2018,NV.SRV.TOTL.ZS,69.5166420124732,% of GDP,World Bank,2026-10-09
GRC,Greece,2019,NV.SRV.TOTL.ZS,69.7220023100075,% of GDP,World Bank,2026-10-09
GRC,Greece,2020,NV.SRV.TOTL.ZS,69.6620817543477,% of GDP,World Bank,2026-10-09
GRC,Greece,2021,NV.SRV.TOTL.ZS,68.9330353905441,% of GDP,World Bank,2026-10-09
GRC,Greece,2022,NV.SRV.TOTL.ZS,67.7189624074765,% of GDP,World Bank,2026-10-09
GRC,Greece,2023,NV.SRV.TOTL.ZS,68.6654116276677,% of GDP,World Bank,2026-10-09
GRC,Greece,2024,NV.SRV.TOTL.ZS,68.0104871945665,% of GDP,World Bank,2026-10-09
GRC,Greece,2025,NV.SRV.TOTL.ZS,67.4491828137468,% of GDP,World Bank,2026-10-09
HRV,Croatia,2010,NV.SRV.TOTL.ZS,59.8345546913636,% of GDP,World Bank,2026-10-09
HRV,Croatia,2011,NV.SRV.TOTL.ZS,60.1938953938777,% of GDP,World Bank,2026-10-09
HRV,Croatia,2012,NV.SRV.TOTL.ZS,59.8222857270434,% of GDP,World Bank,2026-10-09
HRV,Croatia,2013,NV.SRV.TOTL.ZS,59.375970884559,% of GDP,World Bank,2026-10-09
HRV,Croatia,2014,NV.SRV.TOTL.ZS,59.5279486493715,% of GDP,World Bank,2026-10-09
HRV,Croatia,2015,NV.SRV.TOTL.ZS,59.2981769133707,% of GDP,World Bank,2026-10-09
HRV,Croatia,2016,NV.SRV.TOTL.ZS,59.2376907875373,% of GDP,World Bank,2026-10-09
HRV,Croatia,2017,NV.SRV.TOTL.ZS,59.6718410681252,% of GDP,World Bank,2026-10-09
HRV,Croatia,2018,NV.SRV.TOTL.ZS,59.5112702759638,% of GDP,World Bank,2026-10-09
HRV,Croatia,2019,NV.SRV.TOTL.ZS,59.168396896514,% of GDP,World Bank,2026-10-09
HRV,Croatia,2020,NV.SRV.TOTL.ZS,59.5400441431499,% of GDP,World Bank,2026-10-09
HRV,Croatia,2021,NV.SRV.TOTL.ZS,59.0490718680904,% of GDP,World Bank,2026-10-09
HRV,Croatia,2022,NV.SRV.TOTL.ZS,59.815420111517,% of GDP,World Bank,2026-10-09
HRV,Croatia,2023,NV.SRV.TOTL.ZS,59.8274947591746,% of GDP,World Bank,2026-10-09
HRV,Croatia,2024,NV.SRV.TOTL.ZS,60.8381351492928,% of GDP,World Bank,2026-10-09
HRV,Croatia,2025,NV.SRV.TOTL.ZS,60.9271309491799,% of GDP,World Bank,2026-10-09
HUN,Hungary,2010,NV.SRV.TOTL.ZS,56.6270118030494,% of GDP,World Bank,2026-10-09
HUN,Hungary,2011,NV.SRV.TOTL.ZS,55.9639510898261,% of GDP,World Bank,2026-10-09
HUN,Hungary,2012,NV.SRV.TOTL.ZS,55.199441422864,% of GDP,World Bank,2026-10-09
HUN,Hungary,2013,NV.SRV.TOTL.ZS,55.4667804576846,% of GDP,World Bank,2026-10-09
HUN,Hungary,2014,NV.SRV.TOTL.ZS,54.8738788494878,% of GDP,World Bank,2026-10-09
HUN,Hungary,2015,NV.SRV.TOTL.ZS,54.1102603119559,% of GDP,World Bank,2026-10-09
HUN,Hungary,2016,NV.SRV.TOTL.ZS,55.5583018252813,% of GDP,World Bank,2026-10-09
HUN,Hungary,2017,NV.SRV.TOTL.ZS,55.9261229091602,% of GDP,World Bank,2026-10-09
HUN,Hungary,2018,NV.SRV.TOTL.ZS,56.0731413227318,% of GDP,World Bank,2026-10-09
HUN,Hungary,2019,NV.SRV.TOTL.ZS,56.5905221339387,% of GDP,World Bank,2026-10-09
HUN,Hungary,2020,NV.SRV.TOTL.ZS,56.7924026680508,% of GDP,World Bank,2026-10-09
HUN,Hungary,2021,NV.SRV.TOTL.ZS,57.3674994014629,% of GDP,World Bank,2026-10-09
HUN,Hungary,2022,NV.SRV.TOTL.ZS,57.6322799683593,% of GDP,World Bank,2026-10-09
HUN,Hungary,2023,NV.SRV.TOTL.ZS,58.1743762001328,% of GDP,World Bank,2026-10-09
HUN,Hungary,2024,NV.SRV.TOTL.ZS,59.4398000685895,% of GDP,World Bank,2026-10-09
HUN,Hungary,2025,NV.SRV.TOTL.ZS,60.0624898084973,% of GDP,World Bank,2026-10-09
IRL,Ireland,2010,NV.SRV.TOTL.ZS,66.7587910328311,% of GDP,World Bank,2026-10-09
IRL,Ireland,2011,NV.SRV.TOTL.ZS,65.9202399670773,% of GDP,World Bank,2026-10-09
IRL,Ireland,2012,NV.SRV.TOTL.ZS,66.3652752162247,% of GDP,World Bank,2026-10-09
IRL,Ireland,2013,NV.SRV.TOTL.ZS,67.5381296669956,% of GDP,World Bank,2026-10-09
IRL,Ireland,2014,NV.SRV.TOTL.ZS,67.1617863407972,% of GDP,World Bank,2026-10-09
IRL,Ireland,2015,NV.SRV.TOTL.ZS,54.2201976171835,% of GDP,World Bank,2026-10-09
IRL,Ireland,2016,NV.SRV.TOTL.ZS,55.7172942122237,% of GDP,World Bank,2026-10-09
IRL,Ireland,2017,NV.SRV.TOTL.ZS,55.6039787570193,% of GDP,World Bank,2026-10-09
IRL,Ireland,2018,NV.SRV.TOTL.ZS,56.2353719627882,% of GDP,World Bank,2026-10-09
IRL,Ireland,2019,NV.SRV.TOTL.ZS,57.4736058194846,% of GDP,World Bank,2026-10-09
IRL,Ireland,2020,NV.SRV.TOTL.ZS,55.7688116989414,% of GDP,World Bank,2026-10-09
IRL,Ireland,2021,NV.SRV.TOTL.ZS,55.1666541370771,% of GDP,World Bank,2026-10-09
IRL,Ireland,2022,NV.SRV.TOTL.ZS,53.5115628227866,% of GDP,World Bank,2026-10-09
IRL,Ireland,2023,NV.SRV.TOTL.ZS,60.2983373398224,% of GDP,World Bank,2026-10-09
IRL,Ireland,2024,NV.SRV.TOTL.ZS,60.5635643631863,% of GDP,World Bank,2026-10-09
IRL,Ireland,2025,NV.SRV.TOTL.ZS,56.7367145813896,% of GDP,World Bank,2026-10-09
ITA,Italy,2010,NV.SRV.TOTL.ZS,66.4497865718155,% of GDP,World Bank,2026-10-09
ITA,Italy,2011,NV.SRV.TOTL.ZS,66.2096070490808,% of GDP,World Bank,2026-10-09
ITA,Italy,2012,NV.SRV.TOTL.ZS,66.4231181546189,% of GDP,World Bank,2026-10-09
ITA,Italy,2013,NV.SRV.TOTL.ZS,66.5056088758581,% of GDP,World Bank,2026-10-09
ITA,Italy,2014,NV.SRV.TOTL.ZS,66.7725633816902,% of GDP,World Bank,2026-10-09
ITA,Italy,2015,NV.SRV.TOTL.ZS,66.682063975246,% of GDP,World Bank,2026-10-09
ITA,Italy,2016,NV.SRV.TOTL.ZS,66.3771213146536,% of GDP,World Bank,2026-10-09
ITA,Italy,2017,NV.SRV.TOTL.ZS,66.2798589618875,% of GDP,World Bank,2026-10-09
ITA,Italy,2018,NV.SRV.TOTL.ZS,66.170569852449,% of GDP,World Bank,2026-10-09
ITA,Italy,2019,NV.SRV.TOTL.ZS,66.0942211230759,% of GDP,World Bank,2026-10-09
ITA,Italy,2020,NV.SRV.TOTL.ZS,66.7072551997983,% of GDP,World Bank,2026-10-09
ITA,Italy,2021,NV.SRV.TOTL.ZS,64.8364560164046,% of GDP,World Bank,2026-10-09
ITA,Italy,2022,NV.SRV.TOTL.ZS,64.5973224396351,% of GDP,World Bank,2026-10-09
ITA,Italy,2023,NV.SRV.TOTL.ZS,64.3081181311219,% of GDP,World Bank,2026-10-09
ITA,Italy,2024,NV.SRV.TOTL.ZS,64.6729437802698,% of GDP,World Bank,2026-10-09
ITA,Italy,2025,NV.SRV.TOTL.ZS,64.5143614484488,% of GDP,World Bank,2026-10-09
LTU,Lithuania,2010,NV.SRV.TOTL.ZS,60.0343254564853,% of GDP,World Bank,2026-10-09
LTU,Lithuania,2011,NV.SRV.TOTL.ZS,57.6254914588371,% of GDP,World Bank,2026-10-09
LTU,Lithuania,2012,NV.SRV.TOTL.ZS,57.6622186397042,% of GDP,World Bank,2026-10-09
LTU,Lithuania,2013,NV.SRV.TOTL.ZS,58.9225729509242,% of GDP,World Bank,2026-10-09
LTU,Lithuania,2014,NV.SRV.TOTL.ZS,58.7478006463531,% of GDP,World Bank,2026-10-09
LTU,Lithuania,2015,NV.SRV.TOTL.ZS,59.2019719495734,% of GDP,World Bank,2026-10-09
LTU,Lithuania,2016,NV.SRV.TOTL.ZS,60.4983280052475,% of GDP,World Bank,2026-10-09
LTU,Lithuania,2017,NV.SRV.TOTL.ZS,60.2020468532002,% of GDP,World Bank,2026-10-09
LTU,Lithuania,2018,NV.SRV.TOTL.ZS,61.178353815629,% of GDP,World Bank,2026-10-09
LTU,Lithuania,2019,NV.SRV.TOTL.ZS,61.179068325455,% of GDP,World Bank,2026-10-09
LTU,Lithuania,2020,NV.SRV.TOTL.ZS,61.0170094436429,% of GDP,World Bank,2026-10-09
LTU,Lithuania,2021,NV.SRV.TOTL.ZS,60.8408068662956,% of GDP,World Bank,2026-10-09
LTU,Lithuania,2022,NV.SRV.TOTL.ZS,61.0597541409748,% of GDP,World Bank,2026-10-09
LTU,Lithuania,2023,NV.SRV.TOTL.ZS,63.1748358971823,% of GDP,World Bank,2026-10-09
LTU,Lithuania,2024,NV.SRV.TOTL.ZS,64.2015365423613,% of GDP,World Bank,2026-10-09
LTU,Lithuania,2025,NV.SRV.TOTL.ZS,64.7989613523829,% of GDP,World Bank,2026-10-09
LUX,Luxembourg,2010,NV.SRV.TOTL.ZS,78.9069331999142,% of GDP,World Bank,2026-10-09
LUX,Luxembourg,2011,NV.SRV.TOTL.ZS,78.8371852508105,% of GDP,World Bank,2026-10-09
LUX,Luxembourg,2012,NV.SRV.TOTL.ZS,78.8749393406791,% of GDP,World Bank,2026-10-09
LUX,Luxembourg,2013,NV.SRV.TOTL.ZS,78.9578031864228,% of GDP,World Bank,2026-10-09
LUX,Luxembourg,2014,NV.SRV.TOTL.ZS,78.2098735301689,% of GDP,World Bank,2026-10-09
LUX,Luxembourg,2015,NV.SRV.TOTL.ZS,79.7314000527203,% of GDP,World Bank,2026-10-09
LUX,Luxembourg,2016,NV.SRV.TOTL.ZS,79.1113350489115,% of GDP,World Bank,2026-10-09
LUX,Luxembourg,2017,NV.SRV.TOTL.ZS,80.0810310904901,% of GDP,World Bank,2026-10-09
LUX,Luxembourg,2018,NV.SRV.TOTL.ZS,79.3906348113495,% of GDP,World Bank,2026-10-09
LUX,Luxembourg,2019,NV.SRV.TOTL.ZS,78.7000438836607,% of GDP,World Bank,2026-10-09
LUX,Luxembourg,2020,NV.SRV.TOTL.ZS,79.3002385873037,% of GDP,World Bank,2026-10-09
LUX,Luxembourg,2021,NV.SRV.TOTL.ZS,79.9504402405608,% of GDP,World Bank,2026-10-09
LUX,Luxembourg,2022,NV.SRV.TOTL.ZS,81.1291457144646,% of GDP,World Bank,2026-10-09
LUX,Luxembourg,2023,NV.SRV.TOTL.ZS,81.8147567078408,% of GDP,World Bank,2026-10-09
LUX,Luxembourg,2024,NV.SRV.TOTL.ZS,81.1809464995936,% of GDP,World Bank,2026-10-09
LUX,Luxembourg,2025,NV.SRV.TOTL.ZS,81.4468728023096,% of GDP,World Bank,2026-10-09
LVA,Latvia,2010,NV.SRV.TOTL.ZS,63.7264639687939,% of GDP,World Bank,2026-10-09
LVA,Latvia,2011,NV.SRV.TOTL.ZS,62.8873750736246,% of GDP,World Bank,2026-10-09
LVA,Latvia,2012,NV.SRV.TOTL.ZS,63.0435674657414,% of GDP,World Bank,2026-10-09
LVA,Latvia,2013,NV.SRV.TOTL.ZS,63.5400681711989,% of GDP,World Bank,2026-10-09
LVA,Latvia,2014,NV.SRV.TOTL.ZS,64.3035202598626,% of GDP,World Bank,2026-10-09
LVA,Latvia,2015,NV.SRV.TOTL.ZS,64.1295120425511,% of GDP,World Bank,2026-10-09
LVA,Latvia,2016,NV.SRV.TOTL.ZS,64.3727854982171,% of GDP,World Bank,2026-10-09
LVA,Latvia,2017,NV.SRV.TOTL.ZS,63.4246447186638,% of GDP,World Bank,2026-10-09
LVA,Latvia,2018,NV.SRV.TOTL.ZS,63.2634274962391,% of GDP,World Bank,2026-10-09
LVA,Latvia,2019,NV.SRV.TOTL.ZS,63.0987194135787,% of GDP,World Bank,2026-10-09
LVA,Latvia,2020,NV.SRV.TOTL.ZS,62.3876227829268,% of GDP,World Bank,2026-10-09
LVA,Latvia,2021,NV.SRV.TOTL.ZS,61.6249417393174,% of GDP,World Bank,2026-10-09
LVA,Latvia,2022,NV.SRV.TOTL.ZS,61.6485862349309,% of GDP,World Bank,2026-10-09
LVA,Latvia,2023,NV.SRV.TOTL.ZS,63.8600315168596,% of GDP,World Bank,2026-10-09
LVA,Latvia,2024,NV.SRV.TOTL.ZS,64.7309385900209,% of GDP,World Bank,2026-10-09
LVA,Latvia,2025,NV.SRV.TOTL.ZS,64.2451214016393,% of GDP,World Bank,2026-10-09
MKD,North Macedonia,2010,NV.SRV.TOTL.ZS,55.0944897735173,% of GDP,World Bank,2026-10-09
MKD,North Macedonia,2011,NV.SRV.TOTL.ZS,55.0949403902746,% of GDP,World Bank,2026-10-09
MKD,North Macedonia,2012,NV.SRV.TOTL.ZS,56.3116157384889,% of GDP,World Bank,2026-10-09
MKD,North Macedonia,2013,NV.SRV.TOTL.ZS,54.8447770531849,% of GDP,World Bank,2026-10-09
MKD,North Macedonia,2014,NV.SRV.TOTL.ZS,53.8266326277266,% of GDP,World Bank,2026-10-09
MKD,North Macedonia,2015,NV.SRV.TOTL.ZS,53.7301817323071,% of GDP,World Bank,2026-10-09
MKD,North Macedonia,2016,NV.SRV.TOTL.ZS,53.5495422792727,% of GDP,World Bank,2026-10-09
MKD,North Macedonia,2017,NV.SRV.TOTL.ZS,54.5391890711302,% of GDP,World Bank,2026-10-09
MKD,North Macedonia,2018,NV.SRV.TOTL.ZS,54.3216751049362,% of GDP,World Bank,2026-10-09
MKD,North Macedonia,2019,NV.SRV.TOTL.ZS,54.994997711796,% of GDP,World Bank,2026-10-09
MKD,North Macedonia,2020,NV.SRV.TOTL.ZS,56.5553416357877,% of GDP,World Bank,2026-10-09
MKD,North Macedonia,2021,NV.SRV.TOTL.ZS,56.6626681929412,% of GDP,World Bank,2026-10-09
MKD,North Macedonia,2022,NV.SRV.TOTL.ZS,56.3668315026394,% of GDP,World Bank,2026-10-09
MKD,North Macedonia,2023,NV.SRV.TOTL.ZS,56.9248687459104,% of GDP,World Bank,2026-10-09
MKD,North Macedonia,2024,NV.SRV.TOTL.ZS,56.2488933827217,% of GDP,World Bank,2026-10-09
MKD,North Macedonia,2025,NV.SRV.TOTL.ZS,56.9507036614351,% of GDP,World Bank,2026-10-09
MLT,Malta,2010,NV.SRV.TOTL.ZS,69.4975430059037,% of GDP,World Bank,2026-10-09
MLT,Malta,2011,NV.SRV.TOTL.ZS,69.9305576736028,% of GDP,World Bank,2026-10-09
MLT,Malta,2012,NV.SRV.TOTL.ZS,71.9762151405502,% of GDP,World Bank,2026-10-09
MLT,Malta,2013,NV.SRV.TOTL.ZS,73.0407527212857,% of GDP,World Bank,2026-10-09
MLT,Malta,2014,NV.SRV.TOTL.ZS,74.3571270267968,% of GDP,World Bank,2026-10-09
MLT,Malta,2015,NV.SRV.TOTL.ZS,76.1301108539473,% of GDP,World Bank,2026-10-09
MLT,Malta,2016,NV.SRV.TOTL.ZS,75.7999147817915,% of GDP,World Bank,2026-10-09
MLT,Malta,2017,NV.SRV.TOTL.ZS,77.4370338064483,% of GDP,World Bank,2026-10-09
MLT,Malta,2018,NV.SRV.TOTL.ZS,77.1218458623675,% of GDP,World Bank,2026-10-09
MLT,Malta,2019,NV.SRV.TOTL.ZS,77.2158688775137,% of GDP,World Bank,2026-10-09
MLT,Malta,2020,NV.SRV.TOTL.ZS,78.5580595685488,% of GDP,World Bank,2026-10-09
MLT,Malta,2021,NV.SRV.TOTL.ZS,79.6729350126186,% of GDP,World Bank,2026-10-09
MLT,Malta,2022,NV.SRV.TOTL.ZS,80.5841599572973,% of GDP,World Bank,2026-10-09
MLT,Malta,2023,NV.SRV.TOTL.ZS,81.7274239180303,% of GDP,World Bank,2026-10-09
MLT,Malta,2024,NV.SRV.TOTL.ZS,81.5881262237052,% of GDP,World Bank,2026-10-09
MLT,Malta,2025,NV.SRV.TOTL.ZS,81.3306641928291,% of GDP,World Bank,2026-10-09
MNE,Montenegro,2010,NV.SRV.TOTL.ZS,60.7888561942815,% of GDP,World Bank,2026-10-09
MNE,Montenegro,2011,NV.SRV.TOTL.ZS,63.291503899449,% of GDP,World Bank,2026-10-09
MNE,Montenegro,2012,NV.SRV.TOTL.ZS,64.0175673838773,% of GDP,World Bank,2026-10-09
MNE,Montenegro,2013,NV.SRV.TOTL.ZS,61.1310638130195,% of GDP,World Bank,2026-10-09
MNE,Montenegro,2014,NV.SRV.TOTL.ZS,61.450852276444,% of GDP,World Bank,2026-10-09
MNE,Montenegro,2015,NV.SRV.TOTL.ZS,63.1079872713535,% of GDP,World Bank,2026-10-09
MNE,Montenegro,2016,NV.SRV.TOTL.ZS,62.2581684285081,% of GDP,World Bank,2026-10-09
MNE,Montenegro,2017,NV.SRV.TOTL.ZS,62.3775307490001,% of GDP,World Bank,2026-10-09
MNE,Montenegro,2018,NV.SRV.TOTL.ZS,61.4557592293687,% of GDP,World Bank,2026-10-09
MNE,Montenegro,2019,NV.SRV.TOTL.ZS,60.9084834181942,% of GDP,World Bank,2026-10-09
MNE,Montenegro,2020,NV.SRV.TOTL.ZS,60.8813578426969,% of GDP,World Bank,2026-10-09
MNE,Montenegro,2021,NV.SRV.TOTL.ZS,62.3980563675667,% of GDP,World Bank,2026-10-09
MNE,Montenegro,2022,NV.SRV.TOTL.ZS,63.1549881438444,% of GDP,World Bank,2026-10-09
MNE,Montenegro,2023,NV.SRV.TOTL.ZS,63.962450941937,% of GDP,World Bank,2026-10-09
MNE,Montenegro,2024,NV.SRV.TOTL.ZS,63.7695853263977,% of GDP,World Bank,2026-10-09
MNE,Montenegro,2025,NV.SRV.TOTL.ZS,63.381094445619,% of GDP,World Bank,2026-10-09
NLD,Netherlands,2010,NV.SRV.TOTL.ZS,68.7900258467051,% of GDP,World Bank,2026-10-09
NLD,Netherlands,2011,NV.SRV.TOTL.ZS,68.891165266542,% of GDP,World Bank,2026-10-09
NLD,Netherlands,2012,NV.SRV.TOTL.ZS,69.0876469086887,% of GDP,World Bank,2026-10-09
NLD,Netherlands,2013,NV.SRV.TOTL.ZS,69.3644666878015,% of GDP,World Bank,2026-10-09
NLD,Netherlands,2014,NV.SRV.TOTL.ZS,70.3026846854015,% of GDP,World Bank,2026-10-09
NLD,Netherlands,2015,NV.SRV.TOTL.ZS,70.5458576179068,% of GDP,World Bank,2026-10-09
NLD,Netherlands,2016,NV.SRV.TOTL.ZS,70.6379699378623,% of GDP,World Bank,2026-10-09
NLD,Netherlands,2017,NV.SRV.TOTL.ZS,70.3995812806898,% of GDP,World Bank,2026-10-09
NLD,Netherlands,2018,NV.SRV.TOTL.ZS,70.2823544056509,% of GDP,World Bank,2026-10-09
NLD,Netherlands,2019,NV.SRV.TOTL.ZS,70.2508053465611,% of GDP,World Bank,2026-10-09
NLD,Netherlands,2020,NV.SRV.TOTL.ZS,69.8215350848722,% of GDP,World Bank,2026-10-09
NLD,Netherlands,2021,NV.SRV.TOTL.ZS,69.4429925410801,% of GDP,World Bank,2026-10-09
NLD,Netherlands,2022,NV.SRV.TOTL.ZS,69.0713610110483,% of GDP,World Bank,2026-10-09
NLD,Netherlands,2023,NV.SRV.TOTL.ZS,70.0541740903295,% of GDP,World Bank,2026-10-09
NLD,Netherlands,2024,NV.SRV.TOTL.ZS,70.4741592609467,% of GDP,World Bank,2026-10-09
NLD,Netherlands,2025,NV.SRV.TOTL.ZS,70.4111549542247,% of GDP,World Bank,2026-10-09
POL,Poland,2010,NV.SRV.TOTL.ZS,55.3297957201817,% of GDP,World Bank,2026-10-09
POL,Poland,2011,NV.SRV.TOTL.ZS,54.294328089083,% of GDP,World Bank,2026-10-09
POL,Poland,2012,NV.SRV.TOTL.ZS,55.3349007114845,% of GDP,World Bank,2026-10-09
POL,Poland,2013,NV.SRV.TOTL.ZS,56.7410646685001,% of GDP,World Bank,2026-10-09
POL,Poland,2014,NV.SRV.TOTL.ZS,55.7052599572561,% of GDP,World Bank,2026-10-09
POL,Poland,2015,NV.SRV.TOTL.ZS,55.299619134775,% of GDP,World Bank,2026-10-09
POL,Poland,2016,NV.SRV.TOTL.ZS,55.0625951252974,% of GDP,World Bank,2026-10-09
POL,Poland,2017,NV.SRV.TOTL.ZS,56.0708540911722,% of GDP,World Bank,2026-10-09
POL,Poland,2018,NV.SRV.TOTL.ZS,56.4266313774483,% of GDP,World Bank,2026-10-09
POL,Poland,2019,NV.SRV.TOTL.ZS,56.8247340346225,% of GDP,World Bank,2026-10-09
POL,Poland,2020,NV.SRV.TOTL.ZS,57.0960625229325,% of GDP,World Bank,2026-10-09
POL,Poland,2021,NV.SRV.TOTL.ZS,56.4521825514612,% of GDP,World Bank,2026-10-09
POL,Poland,2022,NV.SRV.TOTL.ZS,57.2217295257752,% of GDP,World Bank,2026-10-09
POL,Poland,2023,NV.SRV.TOTL.ZS,58.2011282257295,% of GDP,World Bank,2026-10-09
POL,Poland,2024,NV.SRV.TOTL.ZS,59.1475357964785,% of GDP,World Bank,2026-10-09
POL,Poland,2025,NV.SRV.TOTL.ZS,59.7400109398795,% of GDP,World Bank,2026-10-09
PRT,Portugal,2010,NV.SRV.TOTL.ZS,65.9900107723019,% of GDP,World Bank,2026-10-09
PRT,Portugal,2011,NV.SRV.TOTL.ZS,66.2727108617798,% of GDP,World Bank,2026-10-09
PRT,Portugal,2012,NV.SRV.TOTL.ZS,66.391814938701,% of GDP,World Bank,2026-10-09
PRT,Portugal,2013,NV.SRV.TOTL.ZS,66.8740172770633,% of GDP,World Bank,2026-10-09
PRT,Portugal,2014,NV.SRV.TOTL.ZS,66.307724667619,% of GDP,World Bank,2026-10-09
PRT,Portugal,2015,NV.SRV.TOTL.ZS,65.4357541364739,% of GDP,World Bank,2026-10-09
PRT,Portugal,2016,NV.SRV.TOTL.ZS,65.4115109280948,% of GDP,World Bank,2026-10-09
PRT,Portugal,2017,NV.SRV.TOTL.ZS,65.2644211981992,% of GDP,World Bank,2026-10-09
PRT,Portugal,2018,NV.SRV.TOTL.ZS,65.1189858053297,% of GDP,World Bank,2026-10-09
PRT,Portugal,2019,NV.SRV.TOTL.ZS,65.5860785423015,% of GDP,World Bank,2026-10-09
PRT,Portugal,2020,NV.SRV.TOTL.ZS,65.5669578738445,% of GDP,World Bank,2026-10-09
PRT,Portugal,2021,NV.SRV.TOTL.ZS,65.0687062575411,% of GDP,World Bank,2026-10-09
PRT,Portugal,2022,NV.SRV.TOTL.ZS,66.1933718129425,% of GDP,World Bank,2026-10-09
PRT,Portugal,2023,NV.SRV.TOTL.ZS,66.2923756073157,% of GDP,World Bank,2026-10-09
PRT,Portugal,2024,NV.SRV.TOTL.ZS,66.2948271282742,% of GDP,World Bank,2026-10-09
PRT,Portugal,2025,NV.SRV.TOTL.ZS,66.5504575914073,% of GDP,World Bank,2026-10-09
ROU,Romania,2010,NV.SRV.TOTL.ZS,45.9961975955111,% of GDP,World Bank,2026-10-09
ROU,Romania,2011,NV.SRV.TOTL.ZS,42.3345168458964,% of GDP,World Bank,2026-10-09
ROU,Romania,2012,NV.SRV.TOTL.ZS,49.4343903967501,% of GDP,World Bank,2026-10-09
ROU,Romania,2013,NV.SRV.TOTL.ZS,50.5530892890503,% of GDP,World Bank,2026-10-09
ROU,Romania,2014,NV.SRV.TOTL.ZS,50.9162586615439,% of GDP,World Bank,2026-10-09
ROU,Romania,2015,NV.SRV.TOTL.ZS,52.6060117162535,% of GDP,World Bank,2026-10-09
ROU,Romania,2016,NV.SRV.TOTL.ZS,55.1153784636175,% of GDP,World Bank,2026-10-09
ROU,Romania,2017,NV.SRV.TOTL.ZS,56.9119041977143,% of GDP,World Bank,2026-10-09
ROU,Romania,2018,NV.SRV.TOTL.ZS,56.7769219049761,% of GDP,World Bank,2026-10-09
ROU,Romania,2019,NV.SRV.TOTL.ZS,58.3617382577699,% of GDP,World Bank,2026-10-09
ROU,Romania,2020,NV.SRV.TOTL.ZS,59.918608618412,% of GDP,World Bank,2026-10-09
ROU,Romania,2021,NV.SRV.TOTL.ZS,59.5240162986079,% of GDP,World Bank,2026-10-09
ROU,Romania,2022,NV.SRV.TOTL.ZS,60.3937908900332,% of GDP,World Bank,2026-10-09
ROU,Romania,2023,NV.SRV.TOTL.ZS,60.9101722747782,% of GDP,World Bank,2026-10-09
ROU,Romania,2024,NV.SRV.TOTL.ZS,62.5509064348212,% of GDP,World Bank,2026-10-09
ROU,Romania,2025,NV.SRV.TOTL.ZS,61.7445457376988,% of GDP,World Bank,2026-10-09
SRB,Serbia,2010,NV.SRV.TOTL.ZS,52.9129127744788,% of GDP,World Bank,2026-10-09
SRB,Serbia,2011,NV.SRV.TOTL.ZS,52.2712525828359,% of GDP,World Bank,2026-10-09
SRB,Serbia,2012,NV.SRV.TOTL.ZS,52.3042523803937,% of GDP,World Bank,2026-10-09
SRB,Serbia,2013,NV.SRV.TOTL.ZS,51.069034379434,% of GDP,World Bank,2026-10-09
SRB,Serbia,2014,NV.SRV.TOTL.ZS,51.9408244194964,% of GDP,World Bank,2026-10-09
SRB,Serbia,2015,NV.SRV.TOTL.ZS,51.8159405243436,% of GDP,World Bank,2026-10-09
SRB,Serbia,2016,NV.SRV.TOTL.ZS,51.329177657504,% of GDP,World Bank,2026-10-09
SRB,Serbia,2017,NV.SRV.TOTL.ZS,52.0475699154042,% of GDP,World Bank,2026-10-09
SRB,Serbia,2018,NV.SRV.TOTL.ZS,52.5465914880611,% of GDP,World Bank,2026-10-09
SRB,Serbia,2019,NV.SRV.TOTL.ZS,53.1890492036739,% of GDP,World Bank,2026-10-09
SRB,Serbia,2020,NV.SRV.TOTL.ZS,54.5312198459318,% of GDP,World Bank,2026-10-09
SRB,Serbia,2021,NV.SRV.TOTL.ZS,54.2584607355448,% of GDP,World Bank,2026-10-09
SRB,Serbia,2022,NV.SRV.TOTL.ZS,54.2740773134141,% of GDP,World Bank,2026-10-09
SRB,Serbia,2023,NV.SRV.TOTL.ZS,57.7862970567227,% of GDP,World Bank,2026-10-09
SRB,Serbia,2024,NV.SRV.TOTL.ZS,58.7832317170655,% of GDP,World Bank,2026-10-09
SRB,Serbia,2025,NV.SRV.TOTL.ZS,59.7322459886897,% of GDP,World Bank,2026-10-09
SVK,Slovakia,2010,NV.SRV.TOTL.ZS,59.1835880081695,% of GDP,World Bank,2026-10-09
SVK,Slovakia,2011,NV.SRV.TOTL.ZS,58.3282317364822,% of GDP,World Bank,2026-10-09
SVK,Slovakia,2012,NV.SRV.TOTL.ZS,59.0349975688211,% of GDP,World Bank,2026-10-09
SVK,Slovakia,2013,NV.SRV.TOTL.ZS,60.4707594132048,% of GDP,World Bank,2026-10-09
SVK,Slovakia,2014,NV.SRV.TOTL.ZS,57.8083495401784,% of GDP,World Bank,2026-10-09
SVK,Slovakia,2015,NV.SRV.TOTL.ZS,58.0921327972931,% of GDP,World Bank,2026-10-09
SVK,Slovakia,2016,NV.SRV.TOTL.ZS,59.4295223886459,% of GDP,World Bank,2026-10-09
SVK,Slovakia,2017,NV.SRV.TOTL.ZS,59.7079238237781,% of GDP,World Bank,2026-10-09
SVK,Slovakia,2018,NV.SRV.TOTL.ZS,59.0323950532463,% of GDP,World Bank,2026-10-09
SVK,Slovakia,2019,NV.SRV.TOTL.ZS,58.6553990162234,% of GDP,World Bank,2026-10-09
SVK,Slovakia,2020,NV.SRV.TOTL.ZS,59.4854550464346,% of GDP,World Bank,2026-10-09
SVK,Slovakia,2021,NV.SRV.TOTL.ZS,60.1256272734401,% of GDP,World Bank,2026-10-09
SVK,Slovakia,2022,NV.SRV.TOTL.ZS,60.6244300812706,% of GDP,World Bank,2026-10-09
SVK,Slovakia,2023,NV.SRV.TOTL.ZS,60.0252424547974,% of GDP,World Bank,2026-10-09
SVK,Slovakia,2024,NV.SRV.TOTL.ZS,59.9609861243037,% of GDP,World Bank,2026-10-09
SVK,Slovakia,2025,NV.SRV.TOTL.ZS,59.8076497946185,% of GDP,World Bank,2026-10-09
SVN,Slovenia,2010,NV.SRV.TOTL.ZS,58.6420215397293,% of GDP,World Bank,2026-10-09
SVN,Slovenia,2011,NV.SRV.TOTL.ZS,58.1676012805429,% of GDP,World Bank,2026-10-09
SVN,Slovenia,2012,NV.SRV.TOTL.ZS,57.688460637012,% of GDP,World Bank,2026-10-09
SVN,Slovenia,2013,NV.SRV.TOTL.ZS,56.9767649955258,% of GDP,World Bank,2026-10-09
SVN,Slovenia,2014,NV.SRV.TOTL.ZS,56.3977533700188,% of GDP,World Bank,2026-10-09
SVN,Slovenia,2015,NV.SRV.TOTL.ZS,56.278935273132,% of GDP,World Bank,2026-10-09
SVN,Slovenia,2016,NV.SRV.TOTL.ZS,56.6168276408096,% of GDP,World Bank,2026-10-09
SVN,Slovenia,2017,NV.SRV.TOTL.ZS,56.5851812852398,% of GDP,World Bank,2026-10-09
SVN,Slovenia,2018,NV.SRV.TOTL.ZS,56.5036144676369,% of GDP,World Bank,2026-10-09
SVN,Slovenia,2019,NV.SRV.TOTL.ZS,56.5174939998697,% of GDP,World Bank,2026-10-09
SVN,Slovenia,2020,NV.SRV.TOTL.ZS,57.1774558808323,% of GDP,World Bank,2026-10-09
SVN,Slovenia,2021,NV.SRV.TOTL.ZS,57.8590988226047,% of GDP,World Bank,2026-10-09
SVN,Slovenia,2022,NV.SRV.TOTL.ZS,58.1702790663945,% of GDP,World Bank,2026-10-09
SVN,Slovenia,2023,NV.SRV.TOTL.ZS,57.8684736464045,% of GDP,World Bank,2026-10-09
SVN,Slovenia,2024,NV.SRV.TOTL.ZS,57.9394382652417,% of GDP,World Bank,2026-10-09
SVN,Slovenia,2025,NV.SRV.TOTL.ZS,58.6373041107386,% of GDP,World Bank,2026-10-09
SWE,Sweden,2010,NV.SRV.TOTL.ZS,62.9438881558682,% of GDP,World Bank,2026-10-09
SWE,Sweden,2011,NV.SRV.TOTL.ZS,63.3981651455389,% of GDP,World Bank,2026-10-09
SWE,Sweden,2012,NV.SRV.TOTL.ZS,64.301791249552,% of GDP,World Bank,2026-10-09
SWE,Sweden,2013,NV.SRV.TOTL.ZS,65.4244862516873,% of GDP,World Bank,2026-10-09
SWE,Sweden,2014,NV.SRV.TOTL.ZS,65.9159475091998,% of GDP,World Bank,2026-10-09
SWE,Sweden,2015,NV.SRV.TOTL.ZS,65.1985990806762,% of GDP,World Bank,2026-10-09
SWE,Sweden,2016,NV.SRV.TOTL.ZS,65.1614994624159,% of GDP,World Bank,2026-10-09
SWE,Sweden,2017,NV.SRV.TOTL.ZS,64.9520864398133,% of GDP,World Bank,2026-10-09
SWE,Sweden,2018,NV.SRV.TOTL.ZS,64.8986769536089,% of GDP,World Bank,2026-10-09
SWE,Sweden,2019,NV.SRV.TOTL.ZS,65.0399033572829,% of GDP,World Bank,2026-10-09
SWE,Sweden,2020,NV.SRV.TOTL.ZS,65.6476199690595,% of GDP,World Bank,2026-10-09
SWE,Sweden,2021,NV.SRV.TOTL.ZS,64.8989803904197,% of GDP,World Bank,2026-10-09
SWE,Sweden,2022,NV.SRV.TOTL.ZS,63.6853972765011,% of GDP,World Bank,2026-10-09
SWE,Sweden,2023,NV.SRV.TOTL.ZS,65.4646684204795,% of GDP,World Bank,2026-10-09
SWE,Sweden,2024,NV.SRV.TOTL.ZS,66.4793112706122,% of GDP,World Bank,2026-10-09
SWE,Sweden,2025,NV.SRV.TOTL.ZS,67.0276538693302,% of GDP,World Bank,2026-10-09
ALB,Albania,2010,NY.GDP.MKTP.KD.ZG,2.97315442681247,annual %,World Bank,2026-10-09
ALB,Albania,2011,NY.GDP.MKTP.KD.ZG,2.46351683915714,annual %,World Bank,2026-10-09
ALB,Albania,2012,NY.GDP.MKTP.KD.ZG,0.984129880204108,annual %,World Bank,2026-10-09
ALB,Albania,2013,NY.GDP.MKTP.KD.ZG,1.7072283175406,annual %,World Bank,2026-10-09
ALB,Albania,2014,NY.GDP.MKTP.KD.ZG,2.24022695382642,annual %,World Bank,2026-10-09
ALB,Albania,2015,NY.GDP.MKTP.KD.ZG,2.2277040745779,annual %,World Bank,2026-10-09
ALB,Albania,2016,NY.GDP.MKTP.KD.ZG,3.90893551362245,annual %,World Bank,2026-10-09
ALB,Albania,2017,NY.GDP.MKTP.KD.ZG,3.28317593330073,annual %,World Bank,2026-10-09
ALB,Albania,2018,NY.GDP.MKTP.KD.ZG,3.67141928098908,annual %,World Bank,2026-10-09
ALB,Albania,2019,NY.GDP.MKTP.KD.ZG,2.06257790176122,annual %,World Bank,2026-10-09
ALB,Albania,2020,NY.GDP.MKTP.KD.ZG,-3.31375636888916,annual %,World Bank,2026-10-09
ALB,Albania,2021,NY.GDP.MKTP.KD.ZG,8.96957619074095,annual %,World Bank,2026-10-09
ALB,Albania,2022,NY.GDP.MKTP.KD.ZG,4.8268006234359,annual %,World Bank,2026-10-09
ALB,Albania,2023,NY.GDP.MKTP.KD.ZG,4.01541716935742,annual %,World Bank,2026-10-09
ALB,Albania,2024,NY.GDP.MKTP.KD.ZG,4.04592845095348,annual %,World Bank,2026-10-09
ALB,Albania,2025,NY.GDP.MKTP.KD.ZG,3.78893836241024,annual %,World Bank,2026-10-09
AUT,Austria,2010,NY.GDP.MKTP.KD.ZG,1.80898243043663,annual %,World Bank,2026-10-09
AUT,Austria,2011,NY.GDP.MKTP.KD.ZG,2.92746800169145,annual %,World Bank,2026-10-09
AUT,Austria,2012,NY.GDP.MKTP.KD.ZG,0.628246239479637,annual %,World Bank,2026-10-09
AUT,Austria,2013,NY.GDP.MKTP.KD.ZG,-0.250726423318454,annual %,World Bank,2026-10-09
AUT,Austria,2014,NY.GDP.MKTP.KD.ZG,0.755798850316665,annual %,World Bank,2026-10-09
AUT,Austria,2015,NY.GDP.MKTP.KD.ZG,1.30352331826198,annual %,World Bank,2026-10-09
AUT,Austria,2016,NY.GDP.MKTP.KD.ZG,2.11721964494312,annual %,World Bank,2026-10-09
AUT,Austria,2017,NY.GDP.MKTP.KD.ZG,2.27224992038207,annual %,World Bank,2026-10-09
AUT,Austria,2018,NY.GDP.MKTP.KD.ZG,2.48422114080024,annual %,World Bank,2026-10-09
AUT,Austria,2019,NY.GDP.MKTP.KD.ZG,1.75497619649288,annual %,World Bank,2026-10-09
AUT,Austria,2020,NY.GDP.MKTP.KD.ZG,-6.31825509209936,annual %,World Bank,2026-10-09
AUT,Austria,2021,NY.GDP.MKTP.KD.ZG,4.92309171717903,annual %,World Bank,2026-10-09
AUT,Austria,2022,NY.GDP.MKTP.KD.ZG,5.33096379400371,annual %,World Bank,2026-10-09
AUT,Austria,2023,NY.GDP.MKTP.KD.ZG,-0.786244288594673,annual %,World Bank,2026-10-09
AUT,Austria,2024,NY.GDP.MKTP.KD.ZG,-0.659089573171372,annual %,World Bank,2026-10-09
AUT,Austria,2025,NY.GDP.MKTP.KD.ZG,0.615747280959056,annual %,World Bank,2026-10-09
BEL,Belgium,2010,NY.GDP.MKTP.KD.ZG,2.71031150254662,annual %,World Bank,2026-10-09
BEL,Belgium,2011,NY.GDP.MKTP.KD.ZG,1.93115502411325,annual %,World Bank,2026-10-09
BEL,Belgium,2012,NY.GDP.MKTP.KD.ZG,0.215803612089744,annual %,World Bank,2026-10-09
BEL,Belgium,2013,NY.GDP.MKTP.KD.ZG,0.305494549070232,annual %,World Bank,2026-10-09
BEL,Belgium,2014,NY.GDP.MKTP.KD.ZG,1.76554038149924,annual %,World Bank,2026-10-09
BEL,Belgium,2015,NY.GDP.MKTP.KD.ZG,1.47416433731927,annual %,World Bank,2026-10-09
BEL,Belgium,2016,NY.GDP.MKTP.KD.ZG,1.19350273007754,annual %,World Bank,2026-10-09
BEL,Belgium,2017,NY.GDP.MKTP.KD.ZG,1.47446761556785,annual %,World Bank,2026-10-09
BEL,Belgium,2018,NY.GDP.MKTP.KD.ZG,1.87796847383565,annual %,World Bank,2026-10-09
BEL,Belgium,2019,NY.GDP.MKTP.KD.ZG,2.4428900448156,annual %,World Bank,2026-10-09
BEL,Belgium,2020,NY.GDP.MKTP.KD.ZG,-4.7929839083518,annual %,World Bank,2026-10-09
BEL,Belgium,2021,NY.GDP.MKTP.KD.ZG,6.25445686466593,annual %,World Bank,2026-10-09
BEL,Belgium,2022,NY.GDP.MKTP.KD.ZG,4.02460852835887,annual %,World Bank,2026-10-09
BEL,Belgium,2023,NY.GDP.MKTP.KD.ZG,1.56125539542029,annual %,World Bank,2026-10-09
BEL,Belgium,2024,NY.GDP.MKTP.KD.ZG,1.09775383828703,annual %,World Bank,2026-10-09
BEL,Belgium,2025,NY.GDP.MKTP.KD.ZG,0.983117967125935,annual %,World Bank,2026-10-09
BGR,Bulgaria,2010,NY.GDP.MKTP.KD.ZG,1.55536266288017,annual %,World Bank,2026-10-09
BGR,Bulgaria,2011,NY.GDP.MKTP.KD.ZG,2.09017598337418,annual %,World Bank,2026-10-09
BGR,Bulgaria,2012,NY.GDP.MKTP.KD.ZG,0.748814556346105,annual %,World Bank,2026-10-09
BGR,Bulgaria,2013,NY.GDP.MKTP.KD.ZG,-0.542753400392826,annual %,World Bank,2026-10-09
BGR,Bulgaria,2014,NY.GDP.MKTP.KD.ZG,0.949449772002041,annual %,World Bank,2026-10-09
BGR,Bulgaria,2015,NY.GDP.MKTP.KD.ZG,3.39755351999294,annual %,World Bank,2026-10-09
BGR,Bulgaria,2016,NY.GDP.MKTP.KD.ZG,3.02662820096305,annual %,World Bank,2026-10-09
BGR,Bulgaria,2017,NY.GDP.MKTP.KD.ZG,2.74592737750996,annual %,World Bank,2026-10-09
BGR,Bulgaria,2018,NY.GDP.MKTP.KD.ZG,2.33015054210419,annual %,World Bank,2026-10-09
BGR,Bulgaria,2019,NY.GDP.MKTP.KD.ZG,3.79331964589196,annual %,World Bank,2026-10-09
BGR,Bulgaria,2020,NY.GDP.MKTP.KD.ZG,-3.13323543125917,annual %,World Bank,2026-10-09
BGR,Bulgaria,2021,NY.GDP.MKTP.KD.ZG,7.82817310703665,annual %,World Bank,2026-10-09
BGR,Bulgaria,2022,NY.GDP.MKTP.KD.ZG,4.08386398118941,annual %,World Bank,2026-10-09
BGR,Bulgaria,2023,NY.GDP.MKTP.KD.ZG,1.68151075832925,annual %,World Bank,2026-10-09
BGR,Bulgaria,2024,NY.GDP.MKTP.KD.ZG,3.38708962009333,annual %,World Bank,2026-10-09
BGR,Bulgaria,2025,NY.GDP.MKTP.KD.ZG,3.0963663917961,annual %,World Bank,2026-10-09
BIH,Bosnia and Herzegovina,2010,NY.GDP.MKTP.KD.ZG,0.865667236280544,annual %,World Bank,2026-10-09
BIH,Bosnia and Herzegovina,2011,NY.GDP.MKTP.KD.ZG,0.959511709726897,annual %,World Bank,2026-10-09
BIH,Bosnia and Herzegovina,2012,NY.GDP.MKTP.KD.ZG,-0.821837252962993,annual %,World Bank,2026-10-09
BIH,Bosnia and Herzegovina,2013,NY.GDP.MKTP.KD.ZG,2.34985873172397,annual %,World Bank,2026-10-09
BIH,Bosnia and Herzegovina,2014,NY.GDP.MKTP.KD.ZG,1.15384793371298,annual %,World Bank,2026-10-09
BIH,Bosnia and Herzegovina,2015,NY.GDP.MKTP.KD.ZG,4.28413016137854,annual %,World Bank,2026-10-09
BIH,Bosnia and Herzegovina,2016,NY.GDP.MKTP.KD.ZG,3.24225822231566,annual %,World Bank,2026-10-09
BIH,Bosnia and Herzegovina,2017,NY.GDP.MKTP.KD.ZG,3.24409895306594,annual %,World Bank,2026-10-09
BIH,Bosnia and Herzegovina,2018,NY.GDP.MKTP.KD.ZG,3.82900399349064,annual %,World Bank,2026-10-09
BIH,Bosnia and Herzegovina,2019,NY.GDP.MKTP.KD.ZG,2.88585242083978,annual %,World Bank,2026-10-09
BIH,Bosnia and Herzegovina,2020,NY.GDP.MKTP.KD.ZG,-3.01509335460439,annual %,World Bank,2026-10-09
BIH,Bosnia and Herzegovina,2021,NY.GDP.MKTP.KD.ZG,7.39164256472846,annual %,World Bank,2026-10-09
BIH,Bosnia and Herzegovina,2022,NY.GDP.MKTP.KD.ZG,4.22681333390325,annual %,World Bank,2026-10-09
BIH,Bosnia and Herzegovina,2023,NY.GDP.MKTP.KD.ZG,1.99439414850893,annual %,World Bank,2026-10-09
BIH,Bosnia and Herzegovina,2024,NY.GDP.MKTP.KD.ZG,3.22679979810856,annual %,World Bank,2026-10-09
BIH,Bosnia and Herzegovina,2025,NY.GDP.MKTP.KD.ZG,2.12861913138053,annual %,World Bank,2026-10-09
CYP,Cyprus,2010,NY.GDP.MKTP.KD.ZG,2.28267100119788,annual %,World Bank,2026-10-09
CYP,Cyprus,2011,NY.GDP.MKTP.KD.ZG,0.416711868408683,annual %,World Bank,2026-10-09
CYP,Cyprus,2012,NY.GDP.MKTP.KD.ZG,-3.44738151374587,annual %,World Bank,2026-10-09
CYP,Cyprus,2013,NY.GDP.MKTP.KD.ZG,-6.58747751118347,annual %,World Bank,2026-10-09
CYP,Cyprus,2014,NY.GDP.MKTP.KD.ZG,-1.77605867728616,annual %,World Bank,2026-10-09
CYP,Cyprus,2015,NY.GDP.MKTP.KD.ZG,3.41892038889013,annual %,World Bank,2026-10-09
CYP,Cyprus,2016,NY.GDP.MKTP.KD.ZG,6.57359080924678,annual %,World Bank,2026-10-09
CYP,Cyprus,2017,NY.GDP.MKTP.KD.ZG,5.75083236554525,annual %,World Bank,2026-10-09
CYP,Cyprus,2018,NY.GDP.MKTP.KD.ZG,6.27166360056404,annual %,World Bank,2026-10-09
CYP,Cyprus,2019,NY.GDP.MKTP.KD.ZG,5.87559583386607,annual %,World Bank,2026-10-09
CYP,Cyprus,2020,NY.GDP.MKTP.KD.ZG,-3.22063018637567,annual %,World Bank,2026-10-09
CYP,Cyprus,2021,NY.GDP.MKTP.KD.ZG,11.3975590801512,annual %,World Bank,2026-10-09
CYP,Cyprus,2022,NY.GDP.MKTP.KD.ZG,8.73854684881674,annual %,World Bank,2026-10-09
CYP,Cyprus,2023,NY.GDP.MKTP.KD.ZG,3.62045368236082,annual %,World Bank,2026-10-09
CYP,Cyprus,2024,NY.GDP.MKTP.KD.ZG,3.94076934447787,annual %,World Bank,2026-10-09
CYP,Cyprus,2025,NY.GDP.MKTP.KD.ZG,3.77325347982725,annual %,World Bank,2026-10-09
CZE,Czechia,2010,NY.GDP.MKTP.KD.ZG,2.71466509907701,annual %,World Bank,2026-10-09
CZE,Czechia,2011,NY.GDP.MKTP.KD.ZG,1.77238085338473,annual %,World Bank,2026-10-09
CZE,Czechia,2012,NY.GDP.MKTP.KD.ZG,-0.770668190622743,annual %,World Bank,2026-10-09
CZE,Czechia,2013,NY.GDP.MKTP.KD.ZG,-0.0418124160447491,annual %,World Bank,2026-10-09
CZE,Czechia,2014,NY.GDP.MKTP.KD.ZG,2.24521219862635,annual %,World Bank,2026-10-09
CZE,Czechia,2015,NY.GDP.MKTP.KD.ZG,4.95875848915604,annual %,World Bank,2026-10-09
CZE,Czechia,2016,NY.GDP.MKTP.KD.ZG,2.58087013921376,annual %,World Bank,2026-10-09
CZE,Czechia,2017,NY.GDP.MKTP.KD.ZG,5.17356529967881,annual %,World Bank,2026-10-09
CZE,Czechia,2018,NY.GDP.MKTP.KD.ZG,2.83030588267866,annual %,World Bank,2026-10-09
CZE,Czechia,2019,NY.GDP.MKTP.KD.ZG,3.56577658128261,annual %,World Bank,2026-10-09
CZE,Czechia,2020,NY.GDP.MKTP.KD.ZG,-5.30487955463876,annual %,World Bank,2026-10-09
CZE,Czechia,2021,NY.GDP.MKTP.KD.ZG,4.02901832055149,annual %,World Bank,2026-10-09
CZE,Czechia,2022,NY.GDP.MKTP.KD.ZG,2.8471706583814,annual %,World Bank,2026-10-09
CZE,Czechia,2023,NY.GDP.MKTP.KD.ZG,0.0475803308973752,annual %,World Bank,2026-10-09
CZE,Czechia,2024,NY.GDP.MKTP.KD.ZG,1.25131096245923,annual %,World Bank,2026-10-09
CZE,Czechia,2025,NY.GDP.MKTP.KD.ZG,2.58046673293437,annual %,World Bank,2026-10-09
DEU,Germany,2010,NY.GDP.MKTP.KD.ZG,4.13463778522758,annual %,World Bank,2026-10-09
DEU,Germany,2011,NY.GDP.MKTP.KD.ZG,3.75796884489337,annual %,World Bank,2026-10-09
DEU,Germany,2012,NY.GDP.MKTP.KD.ZG,0.463512036709204,annual %,World Bank,2026-10-09
DEU,Germany,2013,NY.GDP.MKTP.KD.ZG,0.396995583779145,annual %,World Bank,2026-10-09
DEU,Germany,2014,NY.GDP.MKTP.KD.ZG,2.18018602168017,annual %,World Bank,2026-10-09
DEU,Germany,2015,NY.GDP.MKTP.KD.ZG,1.66300602334775,annual %,World Bank,2026-10-09
DEU,Germany,2016,NY.GDP.MKTP.KD.ZG,2.22222216259371,annual %,World Bank,2026-10-09
DEU,Germany,2017,NY.GDP.MKTP.KD.ZG,2.797906720551,annual %,World Bank,2026-10-09
DEU,Germany,2018,NY.GDP.MKTP.KD.ZG,1.13569604599849,annual %,World Bank,2026-10-09
DEU,Germany,2019,NY.GDP.MKTP.KD.ZG,0.977734697038784,annual %,World Bank,2026-10-09
DEU,Germany,2020,NY.GDP.MKTP.KD.ZG,-4.13191443239947,annual %,World Bank,2026-10-09
DEU,Germany,2021,NY.GDP.MKTP.KD.ZG,3.90999994204108,annual %,World Bank,2026-10-09
DEU,Germany,2022,NY.GDP.MKTP.KD.ZG,1.8092581243061,annual %,World Bank,2026-10-09
DEU,Germany,2023,NY.GDP.MKTP.KD.ZG,-0.869647578573321,annual %,World Bank,2026-10-09
DEU,Germany,2024,NY.GDP.MKTP.KD.ZG,-0.495851897260366,annual %,World Bank,2026-10-09
DEU,Germany,2025,NY.GDP.MKTP.KD.ZG,0.239578342117881,annual %,World Bank,2026-10-09
DNK,Denmark,2010,NY.GDP.MKTP.KD.ZG,1.58289703108802,annual %,World Bank,2026-10-09
DNK,Denmark,2011,NY.GDP.MKTP.KD.ZG,1.3108037609606,annual %,World Bank,2026-10-09
DNK,Denmark,2012,NY.GDP.MKTP.KD.ZG,-0.00543230161670749,annual %,World Bank,2026-10-09
DNK,Denmark,2013,NY.GDP.MKTP.KD.ZG,1.39267343161971,annual %,World Bank,2026-10-09
DNK,Denmark,2014,NY.GDP.MKTP.KD.ZG,1.27799983192831,annual %,World Bank,2026-10-09
DNK,Denmark,2015,NY.GDP.MKTP.KD.ZG,2.10441456445301,annual %,World Bank,2026-10-09
DNK,Denmark,2016,NY.GDP.MKTP.KD.ZG,3.07304549209093,annual %,World Bank,2026-10-09
DNK,Denmark,2017,NY.GDP.MKTP.KD.ZG,3.05647723922718,annual %,World Bank,2026-10-09
DNK,Denmark,2018,NY.GDP.MKTP.KD.ZG,1.8600074900921,annual %,World Bank,2026-10-09
DNK,Denmark,2019,NY.GDP.MKTP.KD.ZG,1.71140093932736,annual %,World Bank,2026-10-09
DNK,Denmark,2020,NY.GDP.MKTP.KD.ZG,-1.78010601831291,annual %,World Bank,2026-10-09
DNK,Denmark,2021,NY.GDP.MKTP.KD.ZG,6.50025445756295,annual %,World Bank,2026-10-09
DNK,Denmark,2022,NY.GDP.MKTP.KD.ZG,0.443832614908331,annual %,World Bank,2026-10-09
DNK,Denmark,2023,NY.GDP.MKTP.KD.ZG,0.604587766175584,annual %,World Bank,2026-10-09
DNK,Denmark,2024,NY.GDP.MKTP.KD.ZG,3.47783593140312,annual %,World Bank,2026-10-09
DNK,Denmark,2025,NY.GDP.MKTP.KD.ZG,2.92843280014236,annual %,World Bank,2026-10-09
ESP,Spain,2010,NY.GDP.MKTP.KD.ZG,0.0941223116369514,annual %,World Bank,2026-10-09
ESP,Spain,2011,NY.GDP.MKTP.KD.ZG,-0.639920636520344,annual %,World Bank,2026-10-09
ESP,Spain,2012,NY.GDP.MKTP.KD.ZG,-2.86511368637748,annual %,World Bank,2026-10-09
ESP,Spain,2013,NY.GDP.MKTP.KD.ZG,-1.42732224757626,annual %,World Bank,2026-10-09
ESP,Spain,2014,NY.GDP.MKTP.KD.ZG,1.52048593647231,annual %,World Bank,2026-10-09
ESP,Spain,2015,NY.GDP.MKTP.KD.ZG,4.06086672473866,annual %,World Bank,2026-10-09
ESP,Spain,2016,NY.GDP.MKTP.KD.ZG,2.91515598595787,annual %,World Bank,2026-10-09
ESP,Spain,2017,NY.GDP.MKTP.KD.ZG,2.89604207865007,annual %,World Bank,2026-10-09
ESP,Spain,2018,NY.GDP.MKTP.KD.ZG,2.39541124478878,annual %,World Bank,2026-10-09
ESP,Spain,2019,NY.GDP.MKTP.KD.ZG,1.96117850841711,annual %,World Bank,2026-10-09
ESP,Spain,2020,NY.GDP.MKTP.KD.ZG,-10.9400706350371,annual %,World Bank,2026-10-09
ESP,Spain,2021,NY.GDP.MKTP.KD.ZG,6.68314420473001,annual %,World Bank,2026-10-09
ESP,Spain,2022,NY.GDP.MKTP.KD.ZG,6.37031712129601,annual %,World Bank,2026-10-09
ESP,Spain,2023,NY.GDP.MKTP.KD.ZG,2.46085796805582,annual %,World Bank,2026-10-09
ESP,Spain,2024,NY.GDP.MKTP.KD.ZG,3.45525405630191,annual %,World Bank,2026-10-09
ESP,Spain,2025,NY.GDP.MKTP.KD.ZG,2.82495400578509,annual %,World Bank,2026-10-09
EST,Estonia,2010,NY.GDP.MKTP.KD.ZG,2.4497502063999,annual %,World Bank,2026-10-09
EST,Estonia,2011,NY.GDP.MKTP.KD.ZG,7.60697458913162,annual %,World Bank,2026-10-09
EST,Estonia,2012,NY.GDP.MKTP.KD.ZG,3.67201872506541,annual %,World Bank,2026-10-09
EST,Estonia,2013,NY.GDP.MKTP.KD.ZG,1.75649379621869,annual %,World Bank,2026-10-09
EST,Estonia,2014,NY.GDP.MKTP.KD.ZG,3.32278988182702,annual %,World Bank,2026-10-09
EST,Estonia,2015,NY.GDP.MKTP.KD.ZG,1.83815262882932,annual %,World Bank,2026-10-09
EST,Estonia,2016,NY.GDP.MKTP.KD.ZG,3.09301920751959,annual %,World Bank,2026-10-09
EST,Estonia,2017,NY.GDP.MKTP.KD.ZG,5.63467248963991,annual %,World Bank,2026-10-09
EST,Estonia,2018,NY.GDP.MKTP.KD.ZG,3.69969756161726,annual %,World Bank,2026-10-09
EST,Estonia,2019,NY.GDP.MKTP.KD.ZG,3.72664943466884,annual %,World Bank,2026-10-09
EST,Estonia,2020,NY.GDP.MKTP.KD.ZG,-2.88380751483778,annual %,World Bank,2026-10-09
EST,Estonia,2021,NY.GDP.MKTP.KD.ZG,8.25488044580031,annual %,World Bank,2026-10-09
EST,Estonia,2022,NY.GDP.MKTP.KD.ZG,-1.22616966587796,annual %,World Bank,2026-10-09
EST,Estonia,2023,NY.GDP.MKTP.KD.ZG,-2.74421914571231,annual %,World Bank,2026-10-09
EST,Estonia,2024,NY.GDP.MKTP.KD.ZG,-0.0900428648493801,annual %,World Bank,2026-10-09
EST,Estonia,2025,NY.GDP.MKTP.KD.ZG,0.584308464789387,annual %,World Bank,2026-10-09
EUU,European Union (aggregate),2010,NY.GDP.MKTP.KD.ZG,2.1818021924601,annual %,World Bank,2026-10-09
EUU,European Union (aggregate),2011,NY.GDP.MKTP.KD.ZG,1.96059583488466,annual %,World Bank,2026-10-09
EUU,European Union (aggregate),2012,NY.GDP.MKTP.KD.ZG,-0.764412939041037,annual %,World Bank,2026-10-09
EUU,European Union (aggregate),2013,NY.GDP.MKTP.KD.ZG,-0.0330372559639187,annual %,World Bank,2026-10-09
EUU,European Union (aggregate),2014,NY.GDP.MKTP.KD.ZG,1.63271198328248,annual %,World Bank,2026-10-09
EUU,European Union (aggregate),2015,NY.GDP.MKTP.KD.ZG,2.37195113797821,annual %,World Bank,2026-10-09
EUU,European Union (aggregate),2016,NY.GDP.MKTP.KD.ZG,1.91997902907598,annual %,World Bank,2026-10-09
EUU,European Union (aggregate),2017,NY.GDP.MKTP.KD.ZG,2.81810835521954,annual %,World Bank,2026-10-09
EUU,European Union (aggregate),2018,NY.GDP.MKTP.KD.ZG,2.04641967934145,annual %,World Bank,2026-10-09
EUU,European Union (aggregate),2019,NY.GDP.MKTP.KD.ZG,1.87525498889181,annual %,World Bank,2026-10-09
EUU,European Union (aggregate),2020,NY.GDP.MKTP.KD.ZG,-5.57888122067428,annual %,World Bank,2026-10-09
EUU,European Union (aggregate),2021,NY.GDP.MKTP.KD.ZG,6.37773717070797,annual %,World Bank,2026-10-09
EUU,European Union (aggregate),2022,NY.GDP.MKTP.KD.ZG,3.56455510630462,annual %,World Bank,2026-10-09
EUU,European Union (aggregate),2023,NY.GDP.MKTP.KD.ZG,0.4380089249495,annual %,World Bank,2026-10-09
EUU,European Union (aggregate),2024,NY.GDP.MKTP.KD.ZG,1.08657885620458,annual %,World Bank,2026-10-09
EUU,European Union (aggregate),2025,NY.GDP.MKTP.KD.ZG,1.53795434836212,annual %,World Bank,2026-10-09
FIN,Finland,2010,NY.GDP.MKTP.KD.ZG,3.1682879121621,annual %,World Bank,2026-10-09
FIN,Finland,2011,NY.GDP.MKTP.KD.ZG,2.39039455396828,annual %,World Bank,2026-10-09
FIN,Finland,2012,NY.GDP.MKTP.KD.ZG,-1.52284013040689,annual %,World Bank,2026-10-09
FIN,Finland,2013,NY.GDP.MKTP.KD.ZG,-0.979741024949618,annual %,World Bank,2026-10-09
FIN,Finland,2014,NY.GDP.MKTP.KD.ZG,-0.4780684247837,annual %,World Bank,2026-10-09
FIN,Finland,2015,NY.GDP.MKTP.KD.ZG,0.466503766322674,annual %,World Bank,2026-10-09
FIN,Finland,2016,NY.GDP.MKTP.KD.ZG,2.57193414898754,annual %,World Bank,2026-10-09
FIN,Finland,2017,NY.GDP.MKTP.KD.ZG,3.30337003591039,annual %,World Bank,2026-10-09
FIN,Finland,2018,NY.GDP.MKTP.KD.ZG,1.19297759742292,annual %,World Bank,2026-10-09
FIN,Finland,2019,NY.GDP.MKTP.KD.ZG,1.34973845741737,annual %,World Bank,2026-10-09
FIN,Finland,2020,NY.GDP.MKTP.KD.ZG,-2.49103605535707,annual %,World Bank,2026-10-09
FIN,Finland,2021,NY.GDP.MKTP.KD.ZG,2.67634641498897,annual %,World Bank,2026-10-09
FIN,Finland,2022,NY.GDP.MKTP.KD.ZG,0.763041912763526,annual %,World Bank,2026-10-09
FIN,Finland,2023,NY.GDP.MKTP.KD.ZG,-1.28973484453397,annual %,World Bank,2026-10-09
FIN,Finland,2024,NY.GDP.MKTP.KD.ZG,0.374566568538427,annual %,World Bank,2026-10-09
FIN,Finland,2025,NY.GDP.MKTP.KD.ZG,0.173444509584499,annual %,World Bank,2026-10-09
FRA,France,2010,NY.GDP.MKTP.KD.ZG,2.00032476039051,annual %,World Bank,2026-10-09
FRA,France,2011,NY.GDP.MKTP.KD.ZG,2.43757653729007,annual %,World Bank,2026-10-09
FRA,France,2012,NY.GDP.MKTP.KD.ZG,0.183835264973013,annual %,World Bank,2026-10-09
FRA,France,2013,NY.GDP.MKTP.KD.ZG,0.781756446231,annual %,World Bank,2026-10-09
FRA,France,2014,NY.GDP.MKTP.KD.ZG,0.997832947295251,annual %,World Bank,2026-10-09
FRA,France,2015,NY.GDP.MKTP.KD.ZG,1.06675474783462,annual %,World Bank,2026-10-09
FRA,France,2016,NY.GDP.MKTP.KD.ZG,0.860031075424033,annual %,World Bank,2026-10-09
FRA,France,2017,NY.GDP.MKTP.KD.ZG,2.08361485997399,annual %,World Bank,2026-10-09
FRA,France,2018,NY.GDP.MKTP.KD.ZG,1.64590872395887,annual %,World Bank,2026-10-09
FRA,France,2019,NY.GDP.MKTP.KD.ZG,2.02744646419237,annual %,World Bank,2026-10-09
FRA,France,2020,NY.GDP.MKTP.KD.ZG,-7.44064589948231,annual %,World Bank,2026-10-09
FRA,France,2021,NY.GDP.MKTP.KD.ZG,6.88233783360239,annual %,World Bank,2026-10-09
FRA,France,2022,NY.GDP.MKTP.KD.ZG,2.71676264185913,annual %,World Bank,2026-10-09
FRA,France,2023,NY.GDP.MKTP.KD.ZG,1.43921494437743,annual %,World Bank,2026-10-09
FRA,France,2024,NY.GDP.MKTP.KD.ZG,1.19046798275883,annual %,World Bank,2026-10-09
FRA,France,2025,NY.GDP.MKTP.KD.ZG,0.840949955479587,annual %,World Bank,2026-10-09
GRC,Greece,2010,NY.GDP.MKTP.KD.ZG,-5.6937412158003,annual %,World Bank,2026-10-09
GRC,Greece,2011,NY.GDP.MKTP.KD.ZG,-9.87677875300243,annual %,World Bank,2026-10-09
GRC,Greece,2012,NY.GDP.MKTP.KD.ZG,-8.33113421099992,annual %,World Bank,2026-10-09
GRC,Greece,2013,NY.GDP.MKTP.KD.ZG,-2.27211699888024,annual %,World Bank,2026-10-09
GRC,Greece,2014,NY.GDP.MKTP.KD.ZG,0.792225060962835,annual %,World Bank,2026-10-09
GRC,Greece,2015,NY.GDP.MKTP.KD.ZG,-0.228301892172851,annual %,World Bank,2026-10-09
GRC,Greece,2016,NY.GDP.MKTP.KD.ZG,-0.0317947678412054,annual %,World Bank,2026-10-09
GRC,Greece,2017,NY.GDP.MKTP.KD.ZG,1.47312472702352,annual %,World Bank,2026-10-09
GRC,Greece,2018,NY.GDP.MKTP.KD.ZG,2.06467207892409,annual %,World Bank,2026-10-09
GRC,Greece,2019,NY.GDP.MKTP.KD.ZG,2.27718065334808,annual %,World Bank,2026-10-09
GRC,Greece,2020,NY.GDP.MKTP.KD.ZG,-9.19623149726978,annual %,World Bank,2026-10-09
GRC,Greece,2021,NY.GDP.MKTP.KD.ZG,8.65449786002131,annual %,World Bank,2026-10-09
GRC,Greece,2022,NY.GDP.MKTP.KD.ZG,5.52198580589408,annual %,World Bank,2026-10-09
GRC,Greece,2023,NY.GDP.MKTP.KD.ZG,2.13591131996631,annual %,World Bank,2026-10-09
GRC,Greece,2024,NY.GDP.MKTP.KD.ZG,2.0865743380603,annual %,World Bank,2026-10-09
GRC,Greece,2025,NY.GDP.MKTP.KD.ZG,2.07306882481713,annual %,World Bank,2026-10-09
HRV,Croatia,2010,NY.GDP.MKTP.KD.ZG,-1.33616285467264,annual %,World Bank,2026-10-09
HRV,Croatia,2011,NY.GDP.MKTP.KD.ZG,-0.111527124990047,annual %,World Bank,2026-10-09
HRV,Croatia,2012,NY.GDP.MKTP.KD.ZG,-2.23702049605232,annual %,World Bank,2026-10-09
HRV,Croatia,2013,NY.GDP.MKTP.KD.ZG,-0.132561080066893,annual %,World Bank,2026-10-09
HRV,Croatia,2014,NY.GDP.MKTP.KD.ZG,-0.559537666687092,annual %,World Bank,2026-10-09
HRV,Croatia,2015,NY.GDP.MKTP.KD.ZG,2.32056679330526,annual %,World Bank,2026-10-09
HRV,Croatia,2016,NY.GDP.MKTP.KD.ZG,3.46613146011039,annual %,World Bank,2026-10-09
HRV,Croatia,2017,NY.GDP.MKTP.KD.ZG,3.2840626939789,annual %,World Bank,2026-10-09
HRV,Croatia,2018,NY.GDP.MKTP.KD.ZG,2.91107146210912,annual %,World Bank,2026-10-09
HRV,Croatia,2019,NY.GDP.MKTP.KD.ZG,3.10247285336254,annual %,World Bank,2026-10-09
HRV,Croatia,2020,NY.GDP.MKTP.KD.ZG,-8.31046995309319,annual %,World Bank,2026-10-09
HRV,Croatia,2021,NY.GDP.MKTP.KD.ZG,12.6312741312741,annual %,World Bank,2026-10-09
HRV,Croatia,2022,NY.GDP.MKTP.KD.ZG,7.29479114889533,annual %,World Bank,2026-10-09
HRV,Croatia,2023,NY.GDP.MKTP.KD.ZG,3.76204092717136,annual %,World Bank,2026-10-09
HRV,Croatia,2024,NY.GDP.MKTP.KD.ZG,3.82578440126859,annual %,World Bank,2026-10-09
HRV,Croatia,2025,NY.GDP.MKTP.KD.ZG,3.40307537181749,annual %,World Bank,2026-10-09
HUN,Hungary,2010,NY.GDP.MKTP.KD.ZG,1.06795068152046,annual %,World Bank,2026-10-09
HUN,Hungary,2011,NY.GDP.MKTP.KD.ZG,1.91670916599742,annual %,World Bank,2026-10-09
HUN,Hungary,2012,NY.GDP.MKTP.KD.ZG,-1.33948446518181,annual %,World Bank,2026-10-09
HUN,Hungary,2013,NY.GDP.MKTP.KD.ZG,2.03216990678146,annual %,World Bank,2026-10-09
HUN,Hungary,2014,NY.GDP.MKTP.KD.ZG,4.33435364113967,annual %,World Bank,2026-10-09
HUN,Hungary,2015,NY.GDP.MKTP.KD.ZG,3.65981615406955,annual %,World Bank,2026-10-09
HUN,Hungary,2016,NY.GDP.MKTP.KD.ZG,2.43864141309342,annual %,World Bank,2026-10-09
HUN,Hungary,2017,NY.GDP.MKTP.KD.ZG,4.12418389451805,annual %,World Bank,2026-10-09
HUN,Hungary,2018,NY.GDP.MKTP.KD.ZG,5.60613813768876,annual %,World Bank,2026-10-09
HUN,Hungary,2019,NY.GDP.MKTP.KD.ZG,5.07718495088933,annual %,World Bank,2026-10-09
HUN,Hungary,2020,NY.GDP.MKTP.KD.ZG,-4.33872540024058,annual %,World Bank,2026-10-09
HUN,Hungary,2021,NY.GDP.MKTP.KD.ZG,7.22291580811137,annual %,World Bank,2026-10-09
HUN,Hungary,2022,NY.GDP.MKTP.KD.ZG,4.15238057779229,annual %,World Bank,2026-10-09
HUN,Hungary,2023,NY.GDP.MKTP.KD.ZG,-0.817107370513455,annual %,World Bank,2026-10-09
HUN,Hungary,2024,NY.GDP.MKTP.KD.ZG,0.709070599066038,annual %,World Bank,2026-10-09
HUN,Hungary,2025,NY.GDP.MKTP.KD.ZG,0.509542309726868,annual %,World Bank,2026-10-09
IRL,Ireland,2010,NY.GDP.MKTP.KD.ZG,1.68297175486512,annual %,World Bank,2026-10-09
IRL,Ireland,2011,NY.GDP.MKTP.KD.ZG,1.60886648916944,annual %,World Bank,2026-10-09
IRL,Ireland,2012,NY.GDP.MKTP.KD.ZG,-0.40502941658977,annual %,World Bank,2026-10-09
IRL,Ireland,2013,NY.GDP.MKTP.KD.ZG,2.1929375750029,annual %,World Bank,2026-10-09
IRL,Ireland,2014,NY.GDP.MKTP.KD.ZG,9.38579335130922,annual %,World Bank,2026-10-09
IRL,Ireland,2015,NY.GDP.MKTP.KD.ZG,24.6239856364006,annual %,World Bank,2026-10-09
IRL,Ireland,2016,NY.GDP.MKTP.KD.ZG,1.22271661130947,annual %,World Bank,2026-10-09
IRL,Ireland,2017,NY.GDP.MKTP.KD.ZG,10.1088576065965,annual %,World Bank,2026-10-09
IRL,Ireland,2018,NY.GDP.MKTP.KD.ZG,7.68865937437435,annual %,World Bank,2026-10-09
IRL,Ireland,2019,NY.GDP.MKTP.KD.ZG,4.97288003766816,annual %,World Bank,2026-10-09
IRL,Ireland,2020,NY.GDP.MKTP.KD.ZG,7.15369505735335,annual %,World Bank,2026-10-09
IRL,Ireland,2021,NY.GDP.MKTP.KD.ZG,16.2581881158197,annual %,World Bank,2026-10-09
IRL,Ireland,2022,NY.GDP.MKTP.KD.ZG,7.51113888415304,annual %,World Bank,2026-10-09
IRL,Ireland,2023,NY.GDP.MKTP.KD.ZG,-2.53637409313261,annual %,World Bank,2026-10-09
IRL,Ireland,2024,NY.GDP.MKTP.KD.ZG,2.59946721553708,annual %,World Bank,2026-10-09
IRL,Ireland,2025,NY.GDP.MKTP.KD.ZG,12.3375990291434,annual %,World Bank,2026-10-09
ITA,Italy,2010,NY.GDP.MKTP.KD.ZG,1.52910573247101,annual %,World Bank,2026-10-09
ITA,Italy,2011,NY.GDP.MKTP.KD.ZG,0.695463154440176,annual %,World Bank,2026-10-09
ITA,Italy,2012,NY.GDP.MKTP.KD.ZG,-3.12523877282996,annual %,World Bank,2026-10-09
ITA,Italy,2013,NY.GDP.MKTP.KD.ZG,-1.81802510749792,annual %,World Bank,2026-10-09
ITA,Italy,2014,NY.GDP.MKTP.KD.ZG,-0.00138761730454462,annual %,World Bank,2026-10-09
ITA,Italy,2015,NY.GDP.MKTP.KD.ZG,0.885667635240807,annual %,World Bank,2026-10-09
ITA,Italy,2016,NY.GDP.MKTP.KD.ZG,1.23622108511661,annual %,World Bank,2026-10-09
ITA,Italy,2017,NY.GDP.MKTP.KD.ZG,1.60369995294101,annual %,World Bank,2026-10-09
ITA,Italy,2018,NY.GDP.MKTP.KD.ZG,0.826646712344115,annual %,World Bank,2026-10-09
ITA,Italy,2019,NY.GDP.MKTP.KD.ZG,0.429162533780342,annual %,World Bank,2026-10-09
ITA,Italy,2020,NY.GDP.MKTP.KD.ZG,-8.86822122185345,annual %,World Bank,2026-10-09
ITA,Italy,2021,NY.GDP.MKTP.KD.ZG,8.93106210800055,annual %,World Bank,2026-10-09
ITA,Italy,2022,NY.GDP.MKTP.KD.ZG,4.82117669913565,annual %,World Bank,2026-10-09
ITA,Italy,2023,NY.GDP.MKTP.KD.ZG,0.922796543670316,annual %,World Bank,2026-10-09
ITA,Italy,2024,NY.GDP.MKTP.KD.ZG,0.783039135276795,annual %,World Bank,2026-10-09
ITA,Italy,2025,NY.GDP.MKTP.KD.ZG,0.539583636778445,annual %,World Bank,2026-10-09
LTU,Lithuania,2010,NY.GDP.MKTP.KD.ZG,0.427199566550769,annual %,World Bank,2026-10-09
LTU,Lithuania,2011,NY.GDP.MKTP.KD.ZG,6.32363664821298,annual %,World Bank,2026-10-09
LTU,Lithuania,2012,NY.GDP.MKTP.KD.ZG,4.38290584355157,annual %,World Bank,2026-10-09
LTU,Lithuania,2013,NY.GDP.MKTP.KD.ZG,4.04691318575325,annual %,World Bank,2026-10-09
LTU,Lithuania,2014,NY.GDP.MKTP.KD.ZG,3.7725437958099,annual %,World Bank,2026-10-09
LTU,Lithuania,2015,NY.GDP.MKTP.KD.ZG,2.83280643343234,annual %,World Bank,2026-10-09
LTU,Lithuania,2016,NY.GDP.MKTP.KD.ZG,2.67192215053329,annual %,World Bank,2026-10-09
LTU,Lithuania,2017,NY.GDP.MKTP.KD.ZG,4.61224310312809,annual %,World Bank,2026-10-09
LTU,Lithuania,2018,NY.GDP.MKTP.KD.ZG,4.91836780106811,annual %,World Bank,2026-10-09
LTU,Lithuania,2019,NY.GDP.MKTP.KD.ZG,4.67735183530451,annual %,World Bank,2026-10-09
LTU,Lithuania,2020,NY.GDP.MKTP.KD.ZG,0.0428158336981426,annual %,World Bank,2026-10-09
LTU,Lithuania,2021,NY.GDP.MKTP.KD.ZG,6.39481772930206,annual %,World Bank,2026-10-09
LTU,Lithuania,2022,NY.GDP.MKTP.KD.ZG,2.46532013155011,annual %,World Bank,2026-10-09
LTU,Lithuania,2023,NY.GDP.MKTP.KD.ZG,0.739537398185803,annual %,World Bank,2026-10-09
LTU,Lithuania,2024,NY.GDP.MKTP.KD.ZG,3.03019543767596,annual %,World Bank,2026-10-09
LTU,Lithuania,2025,NY.GDP.MKTP.KD.ZG,2.92007656461696,annual %,World Bank,2026-10-09
LUX,Luxembourg,2010,NY.GDP.MKTP.KD.ZG,3.76040578658925,annual %,World Bank,2026-10-09
LUX,Luxembourg,2011,NY.GDP.MKTP.KD.ZG,1.0442860057217,annual %,World Bank,2026-10-09
LUX,Luxembourg,2012,NY.GDP.MKTP.KD.ZG,1.64971134354685,annual %,World Bank,2026-10-09
LUX,Luxembourg,2013,NY.GDP.MKTP.KD.ZG,3.17168513780955,annual %,World Bank,2026-10-09
LUX,Luxembourg,2014,NY.GDP.MKTP.KD.ZG,2.62308838097542,annual %,World Bank,2026-10-09
LUX,Luxembourg,2015,NY.GDP.MKTP.KD.ZG,2.26836572735107,annual %,World Bank,2026-10-09
LUX,Luxembourg,2016,NY.GDP.MKTP.KD.ZG,4.97819047122638,annual %,World Bank,2026-10-09
LUX,Luxembourg,2017,NY.GDP.MKTP.KD.ZG,1.31711942298405,annual %,World Bank,2026-10-09
LUX,Luxembourg,2018,NY.GDP.MKTP.KD.ZG,1.61129891211624,annual %,World Bank,2026-10-09
LUX,Luxembourg,2019,NY.GDP.MKTP.KD.ZG,2.74932091920692,annual %,World Bank,2026-10-09
LUX,Luxembourg,2020,NY.GDP.MKTP.KD.ZG,-0.510051634039826,annual %,World Bank,2026-10-09
LUX,Luxembourg,2021,NY.GDP.MKTP.KD.ZG,6.92973270801744,annual %,World Bank,2026-10-09
LUX,Luxembourg,2022,NY.GDP.MKTP.KD.ZG,-1.09741256293819,annual %,World Bank,2026-10-09
LUX,Luxembourg,2023,NY.GDP.MKTP.KD.ZG,0.0994370594039111,annual %,World Bank,2026-10-09
LUX,Luxembourg,2024,NY.GDP.MKTP.KD.ZG,0.358614003982225,annual %,World Bank,2026-10-09
LUX,Luxembourg,2025,NY.GDP.MKTP.KD.ZG,0.63787818818335,annual %,World Bank,2026-10-09
LVA,Latvia,2010,NY.GDP.MKTP.KD.ZG,-3.66125859554762,annual %,World Bank,2026-10-09
LVA,Latvia,2011,NY.GDP.MKTP.KD.ZG,3.03634482668815,annual %,World Bank,2026-10-09
LVA,Latvia,2012,NY.GDP.MKTP.KD.ZG,7.30524057200897,annual %,World Bank,2026-10-09
LVA,Latvia,2013,NY.GDP.MKTP.KD.ZG,2.09609028156248,annual %,World Bank,2026-10-09
LVA,Latvia,2014,NY.GDP.MKTP.KD.ZG,2.0949597710559,annual %,World Bank,2026-10-09
LVA,Latvia,2015,NY.GDP.MKTP.KD.ZG,3.78336712084972,annual %,World Bank,2026-10-09
LVA,Latvia,2016,NY.GDP.MKTP.KD.ZG,2.55168601974034,annual %,World Bank,2026-10-09
LVA,Latvia,2017,NY.GDP.MKTP.KD.ZG,3.39894872623931,annual %,World Bank,2026-10-09
LVA,Latvia,2018,NY.GDP.MKTP.KD.ZG,4.30971286294503,annual %,World Bank,2026-10-09
LVA,Latvia,2019,NY.GDP.MKTP.KD.ZG,0.675372771884227,annual %,World Bank,2026-10-09
LVA,Latvia,2020,NY.GDP.MKTP.KD.ZG,-3.46922750780554,annual %,World Bank,2026-10-09
LVA,Latvia,2021,NY.GDP.MKTP.KD.ZG,6.94254173062592,annual %,World Bank,2026-10-09
LVA,Latvia,2022,NY.GDP.MKTP.KD.ZG,1.90853419029801,annual %,World Bank,2026-10-09
LVA,Latvia,2023,NY.GDP.MKTP.KD.ZG,-0.941606068823631,annual %,World Bank,2026-10-09
LVA,Latvia,2024,NY.GDP.MKTP.KD.ZG,-0.0370556648288982,annual %,World Bank,2026-10-09
LVA,Latvia,2025,NY.GDP.MKTP.KD.ZG,2.13786855731288,annual %,World Bank,2026-10-09
MKD,North Macedonia,2010,NY.GDP.MKTP.KD.ZG,3.35875085773812,annual %,World Bank,2026-10-09
MKD,North Macedonia,2011,NY.GDP.MKTP.KD.ZG,2.33988604520331,annual %,World Bank,2026-10-09
MKD,North Macedonia,2012,NY.GDP.MKTP.KD.ZG,-0.456183223607937,annual %,World Bank,2026-10-09
MKD,North Macedonia,2013,NY.GDP.MKTP.KD.ZG,2.92525766450484,annual %,World Bank,2026-10-09
MKD,North Macedonia,2014,NY.GDP.MKTP.KD.ZG,3.62912351276373,annual %,World Bank,2026-10-09
MKD,North Macedonia,2015,NY.GDP.MKTP.KD.ZG,3.85586514041738,annual %,World Bank,2026-10-09
MKD,North Macedonia,2016,NY.GDP.MKTP.KD.ZG,2.84820519363306,annual %,World Bank,2026-10-09
MKD,North Macedonia,2017,NY.GDP.MKTP.KD.ZG,1.08177273813243,annual %,World Bank,2026-10-09
MKD,North Macedonia,2018,NY.GDP.MKTP.KD.ZG,2.88059670964267,annual %,World Bank,2026-10-09
MKD,North Macedonia,2019,NY.GDP.MKTP.KD.ZG,3.91041953840173,annual %,World Bank,2026-10-09
MKD,North Macedonia,2020,NY.GDP.MKTP.KD.ZG,-4.68845000956652,annual %,World Bank,2026-10-09
MKD,North Macedonia,2021,NY.GDP.MKTP.KD.ZG,4.51067949038222,annual %,World Bank,2026-10-09
MKD,North Macedonia,2022,NY.GDP.MKTP.KD.ZG,2.75888415332967,annual %,World Bank,2026-10-09
MKD,North Macedonia,2023,NY.GDP.MKTP.KD.ZG,2.554965253403,annual %,World Bank,2026-10-09
MKD,North Macedonia,2024,NY.GDP.MKTP.KD.ZG,2.99373536567732,annual %,World Bank,2026-10-09
MKD,North Macedonia,2025,NY.GDP.MKTP.KD.ZG,3.48706619829503,annual %,World Bank,2026-10-09
MLT,Malta,2010,NY.GDP.MKTP.KD.ZG,6.19734978656928,annual %,World Bank,2026-10-09
MLT,Malta,2011,NY.GDP.MKTP.KD.ZG,0.992201768011597,annual %,World Bank,2026-10-09
MLT,Malta,2012,NY.GDP.MKTP.KD.ZG,4.10167460261891,annual %,World Bank,2026-10-09
MLT,Malta,2013,NY.GDP.MKTP.KD.ZG,6.29233378116625,annual %,World Bank,2026-10-09
MLT,Malta,2014,NY.GDP.MKTP.KD.ZG,7.6313628225042,annual %,World Bank,2026-10-09
MLT,Malta,2015,NY.GDP.MKTP.KD.ZG,9.62070302842181,annual %,World Bank,2026-10-09
MLT,Malta,2016,NY.GDP.MKTP.KD.ZG,4.07800422216982,annual %,World Bank,2026-10-09
MLT,Malta,2017,NY.GDP.MKTP.KD.ZG,12.9713425287845,annual %,World Bank,2026-10-09
MLT,Malta,2018,NY.GDP.MKTP.KD.ZG,7.18921425536917,annual %,World Bank,2026-10-09
MLT,Malta,2019,NY.GDP.MKTP.KD.ZG,4.0850557312243,annual %,World Bank,2026-10-09
MLT,Malta,2020,NY.GDP.MKTP.KD.ZG,-3.45728232537419,annual %,World Bank,2026-10-09
MLT,Malta,2021,NY.GDP.MKTP.KD.ZG,13.3509818925498,annual %,World Bank,2026-10-09
MLT,Malta,2022,NY.GDP.MKTP.KD.ZG,2.59276776884379,annual %,World Bank,2026-10-09
MLT,Malta,2023,NY.GDP.MKTP.KD.ZG,10.6340558017004,annual %,World Bank,2026-10-09
MLT,Malta,2024,NY.GDP.MKTP.KD.ZG,6.21275996991034,annual %,World Bank,2026-10-09
MLT,Malta,2025,NY.GDP.MKTP.KD.ZG,3.96156139018959,annual %,World Bank,2026-10-09
MNE,Montenegro,2010,NY.GDP.MKTP.KD.ZG,2.77559782547836,annual %,World Bank,2026-10-09
MNE,Montenegro,2011,NY.GDP.MKTP.KD.ZG,3.40978812497193,annual %,World Bank,2026-10-09
MNE,Montenegro,2012,NY.GDP.MKTP.KD.ZG,-2.48732882965353,annual %,World Bank,2026-10-09
MNE,Montenegro,2013,NY.GDP.MKTP.KD.ZG,3.38612548540247,annual %,World Bank,2026-10-09
MNE,Montenegro,2014,NY.GDP.MKTP.KD.ZG,2.37030892464516,annual %,World Bank,2026-10-09
MNE,Montenegro,2015,NY.GDP.MKTP.KD.ZG,2.52306333975571,annual %,World Bank,2026-10-09
MNE,Montenegro,2016,NY.GDP.MKTP.KD.ZG,3.4393056210999,annual %,World Bank,2026-10-09
MNE,Montenegro,2017,NY.GDP.MKTP.KD.ZG,3.21668504736274,annual %,World Bank,2026-10-09
MNE,Montenegro,2018,NY.GDP.MKTP.KD.ZG,4.73292113433965,annual %,World Bank,2026-10-09
MNE,Montenegro,2019,NY.GDP.MKTP.KD.ZG,4.39391565821528,annual %,World Bank,2026-10-09
MNE,Montenegro,2020,NY.GDP.MKTP.KD.ZG,-14.9926187023533,annual %,World Bank,2026-10-09
MNE,Montenegro,2021,NY.GDP.MKTP.KD.ZG,13.0462607426359,annual %,World Bank,2026-10-09
MNE,Montenegro,2022,NY.GDP.MKTP.KD.ZG,7.73954689516201,annual %,World Bank,2026-10-09
MNE,Montenegro,2023,NY.GDP.MKTP.KD.ZG,6.47836283518564,annual %,World Bank,2026-10-09
MNE,Montenegro,2024,NY.GDP.MKTP.KD.ZG,3.16409886329913,annual %,World Bank,2026-10-09
MNE,Montenegro,2025,NY.GDP.MKTP.KD.ZG,2.74455354258522,annual %,World Bank,2026-10-09
NLD,Netherlands,2010,NY.GDP.MKTP.KD.ZG,1.31935287897116,annual %,World Bank,2026-10-09
NLD,Netherlands,2011,NY.GDP.MKTP.KD.ZG,1.77330320575034,annual %,World Bank,2026-10-09
NLD,Netherlands,2012,NY.GDP.MKTP.KD.ZG,-0.977826121310997,annual %,World Bank,2026-10-09
NLD,Netherlands,2013,NY.GDP.MKTP.KD.ZG,-0.0302410184270769,annual %,World Bank,2026-10-09
NLD,Netherlands,2014,NY.GDP.MKTP.KD.ZG,1.61255885112396,annual %,World Bank,2026-10-09
NLD,Netherlands,2015,NY.GDP.MKTP.KD.ZG,2.12064007193544,annual %,World Bank,2026-10-09
NLD,Netherlands,2016,NY.GDP.MKTP.KD.ZG,2.42428065449427,annual %,World Bank,2026-10-09
NLD,Netherlands,2017,NY.GDP.MKTP.KD.ZG,2.78150834679987,annual %,World Bank,2026-10-09
NLD,Netherlands,2018,NY.GDP.MKTP.KD.ZG,2.25873158164956,annual %,World Bank,2026-10-09
NLD,Netherlands,2019,NY.GDP.MKTP.KD.ZG,2.3001616053659,annual %,World Bank,2026-10-09
NLD,Netherlands,2020,NY.GDP.MKTP.KD.ZG,-3.86799714191608,annual %,World Bank,2026-10-09
NLD,Netherlands,2021,NY.GDP.MKTP.KD.ZG,6.27683593745216,annual %,World Bank,2026-10-09
NLD,Netherlands,2022,NY.GDP.MKTP.KD.ZG,5.00723453395074,annual %,World Bank,2026-10-09
NLD,Netherlands,2023,NY.GDP.MKTP.KD.ZG,-0.598061017580278,annual %,World Bank,2026-10-09
NLD,Netherlands,2024,NY.GDP.MKTP.KD.ZG,1.07383137319854,annual %,World Bank,2026-10-09
NLD,Netherlands,2025,NY.GDP.MKTP.KD.ZG,1.78463214703797,annual %,World Bank,2026-10-09
POL,Poland,2010,NY.GDP.MKTP.KD.ZG,3.16892748258036,annual %,World Bank,2026-10-09
POL,Poland,2011,NY.GDP.MKTP.KD.ZG,5.25546256612796,annual %,World Bank,2026-10-09
POL,Poland,2012,NY.GDP.MKTP.KD.ZG,1.51178167644575,annual %,World Bank,2026-10-09
POL,Poland,2013,NY.GDP.MKTP.KD.ZG,0.684240607051805,annual %,World Bank,2026-10-09
POL,Poland,2014,NY.GDP.MKTP.KD.ZG,3.92050862390032,annual %,World Bank,2026-10-09
POL,Poland,2015,NY.GDP.MKTP.KD.ZG,4.43176700264478,annual %,World Bank,2026-10-09
POL,Poland,2016,NY.GDP.MKTP.KD.ZG,3.03117767594847,annual %,World Bank,2026-10-09
POL,Poland,2017,NY.GDP.MKTP.KD.ZG,5.15245773325907,annual %,World Bank,2026-10-09
POL,Poland,2018,NY.GDP.MKTP.KD.ZG,6.2458584723942,annual %,World Bank,2026-10-09
POL,Poland,2019,NY.GDP.MKTP.KD.ZG,4.58045817256199,annual %,World Bank,2026-10-09
POL,Poland,2020,NY.GDP.MKTP.KD.ZG,-2.03556882399977,annual %,World Bank,2026-10-09
POL,Poland,2021,NY.GDP.MKTP.KD.ZG,6.92718266052501,annual %,World Bank,2026-10-09
POL,Poland,2022,NY.GDP.MKTP.KD.ZG,5.25545697386036,annual %,World Bank,2026-10-09
POL,Poland,2023,NY.GDP.MKTP.KD.ZG,0.249610834017872,annual %,World Bank,2026-10-09
POL,Poland,2024,NY.GDP.MKTP.KD.ZG,3.02841630700273,annual %,World Bank,2026-10-09
POL,Poland,2025,NY.GDP.MKTP.KD.ZG,3.5727250346774,annual %,World Bank,2026-10-09
PRT,Portugal,2010,NY.GDP.MKTP.KD.ZG,1.73762453640036,annual %,World Bank,2026-10-09
PRT,Portugal,2011,NY.GDP.MKTP.KD.ZG,-1.71352745905065,annual %,World Bank,2026-10-09
PRT,Portugal,2012,NY.GDP.MKTP.KD.ZG,-4.05090267621935,annual %,World Bank,2026-10-09
PRT,Portugal,2013,NY.GDP.MKTP.KD.ZG,-0.984106574148328,annual %,World Bank,2026-10-09
PRT,Portugal,2014,NY.GDP.MKTP.KD.ZG,0.741391420706506,annual %,World Bank,2026-10-09
PRT,Portugal,2015,NY.GDP.MKTP.KD.ZG,1.58979803702681,annual %,World Bank,2026-10-09
PRT,Portugal,2016,NY.GDP.MKTP.KD.ZG,2.00414129666575,annual %,World Bank,2026-10-09
PRT,Portugal,2017,NY.GDP.MKTP.KD.ZG,3.31472008175986,annual %,World Bank,2026-10-09
PRT,Portugal,2018,NY.GDP.MKTP.KD.ZG,2.94628343449202,annual %,World Bank,2026-10-09
PRT,Portugal,2019,NY.GDP.MKTP.KD.ZG,2.74568432648596,annual %,World Bank,2026-10-09
PRT,Portugal,2020,NY.GDP.MKTP.KD.ZG,-8.20463159324387,annual %,World Bank,2026-10-09
PRT,Portugal,2021,NY.GDP.MKTP.KD.ZG,5.55875672070374,annual %,World Bank,2026-10-09
PRT,Portugal,2022,NY.GDP.MKTP.KD.ZG,6.98584137580278,annual %,World Bank,2026-10-09
PRT,Portugal,2023,NY.GDP.MKTP.KD.ZG,3.09998745904281,annual %,World Bank,2026-10-09
PRT,Portugal,2024,NY.GDP.MKTP.KD.ZG,2.21459232301109,annual %,World Bank,2026-10-09
PRT,Portugal,2025,NY.GDP.MKTP.KD.ZG,1.86448007464475,annual %,World Bank,2026-10-09
ROU,Romania,2010,NY.GDP.MKTP.KD.ZG,-3.90581157302972,annual %,World Bank,2026-10-09
ROU,Romania,2011,NY.GDP.MKTP.KD.ZG,4.49558909946313,annual %,World Bank,2026-10-09
ROU,Romania,2012,NY.GDP.MKTP.KD.ZG,1.90361696799603,annual %,World Bank,2026-10-09
ROU,Romania,2013,NY.GDP.MKTP.KD.ZG,0.278771877470234,annual %,World Bank,2026-10-09
ROU,Romania,2014,NY.GDP.MKTP.KD.ZG,4.11600109267832,annual %,World Bank,2026-10-09
ROU,Romania,2015,NY.GDP.MKTP.KD.ZG,3.1570360543854,annual %,World Bank,2026-10-09
ROU,Romania,2016,NY.GDP.MKTP.KD.ZG,2.85993252302089,annual %,World Bank,2026-10-09
ROU,Romania,2017,NY.GDP.MKTP.KD.ZG,8.19547826641261,annual %,World Bank,2026-10-09
ROU,Romania,2018,NY.GDP.MKTP.KD.ZG,5.39452228185675,annual %,World Bank,2026-10-09
ROU,Romania,2019,NY.GDP.MKTP.KD.ZG,3.96028958497598,annual %,World Bank,2026-10-09
ROU,Romania,2020,NY.GDP.MKTP.KD.ZG,-3.59802546034757,annual %,World Bank,2026-10-09
ROU,Romania,2021,NY.GDP.MKTP.KD.ZG,5.58735072538869,annual %,World Bank,2026-10-09
ROU,Romania,2022,NY.GDP.MKTP.KD.ZG,4.18771305104109,annual %,World Bank,2026-10-09
ROU,Romania,2023,NY.GDP.MKTP.KD.ZG,2.25773416555121,annual %,World Bank,2026-10-09
ROU,Romania,2024,NY.GDP.MKTP.KD.ZG,0.916003764382594,annual %,World Bank,2026-10-09
ROU,Romania,2025,NY.GDP.MKTP.KD.ZG,0.677829835052762,annual %,World Bank,2026-10-09
SRB,Serbia,2010,NY.GDP.MKTP.KD.ZG,1.61097281449412,annual %,World Bank,2026-10-09
SRB,Serbia,2011,NY.GDP.MKTP.KD.ZG,0.0542724836581954,annual %,World Bank,2026-10-09
SRB,Serbia,2012,NY.GDP.MKTP.KD.ZG,-0.443956070983248,annual %,World Bank,2026-10-09
SRB,Serbia,2013,NY.GDP.MKTP.KD.ZG,0.451578805330726,annual %,World Bank,2026-10-09
SRB,Serbia,2014,NY.GDP.MKTP.KD.ZG,-1.80427041681132,annual %,World Bank,2026-10-09
SRB,Serbia,2015,NY.GDP.MKTP.KD.ZG,1.2957386351958,annual %,World Bank,2026-10-09
SRB,Serbia,2016,NY.GDP.MKTP.KD.ZG,2.97519807160826,annual %,World Bank,2026-10-09
SRB,Serbia,2017,NY.GDP.MKTP.KD.ZG,2.3634031250553,annual %,World Bank,2026-10-09
SRB,Serbia,2018,NY.GDP.MKTP.KD.ZG,4.64935035491007,annual %,World Bank,2026-10-09
SRB,Serbia,2019,NY.GDP.MKTP.KD.ZG,4.75020793899014,annual %,World Bank,2026-10-09
SRB,Serbia,2020,NY.GDP.MKTP.KD.ZG,-0.950023991851594,annual %,World Bank,2026-10-09
SRB,Serbia,2021,NY.GDP.MKTP.KD.ZG,7.94905650472278,annual %,World Bank,2026-10-09
SRB,Serbia,2022,NY.GDP.MKTP.KD.ZG,2.70347705543654,annual %,World Bank,2026-10-09
SRB,Serbia,2023,NY.GDP.MKTP.KD.ZG,3.74793303561771,annual %,World Bank,2026-10-09
SRB,Serbia,2024,NY.GDP.MKTP.KD.ZG,3.94992622592932,annual %,World Bank,2026-10-09
SRB,Serbia,2025,NY.GDP.MKTP.KD.ZG,2.03039196235113,annual %,World Bank,2026-10-09
SVK,Slovakia,2010,NY.GDP.MKTP.KD.ZG,6.79058159142423,annual %,World Bank,2026-10-09
SVK,Slovakia,2011,NY.GDP.MKTP.KD.ZG,2.56242473215553,annual %,World Bank,2026-10-09
SVK,Slovakia,2012,NY.GDP.MKTP.KD.ZG,1.56917104702706,annual %,World Bank,2026-10-09
SVK,Slovakia,2013,NY.GDP.MKTP.KD.ZG,0.703323545247201,annual %,World Bank,2026-10-09
SVK,Slovakia,2014,NY.GDP.MKTP.KD.ZG,2.70795151449488,annual %,World Bank,2026-10-09
SVK,Slovakia,2015,NY.GDP.MKTP.KD.ZG,5.17687909722133,annual %,World Bank,2026-10-09
SVK,Slovakia,2016,NY.GDP.MKTP.KD.ZG,1.94781841524558,annual %,World Bank,2026-10-09
SVK,Slovakia,2017,NY.GDP.MKTP.KD.ZG,2.87473327453695,annual %,World Bank,2026-10-09
SVK,Slovakia,2018,NY.GDP.MKTP.KD.ZG,4.06211981896483,annual %,World Bank,2026-10-09
SVK,Slovakia,2019,NY.GDP.MKTP.KD.ZG,2.27589910019393,annual %,World Bank,2026-10-09
SVK,Slovakia,2020,NY.GDP.MKTP.KD.ZG,-2.58551241733207,annual %,World Bank,2026-10-09
SVK,Slovakia,2021,NY.GDP.MKTP.KD.ZG,5.6558588065555,annual %,World Bank,2026-10-09
SVK,Slovakia,2022,NY.GDP.MKTP.KD.ZG,0.544591632137454,annual %,World Bank,2026-10-09
SVK,Slovakia,2023,NY.GDP.MKTP.KD.ZG,2.11263633214959,annual %,World Bank,2026-10-09
SVK,Slovakia,2024,NY.GDP.MKTP.KD.ZG,1.93867445549446,annual %,World Bank,2026-10-09
SVK,Slovakia,2025,NY.GDP.MKTP.KD.ZG,0.807418690144758,annual %,World Bank,2026-10-09
SVN,Slovenia,2010,NY.GDP.MKTP.KD.ZG,1.11213719306735,annual %,World Bank,2026-10-09
SVN,Slovenia,2011,NY.GDP.MKTP.KD.ZG,0.655438128379743,annual %,World Bank,2026-10-09
SVN,Slovenia,2012,NY.GDP.MKTP.KD.ZG,-2.91553782040462,annual %,World Bank,2026-10-09
SVN,Slovenia,2013,NY.GDP.MKTP.KD.ZG,-0.823776417691676,annual %,World Bank,2026-10-09
SVN,Slovenia,2014,NY.GDP.MKTP.KD.ZG,2.76283327639742,annual %,World Bank,2026-10-09
SVN,Slovenia,2015,NY.GDP.MKTP.KD.ZG,2.39330621338168,annual %,World Bank,2026-10-09
SVN,Slovenia,2016,NY.GDP.MKTP.KD.ZG,3.03441486663654,annual %,World Bank,2026-10-09
SVN,Slovenia,2017,NY.GDP.MKTP.KD.ZG,5.17440215579958,annual %,World Bank,2026-10-09
SVN,Slovenia,2018,NY.GDP.MKTP.KD.ZG,4.37908347331195,annual %,World Bank,2026-10-09
SVN,Slovenia,2019,NY.GDP.MKTP.KD.ZG,3.50525332381912,annual %,World Bank,2026-10-09
SVN,Slovenia,2020,NY.GDP.MKTP.KD.ZG,-4.08500094942896,annual %,World Bank,2026-10-09
SVN,Slovenia,2021,NY.GDP.MKTP.KD.ZG,8.41686457725321,annual %,World Bank,2026-10-09
SVN,Slovenia,2022,NY.GDP.MKTP.KD.ZG,2.66850555542486,annual %,World Bank,2026-10-09
SVN,Slovenia,2023,NY.GDP.MKTP.KD.ZG,2.3758326648385,annual %,World Bank,2026-10-09
SVN,Slovenia,2024,NY.GDP.MKTP.KD.ZG,1.73139722479493,annual %,World Bank,2026-10-09
SVN,Slovenia,2025,NY.GDP.MKTP.KD.ZG,1.05992996255246,annual %,World Bank,2026-10-09
SWE,Sweden,2010,NY.GDP.MKTP.KD.ZG,5.75076477579255,annual %,World Bank,2026-10-09
SWE,Sweden,2011,NY.GDP.MKTP.KD.ZG,3.16388567406926,annual %,World Bank,2026-10-09
SWE,Sweden,2012,NY.GDP.MKTP.KD.ZG,-0.414397702454409,annual %,World Bank,2026-10-09
SWE,Sweden,2013,NY.GDP.MKTP.KD.ZG,1.13766671801426,annual %,World Bank,2026-10-09
SWE,Sweden,2014,NY.GDP.MKTP.KD.ZG,2.29577238758284,annual %,World Bank,2026-10-09
SWE,Sweden,2015,NY.GDP.MKTP.KD.ZG,4.38824673608589,annual %,World Bank,2026-10-09
SWE,Sweden,2016,NY.GDP.MKTP.KD.ZG,2.13117914731151,annual %,World Bank,2026-10-09
SWE,Sweden,2017,NY.GDP.MKTP.KD.ZG,1.88282184966646,annual %,World Bank,2026-10-09
SWE,Sweden,2018,NY.GDP.MKTP.KD.ZG,1.7702553546772,annual %,World Bank,2026-10-09
SWE,Sweden,2019,NY.GDP.MKTP.KD.ZG,2.60823012869524,annual %,World Bank,2026-10-09
SWE,Sweden,2020,NY.GDP.MKTP.KD.ZG,-1.93379704032216,annual %,World Bank,2026-10-09
SWE,Sweden,2021,NY.GDP.MKTP.KD.ZG,5.2258643028773,annual %,World Bank,2026-10-09
SWE,Sweden,2022,NY.GDP.MKTP.KD.ZG,1.25543620445816,annual %,World Bank,2026-10-09
SWE,Sweden,2023,NY.GDP.MKTP.KD.ZG,-0.204061304891439,annual %,World Bank,2026-10-09
SWE,Sweden,2024,NY.GDP.MKTP.KD.ZG,1.01779633304398,annual %,World Bank,2026-10-09
SWE,Sweden,2025,NY.GDP.MKTP.KD.ZG,1.54316373266217,annual %,World Bank,2026-10-09
ALB,Albania,2010,NY.GDP.PCAP.PP.KD,11829.0042369631,constant 2021 international $,World Bank,2026-10-09
ALB,Albania,2011,NY.GDP.PCAP.PP.KD,12153.0636591785,constant 2021 international $,World Bank,2026-10-09
ALB,Albania,2012,NY.GDP.PCAP.PP.KD,12463.518369846,constant 2021 international $,World Bank,2026-10-09
ALB,Albania,2013,NY.GDP.PCAP.PP.KD,12873.4298184073,constant 2021 international $,World Bank,2026-10-09
ALB,Albania,2014,NY.GDP.PCAP.PP.KD,13366.5040948145,constant 2021 international $,World Bank,2026-10-09
ALB,Albania,2015,NY.GDP.PCAP.PP.KD,13876.7616296598,constant 2021 international $,World Bank,2026-10-09
ALB,Albania,2016,NY.GDP.PCAP.PP.KD,14643.4285614716,constant 2021 international $,World Bank,2026-10-09
ALB,Albania,2017,NY.GDP.PCAP.PP.KD,15359.3974577025,constant 2021 international $,World Bank,2026-10-09
ALB,Albania,2018,NY.GDP.PCAP.PP.KD,16170.9234325287,constant 2021 international $,World Bank,2026-10-09
ALB,Albania,2019,NY.GDP.PCAP.PP.KD,16761.1230178682,constant 2021 international $,World Bank,2026-10-09
ALB,Albania,2020,NY.GDP.PCAP.PP.KD,16457.7189744991,constant 2021 international $,World Bank,2026-10-09
ALB,Albania,2021,NY.GDP.PCAP.PP.KD,18212.794718288,constant 2021 international $,World Bank,2026-10-09
ALB,Albania,2022,NY.GDP.PCAP.PP.KD,19388.7927279351,constant 2021 international $,World Bank,2026-10-09
ALB,Albania,2023,NY.GDP.PCAP.PP.KD,20501.6470726741,constant 2021 international $,World Bank,2026-10-09
ALB,Albania,2024,NY.GDP.PCAP.PP.KD,21640.9835773271,constant 2021 international $,World Bank,2026-10-09
ALB,Albania,2025,NY.GDP.PCAP.PP.KD,22724.2938194949,constant 2021 international $,World Bank,2026-10-09
AUT,Austria,2010,NY.GDP.PCAP.PP.KD,59730.4673903053,constant 2021 international $,World Bank,2026-10-09
AUT,Austria,2011,NY.GDP.PCAP.PP.KD,61272.1724662899,constant 2021 international $,World Bank,2026-10-09
AUT,Austria,2012,NY.GDP.PCAP.PP.KD,61376.6345930428,constant 2021 international $,World Bank,2026-10-09
AUT,Austria,2013,NY.GDP.PCAP.PP.KD,60862.9693673785,constant 2021 international $,World Bank,2026-10-09
AUT,Austria,2014,NY.GDP.PCAP.PP.KD,60845.5743980711,constant 2021 international $,World Bank,2026-10-09
AUT,Austria,2015,NY.GDP.PCAP.PP.KD,60951.6037273662,constant 2021 international $,World Bank,2026-10-09
AUT,Austria,2016,NY.GDP.PCAP.PP.KD,61572.6257402404,constant 2021 international $,World Bank,2026-10-09
AUT,Austria,2017,NY.GDP.PCAP.PP.KD,62535.8105711345,constant 2021 international $,World Bank,2026-10-09
AUT,Austria,2018,NY.GDP.PCAP.PP.KD,63777.9362157476,constant 2021 international $,World Bank,2026-10-09
AUT,Austria,2019,NY.GDP.PCAP.PP.KD,64609.2836396895,constant 2021 international $,World Bank,2026-10-09
AUT,Austria,2020,NY.GDP.PCAP.PP.KD,60276.3307697326,constant 2021 international $,World Bank,2026-10-09
AUT,Austria,2021,NY.GDP.PCAP.PP.KD,62968.8538770186,constant 2021 international $,World Bank,2026-10-09
AUT,Austria,2022,NY.GDP.PCAP.PP.KD,65694.4591501468,constant 2021 international $,World Bank,2026-10-09
AUT,Austria,2023,NY.GDP.PCAP.PP.KD,64536.2076307547,constant 2021 international $,World Bank,2026-10-09
AUT,Austria,2024,NY.GDP.PCAP.PP.KD,63787.9891749462,constant 2021 international $,World Bank,2026-10-09
AUT,Austria,2025,NY.GDP.PCAP.PP.KD,63970.4008534859,constant 2021 international $,World Bank,2026-10-09
BEL,Belgium,2010,NY.GDP.PCAP.PP.KD,56240.2030936241,constant 2021 international $,World Bank,2026-10-09
BEL,Belgium,2011,NY.GDP.PCAP.PP.KD,56585.302500068,constant 2021 international $,World Bank,2026-10-09
BEL,Belgium,2012,NY.GDP.PCAP.PP.KD,56356.8251292137,constant 2021 international $,World Bank,2026-10-09
BEL,Belgium,2013,NY.GDP.PCAP.PP.KD,56263.175267967,constant 2021 international $,World Bank,2026-10-09
BEL,Belgium,2014,NY.GDP.PCAP.PP.KD,57002.9092185206,constant 2021 international $,World Bank,2026-10-09
BEL,Belgium,2015,NY.GDP.PCAP.PP.KD,57509.0245728704,constant 2021 international $,World Bank,2026-10-09
BEL,Belgium,2016,NY.GDP.PCAP.PP.KD,57901.497690315,constant 2021 international $,World Bank,2026-10-09
BEL,Belgium,2017,NY.GDP.PCAP.PP.KD,58529.3302957537,constant 2021 international $,World Bank,2026-10-09
BEL,Belgium,2018,NY.GDP.PCAP.PP.KD,59357.6896884396,constant 2021 international $,World Bank,2026-10-09
BEL,Belgium,2019,NY.GDP.PCAP.PP.KD,60479.9769955469,constant 2021 international $,World Bank,2026-10-09
BEL,Belgium,2020,NY.GDP.PCAP.PP.KD,57333.5424137924,constant 2021 international $,World Bank,2026-10-09
BEL,Belgium,2021,NY.GDP.PCAP.PP.KD,60669.2137746534,constant 2021 international $,World Bank,2026-10-09
BEL,Belgium,2022,NY.GDP.PCAP.PP.KD,62602.9270469765,constant 2021 international $,World Bank,2026-10-09
BEL,Belgium,2023,NY.GDP.PCAP.PP.KD,63042.0099876309,constant 2021 international $,World Bank,2026-10-09
BEL,Belgium,2024,NY.GDP.PCAP.PP.KD,63311.2766917178,constant 2021 international $,World Bank,2026-10-09
BEL,Belgium,2025,NY.GDP.PCAP.PP.KD,63488.4217622523,constant 2021 international $,World Bank,2026-10-09
BGR,Bulgaria,2010,NY.GDP.PCAP.PP.KD,21724.2863457596,constant 2021 international $,World Bank,2026-10-09
BGR,Bulgaria,2011,NY.GDP.PCAP.PP.KD,22321.033168819,constant 2021 international $,World Bank,2026-10-09
BGR,Bulgaria,2012,NY.GDP.PCAP.PP.KD,22618.8104278919,constant 2021 international $,World Bank,2026-10-09
BGR,Bulgaria,2013,NY.GDP.PCAP.PP.KD,22954.396399855,constant 2021 international $,World Bank,2026-10-09
BGR,Bulgaria,2014,NY.GDP.PCAP.PP.KD,23455.4830019277,constant 2021 international $,World Bank,2026-10-09
BGR,Bulgaria,2015,NY.GDP.PCAP.PP.KD,24562.648880929,constant 2021 international $,World Bank,2026-10-09
BGR,Bulgaria,2016,NY.GDP.PCAP.PP.KD,25636.7443903478,constant 2021 international $,World Bank,2026-10-09
BGR,Bulgaria,2017,NY.GDP.PCAP.PP.KD,26691.758001902,constant 2021 international $,World Bank,2026-10-09
BGR,Bulgaria,2018,NY.GDP.PCAP.PP.KD,27690.893655005,constant 2021 international $,World Bank,2026-10-09
BGR,Bulgaria,2019,NY.GDP.PCAP.PP.KD,29149.921509976,constant 2021 international $,World Bank,2026-10-09
BGR,Bulgaria,2020,NY.GDP.PCAP.PP.KD,28521.2062482596,constant 2021 international $,World Bank,2026-10-09
BGR,Bulgaria,2021,NY.GDP.PCAP.PP.KD,30958.9830238332,constant 2021 international $,World Bank,2026-10-09
BGR,Bulgaria,2022,NY.GDP.PCAP.PP.KD,32433.6587569626,constant 2021 international $,World Bank,2026-10-09
BGR,Bulgaria,2023,NY.GDP.PCAP.PP.KD,33073.6803093453,constant 2021 international $,World Bank,2026-10-09
BGR,Bulgaria,2024,NY.GDP.PCAP.PP.KD,34221.3866940362,constant 2021 international $,World Bank,2026-10-09
BGR,Bulgaria,2025,NY.GDP.PCAP.PP.KD,35325.5317883474,constant 2021 international $,World Bank,2026-10-09
BIH,Bosnia and Herzegovina,2010,NY.GDP.PCAP.PP.KD,12142.8616958168,constant 2021 international $,World Bank,2026-10-09
BIH,Bosnia and Herzegovina,2011,NY.GDP.PCAP.PP.KD,12487.6490566037,constant 2021 international $,World Bank,2026-10-09
BIH,Bosnia and Herzegovina,2012,NY.GDP.PCAP.PP.KD,12626.9263237753,constant 2021 international $,World Bank,2026-10-09
BIH,Bosnia and Herzegovina,2013,NY.GDP.PCAP.PP.KD,13135.7175053454,constant 2021 international $,World Bank,2026-10-09
BIH,Bosnia and Herzegovina,2014,NY.GDP.PCAP.PP.KD,13458.852576408,constant 2021 international $,World Bank,2026-10-09
BIH,Bosnia and Herzegovina,2015,NY.GDP.PCAP.PP.KD,14220.0900038037,constant 2021 international $,World Bank,2026-10-09
BIH,Bosnia and Herzegovina,2016,NY.GDP.PCAP.PP.KD,14873.6411107879,constant 2021 international $,World Bank,2026-10-09
BIH,Bosnia and Herzegovina,2017,NY.GDP.PCAP.PP.KD,15554.6587430766,constant 2021 international $,World Bank,2026-10-09
BIH,Bosnia and Herzegovina,2018,NY.GDP.PCAP.PP.KD,16348.9997145353,constant 2021 international $,World Bank,2026-10-09
BIH,Bosnia and Herzegovina,2019,NY.GDP.PCAP.PP.KD,17029.2971980343,constant 2021 international $,World Bank,2026-10-09
BIH,Bosnia and Herzegovina,2020,NY.GDP.PCAP.PP.KD,16747.0353918695,constant 2021 international $,World Bank,2026-10-09
BIH,Bosnia and Herzegovina,2021,NY.GDP.PCAP.PP.KD,18286.6614977175,constant 2021 international $,World Bank,2026-10-09
BIH,Bosnia and Herzegovina,2022,NY.GDP.PCAP.PP.KD,19298.117076437,constant 2021 international $,World Bank,2026-10-09
BIH,Bosnia and Herzegovina,2023,NY.GDP.PCAP.PP.KD,19804.9181465635,constant 2021 international $,World Bank,2026-10-09
BIH,Bosnia and Herzegovina,2024,NY.GDP.PCAP.PP.KD,20578.4995446816,constant 2021 international $,World Bank,2026-10-09
BIH,Bosnia and Herzegovina,2025,NY.GDP.PCAP.PP.KD,21178.2260059497,constant 2021 international $,World Bank,2026-10-09
CYP,Cyprus,2010,NY.GDP.PCAP.PP.KD,42102.28125,constant 2021 international $,World Bank,2026-10-09
CYP,Cyprus,2011,NY.GDP.PCAP.PP.KD,41212.6875,constant 2021 international $,World Bank,2026-10-09
CYP,Cyprus,2012,NY.GDP.PCAP.PP.KD,39190.22265625,constant 2021 international $,World Bank,2026-10-09
CYP,Cyprus,2013,NY.GDP.PCAP.PP.KD,36650.5703125,constant 2021 international $,World Bank,2026-10-09
CYP,Cyprus,2014,NY.GDP.PCAP.PP.KD,36104.90234375,constant 2021 international $,World Bank,2026-10-09
CYP,Cyprus,2015,NY.GDP.PCAP.PP.KD,37258.5,constant 2021 international $,World Bank,2026-10-09
CYP,Cyprus,2016,NY.GDP.PCAP.PP.KD,39500.8515625,constant 2021 international $,World Bank,2026-10-09
CYP,Cyprus,2017,NY.GDP.PCAP.PP.KD,41417.98828125,constant 2021 international $,World Bank,2026-10-09
CYP,Cyprus,2018,NY.GDP.PCAP.PP.KD,43510.03125,constant 2021 international $,World Bank,2026-10-09
CYP,Cyprus,2019,NY.GDP.PCAP.PP.KD,45454.17578125,constant 2021 international $,World Bank,2026-10-09
CYP,Cyprus,2020,NY.GDP.PCAP.PP.KD,43402.359375,constant 2021 international $,World Bank,2026-10-09
CYP,Cyprus,2021,NY.GDP.PCAP.PP.KD,47632.5703125,constant 2021 international $,World Bank,2026-10-09
CYP,Cyprus,2022,NY.GDP.PCAP.PP.KD,50840.9140625,constant 2021 international $,World Bank,2026-10-09
CYP,Cyprus,2023,NY.GDP.PCAP.PP.KD,51674.90234375,constant 2021 international $,World Bank,2026-10-09
CYP,Cyprus,2024,NY.GDP.PCAP.PP.KD,52861.8359375,constant 2021 international $,World Bank,2026-10-09
CYP,Cyprus,2025,NY.GDP.PCAP.PP.KD,54103.26171875,constant 2021 international $,World Bank,2026-10-09
CZE,Czechia,2010,NY.GDP.PCAP.PP.KD,39097.3886218756,constant 2021 international $,World Bank,2026-10-09
CZE,Czechia,2011,NY.GDP.PCAP.PP.KD,39708.1626280195,constant 2021 international $,World Bank,2026-10-09
CZE,Czechia,2012,NY.GDP.PCAP.PP.KD,39347.0492956846,constant 2021 international $,World Bank,2026-10-09
CZE,Czechia,2013,NY.GDP.PCAP.PP.KD,39317.5535692377,constant 2021 international $,World Bank,2026-10-09
CZE,Czechia,2014,NY.GDP.PCAP.PP.KD,40158.0164275735,constant 2021 international $,World Bank,2026-10-09
CZE,Czechia,2015,NY.GDP.PCAP.PP.KD,42066.5759800801,constant 2021 international $,World Bank,2026-10-09
CZE,Czechia,2016,NY.GDP.PCAP.PP.KD,43069.4659744727,constant 2021 international $,World Bank,2026-10-09
CZE,Czechia,2017,NY.GDP.PCAP.PP.KD,45177.5226053634,constant 2021 international $,World Bank,2026-10-09
CZE,Czechia,2018,NY.GDP.PCAP.PP.KD,46301.082036029,constant 2021 international $,World Bank,2026-10-09
CZE,Czechia,2019,NY.GDP.PCAP.PP.KD,47763.6165520254,constant 2021 international $,World Bank,2026-10-09
CZE,Czechia,2020,NY.GDP.PCAP.PP.KD,45119.9387309139,constant 2021 international $,World Bank,2026-10-09
CZE,Czechia,2021,NY.GDP.PCAP.PP.KD,47796.0337408466,constant 2021 international $,World Bank,2026-10-09
CZE,Czechia,2022,NY.GDP.PCAP.PP.KD,48390.661678675,constant 2021 international $,World Bank,2026-10-09
CZE,Czechia,2023,NY.GDP.PCAP.PP.KD,47558.4106763314,constant 2021 international $,World Bank,2026-10-09
CZE,Czechia,2024,NY.GDP.PCAP.PP.KD,47972.53171792,constant 2021 international $,World Bank,2026-10-09
CZE,Czechia,2025,NY.GDP.PCAP.PP.KD,49292.4878713208,constant 2021 international $,World Bank,2026-10-09
DEU,Germany,2010,NY.GDP.PCAP.PP.KD,54826.255453315,constant 2021 international $,World Bank,2026-10-09
DEU,Germany,2011,NY.GDP.PCAP.PP.KD,57950.9589729677,constant 2021 international $,World Bank,2026-10-09
DEU,Germany,2012,NY.GDP.PCAP.PP.KD,58110.3768512245,constant 2021 international $,World Bank,2026-10-09
DEU,Germany,2013,NY.GDP.PCAP.PP.KD,58182.0766176953,constant 2021 international $,World Bank,2026-10-09
DEU,Germany,2014,NY.GDP.PCAP.PP.KD,59203.2340879963,constant 2021 international $,World Bank,2026-10-09
DEU,Germany,2015,NY.GDP.PCAP.PP.KD,59668.9890355282,constant 2021 international $,World Bank,2026-10-09
DEU,Germany,2016,NY.GDP.PCAP.PP.KD,60504.5857417161,constant 2021 international $,World Bank,2026-10-09
DEU,Germany,2017,NY.GDP.PCAP.PP.KD,61965.4342904965,constant 2021 international $,World Bank,2026-10-09
DEU,Germany,2018,NY.GDP.PCAP.PP.KD,62481.1183971045,constant 2021 international $,World Bank,2026-10-09
DEU,Germany,2019,NY.GDP.PCAP.PP.KD,62949.8932511855,constant 2021 international $,World Bank,2026-10-09
DEU,Germany,2020,NY.GDP.PCAP.PP.KD,60299.5767710809,constant 2021 international $,World Bank,2026-10-09
DEU,Germany,2021,NY.GDP.PCAP.PP.KD,62630.7748127737,constant 2021 international $,World Bank,2026-10-09
DEU,Germany,2022,NY.GDP.PCAP.PP.KD,63777.9291029299,constant 2021 international $,World Bank,2026-10-09
DEU,Germany,2023,NY.GDP.PCAP.PP.KD,63140.1949099669,constant 2021 international $,World Bank,2026-10-09
DEU,Germany,2024,NY.GDP.PCAP.PP.KD,62654.602264023,constant 2021 international $,World Bank,2026-10-09
DEU,Germany,2025,NY.GDP.PCAP.PP.KD,62823.7736648822,constant 2021 international $,World Bank,2026-10-09
DNK,Denmark,2010,NY.GDP.PCAP.PP.KD,59856.3490860003,constant 2021 international $,World Bank,2026-10-09
DNK,Denmark,2011,NY.GDP.PCAP.PP.KD,60391.7799332206,constant 2021 international $,World Bank,2026-10-09
DNK,Denmark,2012,NY.GDP.PCAP.PP.KD,60161.7010660256,constant 2021 international $,World Bank,2026-10-09
DNK,Denmark,2013,NY.GDP.PCAP.PP.KD,60745.7784800252,constant 2021 international $,World Bank,2026-10-09
DNK,Denmark,2014,NY.GDP.PCAP.PP.KD,61210.9490922919,constant 2021 international $,World Bank,2026-10-09
DNK,Denmark,2015,NY.GDP.PCAP.PP.KD,62059.1285991721,constant 2021 international $,World Bank,2026-10-09
DNK,Denmark,2016,NY.GDP.PCAP.PP.KD,63468.9888246814,constant 2021 international $,World Bank,2026-10-09
DNK,Denmark,2017,NY.GDP.PCAP.PP.KD,64989.4459872347,constant 2021 international $,World Bank,2026-10-09
DNK,Denmark,2018,NY.GDP.PCAP.PP.KD,65870.8302554341,constant 2021 international $,World Bank,2026-10-09
DNK,Denmark,2019,NY.GDP.PCAP.PP.KD,66758.6323346131,constant 2021 international $,World Bank,2026-10-09
DNK,Denmark,2020,NY.GDP.PCAP.PP.KD,65379.3066120995,constant 2021 international $,World Bank,2026-10-09
DNK,Denmark,2021,NY.GDP.PCAP.PP.KD,69327.998216527,constant 2021 international $,World Bank,2026-10-09
DNK,Denmark,2022,NY.GDP.PCAP.PP.KD,69089.4692492289,constant 2021 international $,World Bank,2026-10-09
DNK,Denmark,2023,NY.GDP.PCAP.PP.KD,68993.9031100362,constant 2021 international $,World Bank,2026-10-09
DNK,Denmark,2024,NY.GDP.PCAP.PP.KD,71034.5789667138,constant 2021 international $,World Bank,2026-10-09
DNK,Denmark,2025,NY.GDP.PCAP.PP.KD,72723.2747867992,constant 2021 international $,World Bank,2026-10-09
ESP,Spain,2010,NY.GDP.PCAP.PP.KD,42695.5274189933,constant 2021 international $,World Bank,2026-10-09
ESP,Spain,2011,NY.GDP.PCAP.PP.KD,42271.8346788238,constant 2021 international $,World Bank,2026-10-09
ESP,Spain,2012,NY.GDP.PCAP.PP.KD,41034.0481566356,constant 2021 international $,World Bank,2026-10-09
ESP,Spain,2013,NY.GDP.PCAP.PP.KD,40594.914008768,constant 2021 international $,World Bank,2026-10-09
ESP,Spain,2014,NY.GDP.PCAP.PP.KD,41339.4111169417,constant 2021 international $,World Bank,2026-10-09
ESP,Spain,2015,NY.GDP.PCAP.PP.KD,43053.761430314,constant 2021 international $,World Bank,2026-10-09
ESP,Spain,2016,NY.GDP.PCAP.PP.KD,44274.6676149922,constant 2021 international $,World Bank,2026-10-09
ESP,Spain,2017,NY.GDP.PCAP.PP.KD,45446.2508575695,constant 2021 international $,World Bank,2026-10-09
ESP,Spain,2018,NY.GDP.PCAP.PP.KD,46325.2099441141,constant 2021 international $,World Bank,2026-10-09
ESP,Spain,2019,NY.GDP.PCAP.PP.KD,46896.4171141424,constant 2021 international $,World Bank,2026-10-09
ESP,Spain,2020,NY.GDP.PCAP.PP.KD,41553.4477945675,constant 2021 international $,World Bank,2026-10-09
ESP,Spain,2021,NY.GDP.PCAP.PP.KD,44251.6658222621,constant 2021 international $,World Bank,2026-10-09
ESP,Spain,2022,NY.GDP.PCAP.PP.KD,46733.4809780536,constant 2021 international $,World Bank,2026-10-09
ESP,Spain,2023,NY.GDP.PCAP.PP.KD,47322.5937004504,constant 2021 international $,World Bank,2026-10-09
ESP,Spain,2024,NY.GDP.PCAP.PP.KD,48460.2914069661,constant 2021 international $,World Bank,2026-10-09
ESP,Spain,2025,NY.GDP.PCAP.PP.KD,49318.105559037,constant 2021 international $,World Bank,2026-10-09
EST,Estonia,2010,NY.GDP.PCAP.PP.KD,30067.501040775,constant 2021 international $,World Bank,2026-10-09
EST,Estonia,2011,NY.GDP.PCAP.PP.KD,32453.1008476709,constant 2021 international $,World Bank,2026-10-09
EST,Estonia,2012,NY.GDP.PCAP.PP.KD,33765.4302075072,constant 2021 international $,World Bank,2026-10-09
EST,Estonia,2013,NY.GDP.PCAP.PP.KD,34481.0148921506,constant 2021 international $,World Bank,2026-10-09
EST,Estonia,2014,NY.GDP.PCAP.PP.KD,35720.3025335234,constant 2021 international $,World Bank,2026-10-09
EST,Estonia,2015,NY.GDP.PCAP.PP.KD,36353.0580520449,constant 2021 international $,World Bank,2026-10-09
EST,Estonia,2016,NY.GDP.PCAP.PP.KD,37466.5561839318,constant 2021 international $,World Bank,2026-10-09
EST,Estonia,2017,NY.GDP.PCAP.PP.KD,39529.785973279,constant 2021 international $,World Bank,2026-10-09
EST,Estonia,2018,NY.GDP.PCAP.PP.KD,40849.8473475564,constant 2021 international $,World Bank,2026-10-09
EST,Estonia,2019,NY.GDP.PCAP.PP.KD,42215.0343835811,constant 2021 international $,World Bank,2026-10-09
EST,Estonia,2020,NY.GDP.PCAP.PP.KD,40916.7194113327,constant 2021 international $,World Bank,2026-10-09
EST,Estonia,2021,NY.GDP.PCAP.PP.KD,44247.4198971873,constant 2021 international $,World Bank,2026-10-09
EST,Estonia,2022,NY.GDP.PCAP.PP.KD,43124.6196563775,constant 2021 international $,World Bank,2026-10-09
EST,Estonia,2023,NY.GDP.PCAP.PP.KD,41284.7746875532,constant 2021 international $,World Bank,2026-10-09
EST,Estonia,2024,NY.GDP.PCAP.PP.KD,41185.8348356109,constant 2021 international $,World Bank,2026-10-09
EST,Estonia,2025,NY.GDP.PCAP.PP.KD,41604.3226612806,constant 2021 international $,World Bank,2026-10-09
EUU,European Union (aggregate),2010,NY.GDP.PCAP.PP.KD,45251.0407991374,constant 2021 international $,World Bank,2026-10-09
EUU,European Union (aggregate),2011,NY.GDP.PCAP.PP.KD,46206.0702456512,constant 2021 international $,World Bank,2026-10-09
EUU,European Union (aggregate),2012,NY.GDP.PCAP.PP.KD,45788.921010839,constant 2021 international $,World Bank,2026-10-09
EUU,European Union (aggregate),2013,NY.GDP.PCAP.PP.KD,45724.832051248,constant 2021 international $,World Bank,2026-10-09
EUU,European Union (aggregate),2014,NY.GDP.PCAP.PP.KD,46455.5685991693,constant 2021 international $,World Bank,2026-10-09
EUU,European Union (aggregate),2015,NY.GDP.PCAP.PP.KD,47490.9137112119,constant 2021 international $,World Bank,2026-10-09
EUU,European Union (aggregate),2016,NY.GDP.PCAP.PP.KD,48336.5082885839,constant 2021 international $,World Bank,2026-10-09
EUU,European Union (aggregate),2017,NY.GDP.PCAP.PP.KD,49704.2541206968,constant 2021 international $,World Bank,2026-10-09
EUU,European Union (aggregate),2018,NY.GDP.PCAP.PP.KD,50737.2331625802,constant 2021 international $,World Bank,2026-10-09
EUU,European Union (aggregate),2019,NY.GDP.PCAP.PP.KD,51662.076917369,constant 2021 international $,World Bank,2026-10-09
EUU,European Union (aggregate),2020,NY.GDP.PCAP.PP.KD,48769.5135471727,constant 2021 international $,World Bank,2026-10-09
EUU,European Union (aggregate),2021,NY.GDP.PCAP.PP.KD,51968.4388292725,constant 2021 international $,World Bank,2026-10-09
EUU,European Union (aggregate),2022,NY.GDP.PCAP.PP.KD,53777.3333629813,constant 2021 international $,World Bank,2026-10-09
EUU,European Union (aggregate),2023,NY.GDP.PCAP.PP.KD,53861.7951609765,constant 2021 international $,World Bank,2026-10-09
EUU,European Union (aggregate),2024,NY.GDP.PCAP.PP.KD,54341.6257163912,constant 2021 international $,World Bank,2026-10-09
EUU,European Union (aggregate),2025,NY.GDP.PCAP.PP.KD,55086.9866170226,constant 2021 international $,World Bank,2026-10-09
FIN,Finland,2010,NY.GDP.PCAP.PP.KD,54017.9458623339,constant 2021 international $,World Bank,2026-10-09
FIN,Finland,2011,NY.GDP.PCAP.PP.KD,55053.3906850323,constant 2021 international $,World Bank,2026-10-09
FIN,Finland,2012,NY.GDP.PCAP.PP.KD,53957.6680986279,constant 2021 international $,World Bank,2026-10-09
FIN,Finland,2013,NY.GDP.PCAP.PP.KD,53183.4286685126,constant 2021 international $,World Bank,2026-10-09
FIN,Finland,2014,NY.GDP.PCAP.PP.KD,52710.7334867778,constant 2021 international $,World Bank,2026-10-09
FIN,Finland,2015,NY.GDP.PCAP.PP.KD,52782.4873926277,constant 2021 international $,World Bank,2026-10-09
FIN,Finland,2016,NY.GDP.PCAP.PP.KD,53984.6316254715,constant 2021 international $,World Bank,2026-10-09
FIN,Finland,2017,NY.GDP.PCAP.PP.KD,55637.2262781223,constant 2021 international $,World Bank,2026-10-09
FIN,Finland,2018,NY.GDP.PCAP.PP.KD,56226.337241343,constant 2021 international $,World Bank,2026-10-09
FIN,Finland,2019,NY.GDP.PCAP.PP.KD,56922.4873163103,constant 2021 international $,World Bank,2026-10-09
FIN,Finland,2020,NY.GDP.PCAP.PP.KD,55424.8574989208,constant 2021 international $,World Bank,2026-10-09
FIN,Finland,2021,NY.GDP.PCAP.PP.KD,56790.3766177692,constant 2021 international $,World Bank,2026-10-09
FIN,Finland,2022,NY.GDP.PCAP.PP.KD,57068.3056478074,constant 2021 international $,World Bank,2026-10-09
FIN,Finland,2023,NY.GDP.PCAP.PP.KD,56051.7701129501,constant 2021 international $,World Bank,2026-10-09
FIN,Finland,2024,NY.GDP.PCAP.PP.KD,55901.3202296588,constant 2021 international $,World Bank,2026-10-09
FIN,Finland,2025,NY.GDP.PCAP.PP.KD,55735.2174921326,constant 2021 international $,World Bank,2026-10-09
FRA,France,2010,NY.GDP.PCAP.PP.KD,49130.422942344,constant 2021 international $,World Bank,2026-10-09
FRA,France,2011,NY.GDP.PCAP.PP.KD,50085.6829779109,constant 2021 international $,World Bank,2026-10-09
FRA,France,2012,NY.GDP.PCAP.PP.KD,49935.6269081617,constant 2021 international $,World Bank,2026-10-09
FRA,France,2013,NY.GDP.PCAP.PP.KD,50066.5304324783,constant 2021 international $,World Bank,2026-10-09
FRA,France,2014,NY.GDP.PCAP.PP.KD,50326.567863089,constant 2021 international $,World Bank,2026-10-09
FRA,France,2015,NY.GDP.PCAP.PP.KD,50682.8953586333,constant 2021 international $,World Bank,2026-10-09
FRA,France,2016,NY.GDP.PCAP.PP.KD,50984.075297832,constant 2021 international $,World Bank,2026-10-09
FRA,France,2017,NY.GDP.PCAP.PP.KD,51895.5662985838,constant 2021 international $,World Bank,2026-10-09
FRA,France,2018,NY.GDP.PCAP.PP.KD,52560.9536243841,constant 2021 international $,World Bank,2026-10-09
FRA,France,2019,NY.GDP.PCAP.PP.KD,53448.5548849943,constant 2021 international $,World Bank,2026-10-09
FRA,France,2020,NY.GDP.PCAP.PP.KD,49311.333409639,constant 2021 international $,World Bank,2026-10-09
FRA,France,2021,NY.GDP.PCAP.PP.KD,52517.3354905855,constant 2021 international $,World Bank,2026-10-09
FRA,France,2022,NY.GDP.PCAP.PP.KD,53673.8137406422,constant 2021 international $,World Bank,2026-10-09
FRA,France,2023,NY.GDP.PCAP.PP.KD,54296.7230897731,constant 2021 international $,World Bank,2026-10-09
FRA,France,2024,NY.GDP.PCAP.PP.KD,54799.3482689389,constant 2021 international $,World Bank,2026-10-09
FRA,France,2025,NY.GDP.PCAP.PP.KD,55124.5392564395,constant 2021 international $,World Bank,2026-10-09
GRC,Greece,2010,NY.GDP.PCAP.PP.KD,37566.7483686263,constant 2021 international $,World Bank,2026-10-09
GRC,Greece,2011,NY.GDP.PCAP.PP.KD,33906.4917435676,constant 2021 international $,World Bank,2026-10-09
GRC,Greece,2012,NY.GDP.PCAP.PP.KD,31250.2268565956,constant 2021 international $,World Bank,2026-10-09
GRC,Greece,2013,NY.GDP.PCAP.PP.KD,30762.4432227813,constant 2021 international $,World Bank,2026-10-09
GRC,Greece,2014,NY.GDP.PCAP.PP.KD,31213.3765120298,constant 2021 international $,World Bank,2026-10-09
GRC,Greece,2015,NY.GDP.PCAP.PP.KD,31347.976574604,constant 2021 international $,World Bank,2026-10-09
GRC,Greece,2016,NY.GDP.PCAP.PP.KD,31468.6198471099,constant 2021 international $,World Bank,2026-10-09
GRC,Greece,2017,NY.GDP.PCAP.PP.KD,31995.4108838386,constant 2021 international $,World Bank,2026-10-09
GRC,Greece,2018,NY.GDP.PCAP.PP.KD,32722.3310444029,constant 2021 international $,World Bank,2026-10-09
GRC,Greece,2019,NY.GDP.PCAP.PP.KD,33502.7506488997,constant 2021 international $,World Bank,2026-10-09
GRC,Greece,2020,NY.GDP.PCAP.PP.KD,30487.1129331045,constant 2021 international $,World Bank,2026-10-09
GRC,Greece,2021,NY.GDP.PCAP.PP.KD,33528.2271202515,constant 2021 international $,World Bank,2026-10-09
GRC,Greece,2022,NY.GDP.PCAP.PP.KD,35828.1756641776,constant 2021 international $,World Bank,2026-10-09
GRC,Greece,2023,NY.GDP.PCAP.PP.KD,36700.5134631055,constant 2021 international $,World Bank,2026-10-09
GRC,Greece,2024,NY.GDP.PCAP.PP.KD,37474.2798239947,constant 2021 international $,World Bank,2026-10-09
GRC,Greece,2025,NY.GDP.PCAP.PP.KD,38218.721628616,constant 2021 international $,World Bank,2026-10-09
HRV,Croatia,2010,NY.GDP.PCAP.PP.KD,28701.8754573033,constant 2021 international $,World Bank,2026-10-09
HRV,Croatia,2011,NY.GDP.PCAP.PP.KD,28769.0229490882,constant 2021 international $,World Bank,2026-10-09
HRV,Croatia,2012,NY.GDP.PCAP.PP.KD,28259.1638073948,constant 2021 international $,World Bank,2026-10-09
HRV,Croatia,2013,NY.GDP.PCAP.PP.KD,28397.9820661555,constant 2021 international $,World Bank,2026-10-09
HRV,Croatia,2014,NY.GDP.PCAP.PP.KD,28456.3353756076,constant 2021 international $,World Bank,2026-10-09
HRV,Croatia,2015,NY.GDP.PCAP.PP.KD,29466.4506365792,constant 2021 international $,World Bank,2026-10-09
HRV,Croatia,2016,NY.GDP.PCAP.PP.KD,30820.8050421355,constant 2021 international $,World Bank,2026-10-09
HRV,Croatia,2017,NY.GDP.PCAP.PP.KD,32348.5888556174,constant 2021 international $,World Bank,2026-10-09
HRV,Croatia,2018,NY.GDP.PCAP.PP.KD,33729.5455811943,constant 2021 international $,World Bank,2026-10-09
HRV,Croatia,2019,NY.GDP.PCAP.PP.KD,35122.7966231008,constant 2021 international $,World Bank,2026-10-09
HRV,Croatia,2020,NY.GDP.PCAP.PP.KD,32493.4017010055,constant 2021 international $,World Bank,2026-10-09
HRV,Croatia,2021,NY.GDP.PCAP.PP.KD,36930.076102199,constant 2021 international $,World Bank,2026-10-09
HRV,Croatia,2022,NY.GDP.PCAP.PP.KD,39863.9109377649,constant 2021 international $,World Bank,2026-10-09
HRV,Croatia,2023,NY.GDP.PCAP.PP.KD,41320.257995772,constant 2021 international $,World Bank,2026-10-09
HRV,Croatia,2024,NY.GDP.PCAP.PP.KD,42828.7997273569,constant 2021 international $,World Bank,2026-10-09
HRV,Croatia,2025,NY.GDP.PCAP.PP.KD,44172.0442284906,constant 2021 international $,World Bank,2026-10-09
HUN,Hungary,2010,NY.GDP.PCAP.PP.KD,27801.833816111,constant 2021 international $,World Bank,2026-10-09
HUN,Hungary,2011,NY.GDP.PCAP.PP.KD,28415.1173442897,constant 2021 international $,World Bank,2026-10-09
HUN,Hungary,2012,NY.GDP.PCAP.PP.KD,28179.656464434,constant 2021 international $,World Bank,2026-10-09
HUN,Hungary,2013,NY.GDP.PCAP.PP.KD,28891.0217544976,constant 2021 international $,World Bank,2026-10-09
HUN,Hungary,2014,NY.GDP.PCAP.PP.KD,30264.9492302161,constant 2021 international $,World Bank,2026-10-09
HUN,Hungary,2015,NY.GDP.PCAP.PP.KD,31485.5675425634,constant 2021 international $,World Bank,2026-10-09
HUN,Hungary,2016,NY.GDP.PCAP.PP.KD,32378.9674983075,constant 2021 international $,World Bank,2026-10-09
HUN,Hungary,2017,NY.GDP.PCAP.PP.KD,33828.714942571,constant 2021 international $,World Bank,2026-10-09
HUN,Hungary,2018,NY.GDP.PCAP.PP.KD,35798.0412754022,constant 2021 international $,World Bank,2026-10-09
HUN,Hungary,2019,NY.GDP.PCAP.PP.KD,37662.67681014,constant 2021 international $,World Bank,2026-10-09
HUN,Hungary,2020,NY.GDP.PCAP.PP.KD,36119.5211735652,constant 2021 international $,World Bank,2026-10-09
HUN,Hungary,2021,NY.GDP.PCAP.PP.KD,38887.1909527154,constant 2021 international $,World Bank,2026-10-09
HUN,Hungary,2022,NY.GDP.PCAP.PP.KD,40610.9711368238,constant 2021 international $,World Bank,2026-10-09
HUN,Hungary,2023,NY.GDP.PCAP.PP.KD,40333.2546888118,constant 2021 international $,World Bank,2026-10-09
HUN,Hungary,2024,NY.GDP.PCAP.PP.KD,40747.1986679668,constant 2021 international $,World Bank,2026-10-09
HUN,Hungary,2025,NY.GDP.PCAP.PP.KD,41160.6419140983,constant 2021 international $,World Bank,2026-10-09
IRL,Ireland,2010,NY.GDP.PCAP.PP.KD,59107.4220740498,constant 2021 international $,World Bank,2026-10-09
IRL,Ireland,2011,NY.GDP.PCAP.PP.KD,59797.0537343463,constant 2021 international $,World Bank,2026-10-09
IRL,Ireland,2012,NY.GDP.PCAP.PP.KD,59303.0319813561,constant 2021 international $,World Bank,2026-10-09
IRL,Ireland,2013,NY.GDP.PCAP.PP.KD,60285.2376140094,constant 2021 international $,World Bank,2026-10-09
IRL,Ireland,2014,NY.GDP.PCAP.PP.KD,65463.1952541564,constant 2021 international $,World Bank,2026-10-09
IRL,Ireland,2015,NY.GDP.PCAP.PP.KD,80815.6415277345,constant 2021 international $,World Bank,2026-10-09
IRL,Ireland,2016,NY.GDP.PCAP.PP.KD,80760.0974145688,constant 2021 international $,World Bank,2026-10-09
IRL,Ireland,2017,NY.GDP.PCAP.PP.KD,87731.7897045734,constant 2021 international $,World Bank,2026-10-09
IRL,Ireland,2018,NY.GDP.PCAP.PP.KD,93115.8393498329,constant 2021 international $,World Bank,2026-10-09
IRL,Ireland,2019,NY.GDP.PCAP.PP.KD,96205.7961557005,constant 2021 international $,World Bank,2026-10-09
IRL,Ireland,2020,NY.GDP.PCAP.PP.KD,101793.447525871,constant 2021 international $,World Bank,2026-10-09
IRL,Ireland,2021,NY.GDP.PCAP.PP.KD,116702.85817485,constant 2021 international $,World Bank,2026-10-09
IRL,Ireland,2022,NY.GDP.PCAP.PP.KD,123007.47648651,constant 2021 international $,World Bank,2026-10-09
IRL,Ireland,2023,NY.GDP.PCAP.PP.KD,117659.728593716,constant 2021 international $,World Bank,2026-10-09
IRL,Ireland,2024,NY.GDP.PCAP.PP.KD,118833.312071751,constant 2021 international $,World Bank,2026-10-09
IRL,Ireland,2025,NY.GDP.PCAP.PP.KD,131338.444745041,constant 2021 international $,World Bank,2026-10-09
ITA,Italy,2010,NY.GDP.PCAP.PP.KD,49301.6959141674,constant 2021 international $,World Bank,2026-10-09
ITA,Italy,2011,NY.GDP.PCAP.PP.KD,49473.0149235634,constant 2021 international $,World Bank,2026-10-09
ITA,Italy,2012,NY.GDP.PCAP.PP.KD,47795.9579360541,constant 2021 international $,World Bank,2026-10-09
ITA,Italy,2013,NY.GDP.PCAP.PP.KD,46833.3615309303,constant 2021 international $,World Bank,2026-10-09
ITA,Italy,2014,NY.GDP.PCAP.PP.KD,46825.6511245062,constant 2021 international $,World Bank,2026-10-09
ITA,Italy,2015,NY.GDP.PCAP.PP.KD,47311.8255262709,constant 2021 international $,World Bank,2026-10-09
ITA,Italy,2016,NY.GDP.PCAP.PP.KD,47987.8379581014,constant 2021 international $,World Bank,2026-10-09
ITA,Italy,2017,NY.GDP.PCAP.PP.KD,48849.2183534756,constant 2021 international $,World Bank,2026-10-09
ITA,Italy,2018,NY.GDP.PCAP.PP.KD,49355.8751913504,constant 2021 international $,World Bank,2026-10-09
ITA,Italy,2019,NY.GDP.PCAP.PP.KD,49690.6298505274,constant 2021 international $,World Bank,2026-10-09
ITA,Italy,2020,NY.GDP.PCAP.PP.KD,45505.0688708956,constant 2021 international $,World Bank,2026-10-09
ITA,Italy,2021,NY.GDP.PCAP.PP.KD,49825.3934111848,constant 2021 international $,World Bank,2026-10-09
ITA,Italy,2022,NY.GDP.PCAP.PP.KD,52333.3274270604,constant 2021 international $,World Bank,2026-10-09
ITA,Italy,2023,NY.GDP.PCAP.PP.KD,52842.6288831758,constant 2021 international $,World Bank,2026-10-09
ITA,Italy,2024,NY.GDP.PCAP.PP.KD,53284.8745049149,constant 2021 international $,World Bank,2026-10-09
ITA,Italy,2025,NY.GDP.PCAP.PP.KD,53606.0789571011,constant 2021 international $,World Bank,2026-10-09
LTU,Lithuania,2010,NY.GDP.PCAP.PP.KD,26897.7243702338,constant 2021 international $,World Bank,2026-10-09
LTU,Lithuania,2011,NY.GDP.PCAP.PP.KD,29251.8774718539,constant 2021 international $,World Bank,2026-10-09
LTU,Lithuania,2012,NY.GDP.PCAP.PP.KD,30932.0983180261,constant 2021 international $,World Bank,2026-10-09
LTU,Lithuania,2013,NY.GDP.PCAP.PP.KD,32487.0008217277,constant 2021 international $,World Bank,2026-10-09
LTU,Lithuania,2014,NY.GDP.PCAP.PP.KD,33988.0148951198,constant 2021 international $,World Bank,2026-10-09
LTU,Lithuania,2015,NY.GDP.PCAP.PP.KD,35264.7149248316,constant 2021 international $,World Bank,2026-10-09
LTU,Lithuania,2016,NY.GDP.PCAP.PP.KD,36632.0832798438,constant 2021 international $,World Bank,2026-10-09
LTU,Lithuania,2017,NY.GDP.PCAP.PP.KD,38789.2463179035,constant 2021 international $,World Bank,2026-10-09
LTU,Lithuania,2018,NY.GDP.PCAP.PP.KD,41035.4018152732,constant 2021 international $,World Bank,2026-10-09
LTU,Lithuania,2019,NY.GDP.PCAP.PP.KD,43078.7118585461,constant 2021 international $,World Bank,2026-10-09
LTU,Lithuania,2020,NY.GDP.PCAP.PP.KD,43108.1976060283,constant 2021 international $,World Bank,2026-10-09
LTU,Lithuania,2021,NY.GDP.PCAP.PP.KD,45897.3715026327,constant 2021 international $,World Bank,2026-10-09
LTU,Lithuania,2022,NY.GDP.PCAP.PP.KD,46642.5947251086,constant 2021 international $,World Bank,2026-10-09
LTU,Lithuania,2023,NY.GDP.PCAP.PP.KD,46333.9006965206,constant 2021 international $,World Bank,2026-10-09
LTU,Lithuania,2024,NY.GDP.PCAP.PP.KD,47462.0039386975,constant 2021 international $,World Bank,2026-10-09
LTU,Lithuania,2025,NY.GDP.PCAP.PP.KD,48839.5436452948,constant 2021 international $,World Bank,2026-10-09
LUX,Luxembourg,2010,NY.GDP.PCAP.PP.KD,131434.360018803,constant 2021 international $,World Bank,2026-10-09
LUX,Luxembourg,2011,NY.GDP.PCAP.PP.KD,129887.626962873,constant 2021 international $,World Bank,2026-10-09
LUX,Luxembourg,2012,NY.GDP.PCAP.PP.KD,128897.403218507,constant 2021 international $,World Bank,2026-10-09
LUX,Luxembourg,2013,NY.GDP.PCAP.PP.KD,129947.336184196,constant 2021 international $,World Bank,2026-10-09
LUX,Luxembourg,2014,NY.GDP.PCAP.PP.KD,130249.550482759,constant 2021 international $,World Bank,2026-10-09
LUX,Luxembourg,2015,NY.GDP.PCAP.PP.KD,130097.338289025,constant 2021 international $,World Bank,2026-10-09
LUX,Luxembourg,2016,NY.GDP.PCAP.PP.KD,133661.734541281,constant 2021 international $,World Bank,2026-10-09
LUX,Luxembourg,2017,NY.GDP.PCAP.PP.KD,132169.829576174,constant 2021 international $,World Bank,2026-10-09
LUX,Luxembourg,2018,NY.GDP.PCAP.PP.KD,131733.884471489,constant 2021 international $,World Bank,2026-10-09
LUX,Luxembourg,2019,NY.GDP.PCAP.PP.KD,132724.754668303,constant 2021 international $,World Bank,2026-10-09
LUX,Luxembourg,2020,NY.GDP.PCAP.PP.KD,129865.631871124,constant 2021 international $,World Bank,2026-10-09
LUX,Luxembourg,2021,NY.GDP.PCAP.PP.KD,136772.443753292,constant 2021 international $,World Bank,2026-10-09
LUX,Luxembourg,2022,NY.GDP.PCAP.PP.KD,132570.832272626,constant 2021 international $,World Bank,2026-10-09
LUX,Luxembourg,2023,NY.GDP.PCAP.PP.KD,130048.922273147,constant 2021 international $,World Bank,2026-10-09
LUX,Luxembourg,2024,NY.GDP.PCAP.PP.KD,128475.283540415,constant 2021 international $,World Bank,2026-10-09
LUX,Luxembourg,2025,NY.GDP.PCAP.PP.KD,127420.601625165,constant 2021 international $,World Bank,2026-10-09
LVA,Latvia,2010,NY.GDP.PCAP.PP.KD,24119.7307848939,constant 2021 international $,World Bank,2026-10-09
LVA,Latvia,2011,NY.GDP.PCAP.PP.KD,25308.7322074626,constant 2021 international $,World Bank,2026-10-09
LVA,Latvia,2012,NY.GDP.PCAP.PP.KD,27496.5454583635,constant 2021 international $,World Bank,2026-10-09
LVA,Latvia,2013,NY.GDP.PCAP.PP.KD,28375.1842887263,constant 2021 international $,World Bank,2026-10-09
LVA,Latvia,2014,NY.GDP.PCAP.PP.KD,29243.7412502629,constant 2021 international $,World Bank,2026-10-09
LVA,Latvia,2015,NY.GDP.PCAP.PP.KD,30599.6133134147,constant 2021 international $,World Bank,2026-10-09
LVA,Latvia,2016,NY.GDP.PCAP.PP.KD,31668.5148442662,constant 2021 international $,World Bank,2026-10-09
LVA,Latvia,2017,NY.GDP.PCAP.PP.KD,33036.3915943437,constant 2021 international $,World Bank,2026-10-09
LVA,Latvia,2018,NY.GDP.PCAP.PP.KD,34729.7062763057,constant 2021 international $,World Bank,2026-10-09
LVA,Latvia,2019,NY.GDP.PCAP.PP.KD,35208.1934590859,constant 2021 international $,World Bank,2026-10-09
LVA,Latvia,2020,NY.GDP.PCAP.PP.KD,34225.8976044058,constant 2021 international $,World Bank,2026-10-09
LVA,Latvia,2021,NY.GDP.PCAP.PP.KD,36912.0130602161,constant 2021 international $,World Bank,2026-10-09
LVA,Latvia,2022,NY.GDP.PCAP.PP.KD,37718.7097958367,constant 2021 international $,World Bank,2026-10-09
LVA,Latvia,2023,NY.GDP.PCAP.PP.KD,37277.7217221317,constant 2021 international $,World Bank,2026-10-09
LVA,Latvia,2024,NY.GDP.PCAP.PP.KD,37615.0762450744,constant 2021 international $,World Bank,2026-10-09
LVA,Latvia,2025,NY.GDP.PCAP.PP.KD,38800.5425281872,constant 2021 international $,World Bank,2026-10-09
MKD,North Macedonia,2010,NY.GDP.PCAP.PP.KD,16731.0901838425,constant 2021 international $,World Bank,2026-10-09
MKD,North Macedonia,2011,NY.GDP.PCAP.PP.KD,17201.236162644,constant 2021 international $,World Bank,2026-10-09
MKD,North Macedonia,2012,NY.GDP.PCAP.PP.KD,17189.9956305456,constant 2021 international $,World Bank,2026-10-09
MKD,North Macedonia,2013,NY.GDP.PCAP.PP.KD,17758.2275594412,constant 2021 international $,World Bank,2026-10-09
MKD,North Macedonia,2014,NY.GDP.PCAP.PP.KD,18452.2062280148,constant 2021 international $,World Bank,2026-10-09
MKD,North Macedonia,2015,NY.GDP.PCAP.PP.KD,19215.0740381192,constant 2021 international $,World Bank,2026-10-09
MKD,North Macedonia,2016,NY.GDP.PCAP.PP.KD,19825.7724685057,constant 2021 international $,World Bank,2026-10-09
MKD,North Macedonia,2017,NY.GDP.PCAP.PP.KD,20121.0510180726,constant 2021 international $,World Bank,2026-10-09
MKD,North Macedonia,2018,NY.GDP.PCAP.PP.KD,20805.9221192555,constant 2021 international $,World Bank,2026-10-09
MKD,North Macedonia,2019,NY.GDP.PCAP.PP.KD,21766.8842062487,constant 2021 international $,World Bank,2026-10-09
MKD,North Macedonia,2020,NY.GDP.PCAP.PP.KD,20971.4421033593,constant 2021 international $,World Bank,2026-10-09
MKD,North Macedonia,2021,NY.GDP.PCAP.PP.KD,22144.1924252732,constant 2021 international $,World Bank,2026-10-09
MKD,North Macedonia,2022,NY.GDP.PCAP.PP.KD,22822.2333994259,constant 2021 international $,World Bank,2026-10-09
MKD,North Macedonia,2023,NY.GDP.PCAP.PP.KD,23455.2221318176,constant 2021 international $,World Bank,2026-10-09
MKD,North Macedonia,2024,NY.GDP.PCAP.PP.KD,24203.1855800189,constant 2021 international $,World Bank,2026-10-09
MKD,North Macedonia,2025,NY.GDP.PCAP.PP.KD,25094.6225007185,constant 2021 international $,World Bank,2026-10-09
MLT,Malta,2010,NY.GDP.PCAP.PP.KD,37528.7341525511,constant 2021 international $,World Bank,2026-10-09
MLT,Malta,2011,NY.GDP.PCAP.PP.KD,37740.8473665429,constant 2021 international $,World Bank,2026-10-09
MLT,Malta,2012,NY.GDP.PCAP.PP.KD,38937.1487755674,constant 2021 international $,World Bank,2026-10-09
MLT,Malta,2013,NY.GDP.PCAP.PP.KD,40921.3167795062,constant 2021 international $,World Bank,2026-10-09
MLT,Malta,2014,NY.GDP.PCAP.PP.KD,43163.1473000396,constant 2021 international $,World Bank,2026-10-09
MLT,Malta,2015,NY.GDP.PCAP.PP.KD,46171.8893420758,constant 2021 international $,World Bank,2026-10-09
MLT,Malta,2016,NY.GDP.PCAP.PP.KD,46967.3486291212,constant 2021 international $,World Bank,2026-10-09
MLT,Malta,2017,NY.GDP.PCAP.PP.KD,51628.2677400365,constant 2021 international $,World Bank,2026-10-09
MLT,Malta,2018,NY.GDP.PCAP.PP.KD,53419.0022708322,constant 2021 international $,World Bank,2026-10-09
MLT,Malta,2019,NY.GDP.PCAP.PP.KD,53393.4231642463,constant 2021 international $,World Bank,2026-10-09
MLT,Malta,2020,NY.GDP.PCAP.PP.KD,50389.6963309289,constant 2021 international $,World Bank,2026-10-09
MLT,Malta,2021,NY.GDP.PCAP.PP.KD,56823.9958525022,constant 2021 international $,World Bank,2026-10-09
MLT,Malta,2022,NY.GDP.PCAP.PP.KD,56874.4339327368,constant 2021 international $,World Bank,2026-10-09
MLT,Malta,2023,NY.GDP.PCAP.PP.KD,60459.7655182644,constant 2021 international $,World Bank,2026-10-09
MLT,Malta,2024,NY.GDP.PCAP.PP.KD,62398.4892388947,constant 2021 international $,World Bank,2026-10-09
MLT,Malta,2025,NY.GDP.PCAP.PP.KD,63655.5160659665,constant 2021 international $,World Bank,2026-10-09
MNE,Montenegro,2010,NY.GDP.PCAP.PP.KD,19476.1626179487,constant 2021 international $,World Bank,2026-10-09
MNE,Montenegro,2011,NY.GDP.PCAP.PP.KD,20110.4869725048,constant 2021 international $,World Bank,2026-10-09
MNE,Montenegro,2012,NY.GDP.PCAP.PP.KD,19576.412051459,constant 2021 international $,World Bank,2026-10-09
MNE,Montenegro,2013,NY.GDP.PCAP.PP.KD,20201.2916344369,constant 2021 international $,World Bank,2026-10-09
MNE,Montenegro,2014,NY.GDP.PCAP.PP.KD,20641.7645176561,constant 2021 international $,World Bank,2026-10-09
MNE,Montenegro,2015,NY.GDP.PCAP.PP.KD,21131.8410316247,constant 2021 international $,World Bank,2026-10-09
MNE,Montenegro,2016,NY.GDP.PCAP.PP.KD,21834.0918741924,constant 2021 international $,World Bank,2026-10-09
MNE,Montenegro,2017,NY.GDP.PCAP.PP.KD,22513.7807637171,constant 2021 international $,World Bank,2026-10-09
MNE,Montenegro,2018,NY.GDP.PCAP.PP.KD,23562.1762558957,constant 2021 international $,World Bank,2026-10-09
MNE,Montenegro,2019,NY.GDP.PCAP.PP.KD,24585.1159529158,constant 2021 international $,World Bank,2026-10-09
MNE,Montenegro,2020,NY.GDP.PCAP.PP.KD,20904.5999314513,constant 2021 international $,World Bank,2026-10-09
MNE,Montenegro,2021,NY.GDP.PCAP.PP.KD,23689.9791090651,constant 2021 international $,World Bank,2026-10-09
MNE,Montenegro,2022,NY.GDP.PCAP.PP.KD,25583.3155690619,constant 2021 international $,World Bank,2026-10-09
MNE,Montenegro,2023,NY.GDP.PCAP.PP.KD,27243.404228981,constant 2021 international $,World Bank,2026-10-09
MNE,Montenegro,2024,NY.GDP.PCAP.PP.KD,28105.5927726624,constant 2021 international $,World Bank,2026-10-09
MNE,Montenegro,2025,NY.GDP.PCAP.PP.KD,28895.3171970071,constant 2021 international $,World Bank,2026-10-09
NLD,Netherlands,2010,NY.GDP.PCAP.PP.KD,61518.5768954231,constant 2021 international $,World Bank,2026-10-09
NLD,Netherlands,2011,NY.GDP.PCAP.PP.KD,62318.1391154389,constant 2021 international $,World Bank,2026-10-09
NLD,Netherlands,2012,NY.GDP.PCAP.PP.KD,61480.8416416324,constant 2021 international $,World Bank,2026-10-09
NLD,Netherlands,2013,NY.GDP.PCAP.PP.KD,61281.3125686741,constant 2021 international $,World Bank,2026-10-09
NLD,Netherlands,2014,NY.GDP.PCAP.PP.KD,62045.849197561,constant 2021 international $,World Bank,2026-10-09
NLD,Netherlands,2015,NY.GDP.PCAP.PP.KD,63081.4083495966,constant 2021 international $,World Bank,2026-10-09
NLD,Netherlands,2016,NY.GDP.PCAP.PP.KD,64267.7476553623,constant 2021 international $,World Bank,2026-10-09
NLD,Netherlands,2017,NY.GDP.PCAP.PP.KD,65665.9910229578,constant 2021 international $,World Bank,2026-10-09
NLD,Netherlands,2018,NY.GDP.PCAP.PP.KD,66758.2454283317,constant 2021 international $,World Bank,2026-10-09
NLD,Netherlands,2019,NY.GDP.PCAP.PP.KD,67847.8818461095,constant 2021 international $,World Bank,2026-10-09
NLD,Netherlands,2020,NY.GDP.PCAP.PP.KD,64862.1890353474,constant 2021 international $,World Bank,2026-10-09
NLD,Netherlands,2021,NY.GDP.PCAP.PP.KD,68573.5648786447,constant 2021 international $,World Bank,2026-10-09
NLD,Netherlands,2022,NY.GDP.PCAP.PP.KD,71324.0360229425,constant 2021 international $,World Bank,2026-10-09
NLD,Netherlands,2023,NY.GDP.PCAP.PP.KD,70198.9546022361,constant 2021 international $,World Bank,2026-10-09
NLD,Netherlands,2024,NY.GDP.PCAP.PP.KD,70493.9051219267,constant 2021 international $,World Bank,2026-10-09
NLD,Netherlands,2025,NY.GDP.PCAP.PP.KD,71378.4856331012,constant 2021 international $,World Bank,2026-10-09
POL,Poland,2010,NY.GDP.PCAP.PP.KD,27112.1333797381,constant 2021 international $,World Bank,2026-10-09
POL,Poland,2011,NY.GDP.PCAP.PP.KD,28521.6612623568,constant 2021 international $,World Bank,2026-10-09
POL,Poland,2012,NY.GDP.PCAP.PP.KD,28952.9157305301,constant 2021 international $,World Bank,2026-10-09
POL,Poland,2013,NY.GDP.PCAP.PP.KD,29168.624211075,constant 2021 international $,World Bank,2026-10-09
POL,Poland,2014,NY.GDP.PCAP.PP.KD,30334.8786569618,constant 2021 international $,World Bank,2026-10-09
POL,Poland,2015,NY.GDP.PCAP.PP.KD,31700.3682364154,constant 2021 international $,World Bank,2026-10-09
POL,Poland,2016,NY.GDP.PCAP.PP.KD,32675.3052259954,constant 2021 international $,World Bank,2026-10-09
POL,Poland,2017,NY.GDP.PCAP.PP.KD,34354.5987616319,constant 2021 international $,World Bank,2026-10-09
POL,Poland,2018,NY.GDP.PCAP.PP.KD,36500.4114282584,constant 2021 international $,World Bank,2026-10-09
POL,Poland,2019,NY.GDP.PCAP.PP.KD,38181.6230334689,constant 2021 international $,World Bank,2026-10-09
POL,Poland,2020,NY.GDP.PCAP.PP.KD,37852.8021313639,constant 2021 international $,World Bank,2026-10-09
POL,Poland,2021,NY.GDP.PCAP.PP.KD,41059.5847829682,constant 2021 international $,World Bank,2026-10-09
POL,Poland,2022,NY.GDP.PCAP.PP.KD,43405.0215797441,constant 2021 international $,World Bank,2026-10-09
POL,Poland,2023,NY.GDP.PCAP.PP.KD,43672.7668014946,constant 2021 international $,World Bank,2026-10-09
POL,Poland,2024,NY.GDP.PCAP.PP.KD,45153.0439773281,constant 2021 international $,World Bank,2026-10-09
POL,Poland,2025,NY.GDP.PCAP.PP.KD,46924.5887897477,constant 2021 international $,World Bank,2026-10-09
PRT,Portugal,2010,NY.GDP.PCAP.PP.KD,36703.1141882825,constant 2021 international $,World Bank,2026-10-09
PRT,Portugal,2011,NY.GDP.PCAP.PP.KD,36127.2949766157,constant 2021 international $,World Bank,2026-10-09
PRT,Portugal,2012,NY.GDP.PCAP.PP.KD,34804.6333340484,constant 2021 international $,World Bank,2026-10-09
PRT,Portugal,2013,NY.GDP.PCAP.PP.KD,34651.7719455059,constant 2021 international $,World Bank,2026-10-09
PRT,Portugal,2014,NY.GDP.PCAP.PP.KD,35097.4098263232,constant 2021 international $,World Bank,2026-10-09
PRT,Portugal,2015,NY.GDP.PCAP.PP.KD,35803.3575649772,constant 2021 international $,World Bank,2026-10-09
PRT,Portugal,2016,NY.GDP.PCAP.PP.KD,36636.2978441636,constant 2021 international $,World Bank,2026-10-09
PRT,Portugal,2017,NY.GDP.PCAP.PP.KD,37943.1150505677,constant 2021 international $,World Bank,2026-10-09
PRT,Portugal,2018,NY.GDP.PCAP.PP.KD,39123.6151282575,constant 2021 international $,World Bank,2026-10-09
PRT,Portugal,2019,NY.GDP.PCAP.PP.KD,40188.2868799223,constant 2021 international $,World Bank,2026-10-09
PRT,Portugal,2020,NY.GDP.PCAP.PP.KD,36852.2287338103,constant 2021 international $,World Bank,2026-10-09
PRT,Portugal,2021,NY.GDP.PCAP.PP.KD,38657.6677223429,constant 2021 international $,World Bank,2026-10-09
PRT,Portugal,2022,NY.GDP.PCAP.PP.KD,41070.8611529744,constant 2021 international $,World Bank,2026-10-09
PRT,Portugal,2023,NY.GDP.PCAP.PP.KD,41768.2583096874,constant 2021 international $,World Bank,2026-10-09
PRT,Portugal,2024,NY.GDP.PCAP.PP.KD,42228.1580446502,constant 2021 international $,World Bank,2026-10-09
PRT,Portugal,2025,NY.GDP.PCAP.PP.KD,42576.8139673545,constant 2021 international $,World Bank,2026-10-09
ROU,Romania,2010,NY.GDP.PCAP.PP.KD,24902.9044891466,constant 2021 international $,World Bank,2026-10-09
ROU,Romania,2011,NY.GDP.PCAP.PP.KD,26150.7476231736,constant 2021 international $,World Bank,2026-10-09
ROU,Romania,2012,NY.GDP.PCAP.PP.KD,26767.4556487181,constant 2021 international $,World Bank,2026-10-09
ROU,Romania,2013,NY.GDP.PCAP.PP.KD,26941.9318849595,constant 2021 international $,World Bank,2026-10-09
ROU,Romania,2014,NY.GDP.PCAP.PP.KD,28156.1307843293,constant 2021 international $,World Bank,2026-10-09
ROU,Romania,2015,NY.GDP.PCAP.PP.KD,29181.8781722441,constant 2021 international $,World Bank,2026-10-09
ROU,Romania,2016,NY.GDP.PCAP.PP.KD,30189.147723024,constant 2021 international $,World Bank,2026-10-09
ROU,Romania,2017,NY.GDP.PCAP.PP.KD,32852.6355672255,constant 2021 international $,World Bank,2026-10-09
ROU,Romania,2018,NY.GDP.PCAP.PP.KD,34828.8958637884,constant 2021 international $,World Bank,2026-10-09
ROU,Romania,2019,NY.GDP.PCAP.PP.KD,36399.4746080793,constant 2021 international $,World Bank,2026-10-09
ROU,Romania,2020,NY.GDP.PCAP.PP.KD,35283.6060358241,constant 2021 international $,World Bank,2026-10-09
ROU,Romania,2021,NY.GDP.PCAP.PP.KD,37534.0002643549,constant 2021 international $,World Bank,2026-10-09
ROU,Romania,2022,NY.GDP.PCAP.PP.KD,39256.8260854977,constant 2021 international $,World Bank,2026-10-09
ROU,Romania,2023,NY.GDP.PCAP.PP.KD,40116.6891416904,constant 2021 international $,World Bank,2026-10-09
ROU,Romania,2024,NY.GDP.PCAP.PP.KD,40503.8323253789,constant 2021 international $,World Bank,2026-10-09
ROU,Romania,2025,NY.GDP.PCAP.PP.KD,40845.9843440113,constant 2021 international $,World Bank,2026-10-09
SRB,Serbia,2010,NY.GDP.PCAP.PP.KD,17841.4312599018,constant 2021 international $,World Bank,2026-10-09
SRB,Serbia,2011,NY.GDP.PCAP.PP.KD,17986.5840283539,constant 2021 international $,World Bank,2026-10-09
SRB,Serbia,2012,NY.GDP.PCAP.PP.KD,17993.8147169993,constant 2021 international $,World Bank,2026-10-09
SRB,Serbia,2013,NY.GDP.PCAP.PP.KD,18163.2047330246,constant 2021 international $,World Bank,2026-10-09
SRB,Serbia,2014,NY.GDP.PCAP.PP.KD,17922.4357685757,constant 2021 international $,World Bank,2026-10-09
SRB,Serbia,2015,NY.GDP.PCAP.PP.KD,18247.8091057968,constant 2021 international $,World Bank,2026-10-09
SRB,Serbia,2016,NY.GDP.PCAP.PP.KD,18889.3816415548,constant 2021 international $,World Bank,2026-10-09
SRB,Serbia,2017,NY.GDP.PCAP.PP.KD,19438.9917129776,constant 2021 international $,World Bank,2026-10-09
SRB,Serbia,2018,NY.GDP.PCAP.PP.KD,20454.225884367,constant 2021 international $,World Bank,2026-10-09
SRB,Serbia,2019,NY.GDP.PCAP.PP.KD,21541.1264037184,constant 2021 international $,World Bank,2026-10-09
SRB,Serbia,2020,NY.GDP.PCAP.PP.KD,21479.0788553347,constant 2021 international $,World Bank,2026-10-09
SRB,Serbia,2021,NY.GDP.PCAP.PP.KD,23406.3065657117,constant 2021 international $,World Bank,2026-10-09
SRB,Serbia,2022,NY.GDP.PCAP.PP.KD,24651.8478183529,constant 2021 international $,World Bank,2026-10-09
SRB,Serbia,2023,NY.GDP.PCAP.PP.KD,25735.1334774195,constant 2021 international $,World Bank,2026-10-09
SRB,Serbia,2024,NY.GDP.PCAP.PP.KD,26900.7415340646,constant 2021 international $,World Bank,2026-10-09
SRB,Serbia,2025,NY.GDP.PCAP.PP.KD,27603.3916309287,constant 2021 international $,World Bank,2026-10-09
SVK,Slovakia,2010,NY.GDP.PCAP.PP.KD,29745.9196662166,constant 2021 international $,World Bank,2026-10-09
SVK,Slovakia,2011,NY.GDP.PCAP.PP.KD,30468.8257049455,constant 2021 international $,World Bank,2026-10-09
SVK,Slovakia,2012,NY.GDP.PCAP.PP.KD,30894.3118010926,constant 2021 international $,World Bank,2026-10-09
SVK,Slovakia,2013,NY.GDP.PCAP.PP.KD,31078.1848215695,constant 2021 international $,World Bank,2026-10-09
SVK,Slovakia,2014,NY.GDP.PCAP.PP.KD,31888.805351531,constant 2021 international $,World Bank,2026-10-09
SVK,Slovakia,2015,NY.GDP.PCAP.PP.KD,33507.7913603774,constant 2021 international $,World Bank,2026-10-09
SVK,Slovakia,2016,NY.GDP.PCAP.PP.KD,34116.4502039273,constant 2021 international $,World Bank,2026-10-09
SVK,Slovakia,2017,NY.GDP.PCAP.PP.KD,35042.7858925618,constant 2021 international $,World Bank,2026-10-09
SVK,Slovakia,2018,NY.GDP.PCAP.PP.KD,36415.7920529507,constant 2021 international $,World Bank,2026-10-09
SVK,Slovakia,2019,NY.GDP.PCAP.PP.KD,37194.2104548698,constant 2021 international $,World Bank,2026-10-09
SVK,Slovakia,2020,NY.GDP.PCAP.PP.KD,36201.4863805533,constant 2021 international $,World Bank,2026-10-09
SVK,Slovakia,2021,NY.GDP.PCAP.PP.KD,38330.302743447,constant 2021 international $,World Bank,2026-10-09
SVK,Slovakia,2022,NY.GDP.PCAP.PP.KD,38648.9855746919,constant 2021 international $,World Bank,2026-10-09
SVK,Slovakia,2023,NY.GDP.PCAP.PP.KD,39501.9474231962,constant 2021 international $,World Bank,2026-10-09
SVK,Slovakia,2024,NY.GDP.PCAP.PP.KD,40302.4514288424,constant 2021 international $,World Bank,2026-10-09
SVK,Slovakia,2025,NY.GDP.PCAP.PP.KD,40689.8179557427,constant 2021 international $,World Bank,2026-10-09
SVN,Slovenia,2010,NY.GDP.PCAP.PP.KD,38063.314683572,constant 2021 international $,World Bank,2026-10-09
SVN,Slovenia,2011,NY.GDP.PCAP.PP.KD,38233.2905622851,constant 2021 international $,World Bank,2026-10-09
SVN,Slovenia,2012,NY.GDP.PCAP.PP.KD,37040.7082746106,constant 2021 international $,World Bank,2026-10-09
SVN,Slovenia,2013,NY.GDP.PCAP.PP.KD,36685.7496645094,constant 2021 international $,World Bank,2026-10-09
SVN,Slovenia,2014,NY.GDP.PCAP.PP.KD,37662.2559898098,constant 2021 international $,World Bank,2026-10-09
SVN,Slovenia,2015,NY.GDP.PCAP.PP.KD,38534.6437425951,constant 2021 international $,World Bank,2026-10-09
SVN,Slovenia,2016,NY.GDP.PCAP.PP.KD,39674.8931561968,constant 2021 international $,World Bank,2026-10-09
SVN,Slovenia,2017,NY.GDP.PCAP.PP.KD,41700.651085028,constant 2021 international $,World Bank,2026-10-09
SVN,Slovenia,2018,NY.GDP.PCAP.PP.KD,43369.221946981,constant 2021 international $,World Bank,2026-10-09
SVN,Slovenia,2019,NY.GDP.PCAP.PP.KD,44577.9418583069,constant 2021 international $,World Bank,2026-10-09
SVN,Slovenia,2020,NY.GDP.PCAP.PP.KD,42471.5228031277,constant 2021 international $,World Bank,2026-10-09
SVN,Slovenia,2021,NY.GDP.PCAP.PP.KD,45922.6632600134,constant 2021 international $,World Bank,2026-10-09
SVN,Slovenia,2022,NY.GDP.PCAP.PP.KD,47058.8865960028,constant 2021 international $,World Bank,2026-10-09
SVN,Slovenia,2023,NY.GDP.PCAP.PP.KD,47986.4195855821,constant 2021 international $,World Bank,2026-10-09
SVN,Slovenia,2024,NY.GDP.PCAP.PP.KD,48658.0265180267,constant 2021 international $,World Bank,2026-10-09
SVN,Slovenia,2025,NY.GDP.PCAP.PP.KD,49091.0184405902,constant 2021 international $,World Bank,2026-10-09
SWE,Sweden,2010,NY.GDP.PCAP.PP.KD,55520.4324178534,constant 2021 international $,World Bank,2026-10-09
SWE,Sweden,2011,NY.GDP.PCAP.PP.KD,56846.1368290625,constant 2021 international $,World Bank,2026-10-09
SWE,Sweden,2012,NY.GDP.PCAP.PP.KD,56193.3287488246,constant 2021 international $,World Bank,2026-10-09
SWE,Sweden,2013,NY.GDP.PCAP.PP.KD,56353.0856347897,constant 2021 international $,World Bank,2026-10-09
SWE,Sweden,2014,NY.GDP.PCAP.PP.KD,57077.6693544196,constant 2021 international $,World Bank,2026-10-09
SWE,Sweden,2015,NY.GDP.PCAP.PP.KD,58955.6412361461,constant 2021 international $,World Bank,2026-10-09
SWE,Sweden,2016,NY.GDP.PCAP.PP.KD,59460.2872722689,constant 2021 international $,World Bank,2026-10-09
SWE,Sweden,2017,NY.GDP.PCAP.PP.KD,59769.0136237,constant 2021 international $,World Bank,2026-10-09
SWE,Sweden,2018,NY.GDP.PCAP.PP.KD,60124.5711994179,constant 2021 international $,World Bank,2026-10-09
SWE,Sweden,2019,NY.GDP.PCAP.PP.KD,61070.5243445838,constant 2021 international $,World Bank,2026-10-09
SWE,Sweden,2020,NY.GDP.PCAP.PP.KD,59458.2805291969,constant 2021 international $,World Bank,2026-10-09
SWE,Sweden,2021,NY.GDP.PCAP.PP.KD,62190.8526983825,constant 2021 international $,World Bank,2026-10-09
SWE,Sweden,2022,NY.GDP.PCAP.PP.KD,62544.5002248644,constant 2021 international $,World Bank,2026-10-09
SWE,Sweden,2023,NY.GDP.PCAP.PP.KD,62122.5116950792,constant 2021 international $,World Bank,2026-10-09
SWE,Sweden,2024,NY.GDP.PCAP.PP.KD,62558.4065876041,constant 2021 international $,World Bank,2026-10-09
SWE,Sweden,2025,NY.GDP.PCAP.PP.KD,63362.4612808079,constant 2021 international $,World Bank,2026-10-09
ALB,Albania,2010,SE.TER.ENRR,43.3279304504395,% gross,World Bank,2026-10-09
ALB,Albania,2011,SE.TER.ENRR,49.3997040639925,% gross,World Bank,2026-10-09
ALB,Albania,2012,SE.TER.ENRR,58.6214186004979,% gross,World Bank,2026-10-09
ALB,Albania,2013,SE.TER.ENRR,63.8440585382953,% gross,World Bank,2026-10-09
ALB,Albania,2014,SE.TER.ENRR,65.5507096860696,% gross,World Bank,2026-10-09
ALB,Albania,2015,SE.TER.ENRR,61.9608485481051,% gross,World Bank,2026-10-09
ALB,Albania,2016,SE.TER.ENRR,58.4884791901189,% gross,World Bank,2026-10-09
ALB,Albania,2017,SE.TER.ENRR,58.0177836674929,% gross,World Bank,2026-10-09
ALB,Albania,2018,SE.TER.ENRR,56.0802964109938,% gross,World Bank,2026-10-09
ALB,Albania,2019,SE.TER.ENRR,61.4085141527142,% gross,World Bank,2026-10-09
ALB,Albania,2020,SE.TER.ENRR,61.5853024328899,% gross,World Bank,2026-10-09
ALB,Albania,2021,SE.TER.ENRR,59.9698690125562,% gross,World Bank,2026-10-09
ALB,Albania,2022,SE.TER.ENRR,62.647921513098,% gross,World Bank,2026-10-09
ALB,Albania,2023,SE.TER.ENRR,64.7293520237257,% gross,World Bank,2026-10-09
ALB,Albania,2024,SE.TER.ENRR,84.1496200561523,% gross,World Bank,2026-10-09
AUT,Austria,2010,SE.TER.ENRR,75.0402526855469,% gross,World Bank,2026-10-09
AUT,Austria,2011,SE.TER.ENRR,77.2625122070312,% gross,World Bank,2026-10-09
AUT,Austria,2012,SE.TER.ENRR,79.5471267700195,% gross,World Bank,2026-10-09
AUT,Austria,2013,SE.TER.ENRR,80.9616012573242,% gross,World Bank,2026-10-09
AUT,Austria,2014,SE.TER.ENRR,81.0195693969727,% gross,World Bank,2026-10-09
AUT,Austria,2015,SE.TER.ENRR,82.2563095092773,% gross,World Bank,2026-10-09
AUT,Austria,2016,SE.TER.ENRR,82.8496932983398,% gross,World Bank,2026-10-09
AUT,Austria,2017,SE.TER.ENRR,83.8392562866211,% gross,World Bank,2026-10-09
AUT,Austria,2018,SE.TER.ENRR,85.8698883056641,% gross,World Bank,2026-10-09
AUT,Austria,2019,SE.TER.ENRR,86.3234329223633,% gross,World Bank,2026-10-09
AUT,Austria,2020,SE.TER.ENRR,88.7071990966797,% gross,World Bank,2026-10-09
AUT,Austria,2021,SE.TER.ENRR,93.940071105957,% gross,World Bank,2026-10-09
AUT,Austria,2022,SE.TER.ENRR,94.5116882324219,% gross,World Bank,2026-10-09
AUT,Austria,2023,SE.TER.ENRR,91.6818237304688,% gross,World Bank,2026-10-09
AUT,Austria,2024,SE.TER.ENRR,92.6126708984375,% gross,World Bank,2026-10-09
BEL,Belgium,2010,SE.TER.ENRR,66.8578872680664,% gross,World Bank,2026-10-09
BEL,Belgium,2011,SE.TER.ENRR,67.7034072875977,% gross,World Bank,2026-10-09
BEL,Belgium,2012,SE.TER.ENRR,69.7490615844727,% gross,World Bank,2026-10-09
BEL,Belgium,2013,SE.TER.ENRR,71.7841110229492,% gross,World Bank,2026-10-09
BEL,Belgium,2014,SE.TER.ENRR,74.0397262573242,% gross,World Bank,2026-10-09
BEL,Belgium,2015,SE.TER.ENRR,76.423942565918,% gross,World Bank,2026-10-09
BEL,Belgium,2016,SE.TER.ENRR,77.2435073852539,% gross,World Bank,2026-10-09
BEL,Belgium,2017,SE.TER.ENRR,80.7738189697266,% gross,World Bank,2026-10-09
BEL,Belgium,2018,SE.TER.ENRR,79.1237487792969,% gross,World Bank,2026-10-09
BEL,Belgium,2019,SE.TER.ENRR,79.3044815063477,% gross,World Bank,2026-10-09
BEL,Belgium,2020,SE.TER.ENRR,79.4996032714844,% gross,World Bank,2026-10-09
BEL,Belgium,2021,SE.TER.ENRR,82.6882019042969,% gross,World Bank,2026-10-09
BEL,Belgium,2022,SE.TER.ENRR,83.5736465454102,% gross,World Bank,2026-10-09
BEL,Belgium,2023,SE.TER.ENRR,82.1475601196289,% gross,World Bank,2026-10-09
BGR,Bulgaria,2010,SE.TER.ENRR,58.354850769043,% gross,World Bank,2026-10-09
BGR,Bulgaria,2011,SE.TER.ENRR,59.8246803283691,% gross,World Bank,2026-10-09
BGR,Bulgaria,2012,SE.TER.ENRR,62.1616516113281,% gross,World Bank,2026-10-09
BGR,Bulgaria,2013,SE.TER.ENRR,68.2013397216797,% gross,World Bank,2026-10-09
BGR,Bulgaria,2014,SE.TER.ENRR,72.981559753418,% gross,World Bank,2026-10-09
BGR,Bulgaria,2015,SE.TER.ENRR,78.2999572753906,% gross,World Bank,2026-10-09
BGR,Bulgaria,2016,SE.TER.ENRR,80.6399612426758,% gross,World Bank,2026-10-09
BGR,Bulgaria,2017,SE.TER.ENRR,81.2245864868164,% gross,World Bank,2026-10-09
BGR,Bulgaria,2018,SE.TER.ENRR,83.134880065918,% gross,World Bank,2026-10-09
BGR,Bulgaria,2019,SE.TER.ENRR,84.7503128051758,% gross,World Bank,2026-10-09
BGR,Bulgaria,2020,SE.TER.ENRR,85.5331115722656,% gross,World Bank,2026-10-09
BGR,Bulgaria,2021,SE.TER.ENRR,85.3017501831055,% gross,World Bank,2026-10-09
BGR,Bulgaria,2022,SE.TER.ENRR,84.1293563842773,% gross,World Bank,2026-10-09
BGR,Bulgaria,2023,SE.TER.ENRR,79.8532333374023,% gross,World Bank,2026-10-09
BGR,Bulgaria,2024,SE.TER.ENRR,69.5460433959961,% gross,World Bank,2026-10-09
BIH,Bosnia and Herzegovina,2010,SE.TER.ENRR,38.5334587097168,% gross,World Bank,2026-10-09
BIH,Bosnia and Herzegovina,2011,SE.TER.ENRR,41.9769592285156,% gross,World Bank,2026-10-09
BIH,Bosnia and Herzegovina,2012,SE.TER.ENRR,44.7015495300293,% gross,World Bank,2026-10-09
BIH,Bosnia and Herzegovina,2013,SE.TER.ENRR,51.3600883483887,% gross,World Bank,2026-10-09
BIH,Bosnia and Herzegovina,2014,SE.TER.ENRR,54.1655807495117,% gross,World Bank,2026-10-09
BIH,Bosnia and Herzegovina,2015,SE.TER.ENRR,55.5336608886719,% gross,World Bank,2026-10-09
BIH,Bosnia and Herzegovina,2016,SE.TER.ENRR,56.9546089172363,% gross,World Bank,2026-10-09
BIH,Bosnia and Herzegovina,2017,SE.TER.ENRR,54.528678894043,% gross,World Bank,2026-10-09
BIH,Bosnia and Herzegovina,2018,SE.TER.ENRR,49.7987518310547,% gross,World Bank,2026-10-09
BIH,Bosnia and Herzegovina,2019,SE.TER.ENRR,46.6677894592285,% gross,World Bank,2026-10-09
BIH,Bosnia and Herzegovina,2020,SE.TER.ENRR,43.8039207458496,% gross,World Bank,2026-10-09
BIH,Bosnia and Herzegovina,2021,SE.TER.ENRR,45.0589485168457,% gross,World Bank,2026-10-09
BIH,Bosnia and Herzegovina,2022,SE.TER.ENRR,45.6063499450684,% gross,World Bank,2026-10-09
BIH,Bosnia and Herzegovina,2023,SE.TER.ENRR,45.5027618408203,% gross,World Bank,2026-10-09
CYP,Cyprus,2010,SE.TER.ENRR,48.311580657959,% gross,World Bank,2026-10-09
CYP,Cyprus,2011,SE.TER.ENRR,46.5397300720215,% gross,World Bank,2026-10-09
CYP,Cyprus,2012,SE.TER.ENRR,45.8635902404785,% gross,World Bank,2026-10-09
CYP,Cyprus,2013,SE.TER.ENRR,47.470890045166,% gross,World Bank,2026-10-09
CYP,Cyprus,2014,SE.TER.ENRR,52.1083793640137,% gross,World Bank,2026-10-09
CYP,Cyprus,2015,SE.TER.ENRR,59.8640594482422,% gross,World Bank,2026-10-09
CYP,Cyprus,2016,SE.TER.ENRR,68.3754730224609,% gross,World Bank,2026-10-09
CYP,Cyprus,2017,SE.TER.ENRR,79.827522277832,% gross,World Bank,2026-10-09
CYP,Cyprus,2018,SE.TER.ENRR,86.5899276733398,% gross,World Bank,2026-10-09
CYP,Cyprus,2019,SE.TER.ENRR,93.9260711669922,% gross,World Bank,2026-10-09
CYP,Cyprus,2020,SE.TER.ENRR,102.390762329102,% gross,World Bank,2026-10-09
CYP,Cyprus,2021,SE.TER.ENRR,106.362930297852,% gross,World Bank,2026-10-09
CYP,Cyprus,2022,SE.TER.ENRR,105.384979248047,% gross,World Bank,2026-10-09
CYP,Cyprus,2023,SE.TER.ENRR,107.26212310791,% gross,World Bank,2026-10-09
CYP,Cyprus,2024,SE.TER.ENRR,120.87727355957,% gross,World Bank,2026-10-09
CZE,Czechia,2010,SE.TER.ENRR,64.9327697753906,% gross,World Bank,2026-10-09
CZE,Czechia,2011,SE.TER.ENRR,66.7968215942383,% gross,World Bank,2026-10-09
CZE,Czechia,2012,SE.TER.ENRR,66.9287719726562,% gross,World Bank,2026-10-09
CZE,Czechia,2013,SE.TER.ENRR,66.3243179321289,% gross,World Bank,2026-10-09
CZE,Czechia,2014,SE.TER.ENRR,67.3959732055664,% gross,World Bank,2026-10-09
CZE,Czechia,2015,SE.TER.ENRR,67.2303619384766,% gross,World Bank,2026-10-09
CZE,Czechia,2016,SE.TER.ENRR,67.5056381225586,% gross,World Bank,2026-10-09
CZE,Czechia,2017,SE.TER.ENRR,67.7142181396484,% gross,World Bank,2026-10-09
CZE,Czechia,2018,SE.TER.ENRR,66.7902221679688,% gross,World Bank,2026-10-09
CZE,Czechia,2019,SE.TER.ENRR,66.8802185058594,% gross,World Bank,2026-10-09
CZE,Czechia,2020,SE.TER.ENRR,67.1843719482422,% gross,World Bank,2026-10-09
CZE,Czechia,2021,SE.TER.ENRR,69.8369293212891,% gross,World Bank,2026-10-09
CZE,Czechia,2022,SE.TER.ENRR,70.8145904541016,% gross,World Bank,2026-10-09
CZE,Czechia,2023,SE.TER.ENRR,66.7282867431641,% gross,World Bank,2026-10-09
DEU,Germany,2013,SE.TER.ENRR,60.8984489440918,% gross,World Bank,2026-10-09
DEU,Germany,2014,SE.TER.ENRR,65.1844787597656,% gross,World Bank,2026-10-09
DEU,Germany,2015,SE.TER.ENRR,68.23291015625,% gross,World Bank,2026-10-09
DEU,Germany,2016,SE.TER.ENRR,67.9464111328125,% gross,World Bank,2026-10-09
DEU,Germany,2017,SE.TER.ENRR,68.4692306518555,% gross,World Bank,2026-10-09
DEU,Germany,2018,SE.TER.ENRR,69.1634292602539,% gross,World Bank,2026-10-09
DEU,Germany,2019,SE.TER.ENRR,72.705078125,% gross,World Bank,2026-10-09
DEU,Germany,2020,SE.TER.ENRR,72.3894195556641,% gross,World Bank,2026-10-09
DEU,Germany,2021,SE.TER.ENRR,75.6655426025391,% gross,World Bank,2026-10-09
DEU,Germany,2022,SE.TER.ENRR,77.3656997680664,% gross,World Bank,2026-10-09
DEU,Germany,2023,SE.TER.ENRR,78.5947494506836,% gross,World Bank,2026-10-09
DEU,Germany,2024,SE.TER.ENRR,76.7096862792969,% gross,World Bank,2026-10-09
DNK,Denmark,2010,SE.TER.ENRR,72.4951477050781,% gross,World Bank,2026-10-09
DNK,Denmark,2011,SE.TER.ENRR,75.9300231933594,% gross,World Bank,2026-10-09
DNK,Denmark,2012,SE.TER.ENRR,77.7465515136719,% gross,World Bank,2026-10-09
DNK,Denmark,2013,SE.TER.ENRR,80.4186782836914,% gross,World Bank,2026-10-09
DNK,Denmark,2014,SE.TER.ENRR,81.3143615722656,% gross,World Bank,2026-10-09
DNK,Denmark,2015,SE.TER.ENRR,83.300407409668,% gross,World Bank,2026-10-09
DNK,Denmark,2016,SE.TER.ENRR,82.1714935302734,% gross,World Bank,2026-10-09
DNK,Denmark,2017,SE.TER.ENRR,81.3220062255859,% gross,World Bank,2026-10-09
DNK,Denmark,2018,SE.TER.ENRR,81.1405487060547,% gross,World Bank,2026-10-09
DNK,Denmark,2019,SE.TER.ENRR,81.6945877075195,% gross,World Bank,2026-10-09
DNK,Denmark,2020,SE.TER.ENRR,82.6643295288086,% gross,World Bank,2026-10-09
DNK,Denmark,2021,SE.TER.ENRR,83.982292175293,% gross,World Bank,2026-10-09
DNK,Denmark,2022,SE.TER.ENRR,84.5866088867188,% gross,World Bank,2026-10-09
DNK,Denmark,2023,SE.TER.ENRR,81.2308197021484,% gross,World Bank,2026-10-09
DNK,Denmark,2024,SE.TER.ENRR,78.9604110717773,% gross,World Bank,2026-10-09
ESP,Spain,2010,SE.TER.ENRR,76.3829116821289,% gross,World Bank,2026-10-09
ESP,Spain,2011,SE.TER.ENRR,80.7240905761719,% gross,World Bank,2026-10-09
ESP,Spain,2012,SE.TER.ENRR,82.89208984375,% gross,World Bank,2026-10-09
ESP,Spain,2013,SE.TER.ENRR,85.1826324462891,% gross,World Bank,2026-10-09
ESP,Spain,2014,SE.TER.ENRR,87.9358520507812,% gross,World Bank,2026-10-09
ESP,Spain,2015,SE.TER.ENRR,88.5305328369141,% gross,World Bank,2026-10-09
ESP,Spain,2016,SE.TER.ENRR,89.810791015625,% gross,World Bank,2026-10-09
ESP,Spain,2017,SE.TER.ENRR,92.070182800293,% gross,World Bank,2026-10-09
ESP,Spain,2018,SE.TER.ENRR,92.5194931030273,% gross,World Bank,2026-10-09
ESP,Spain,2019,SE.TER.ENRR,91.5387725830078,% gross,World Bank,2026-10-09
ESP,Spain,2020,SE.TER.ENRR,91.59912109375,% gross,World Bank,2026-10-09
ESP,Spain,2021,SE.TER.ENRR,95.3768997192383,% gross,World Bank,2026-10-09
ESP,Spain,2022,SE.TER.ENRR,95.0271606445312,% gross,World Bank,2026-10-09
ESP,Spain,2023,SE.TER.ENRR,93.7303466796875,% gross,World Bank,2026-10-09
ESP,Spain,2024,SE.TER.ENRR,93.7689666748047,% gross,World Bank,2026-10-09
EST,Estonia,2010,SE.TER.ENRR,68.7101593017578,% gross,World Bank,2026-10-09
EST,Estonia,2011,SE.TER.ENRR,71.0235290527344,% gross,World Bank,2026-10-09
EST,Estonia,2012,SE.TER.ENRR,72.9364700317383,% gross,World Bank,2026-10-09
EST,Estonia,2013,SE.TER.ENRR,75.4523162841797,% gross,World Bank,2026-10-09
EST,Estonia,2014,SE.TER.ENRR,76.2024536132812,% gross,World Bank,2026-10-09
EST,Estonia,2015,SE.TER.ENRR,74.5832824707031,% gross,World Bank,2026-10-09
EST,Estonia,2016,SE.TER.ENRR,73.0334320068359,% gross,World Bank,2026-10-09
EST,Estonia,2017,SE.TER.ENRR,72.1369781494141,% gross,World Bank,2026-10-09
EST,Estonia,2018,SE.TER.ENRR,72.0659637451172,% gross,World Bank,2026-10-09
EST,Estonia,2019,SE.TER.ENRR,72.7060317993164,% gross,World Bank,2026-10-09
EST,Estonia,2020,SE.TER.ENRR,72.0443572998047,% gross,World Bank,2026-10-09
EST,Estonia,2021,SE.TER.ENRR,73.1502075195312,% gross,World Bank,2026-10-09
EST,Estonia,2022,SE.TER.ENRR,71.4251937866211,% gross,World Bank,2026-10-09
EST,Estonia,2023,SE.TER.ENRR,67.6179275512695,% gross,World Bank,2026-10-09
EST,Estonia,2024,SE.TER.ENRR,65.6692276000977,% gross,World Bank,2026-10-09
EUU,European Union (aggregate),2010,SE.TER.ENRR,66.8966522216797,% gross,World Bank,2026-10-09
EUU,European Union (aggregate),2011,SE.TER.ENRR,67.5122680664062,% gross,World Bank,2026-10-09
EUU,European Union (aggregate),2012,SE.TER.ENRR,67.3753204345703,% gross,World Bank,2026-10-09
EUU,European Union (aggregate),2013,SE.TER.ENRR,67.5626907348633,% gross,World Bank,2026-10-09
EUU,European Union (aggregate),2014,SE.TER.ENRR,68.7397079467773,% gross,World Bank,2026-10-09
EUU,European Union (aggregate),2015,SE.TER.ENRR,69.7687225341797,% gross,World Bank,2026-10-09
EUU,European Union (aggregate),2016,SE.TER.ENRR,70.514030456543,% gross,World Bank,2026-10-09
EUU,European Union (aggregate),2017,SE.TER.ENRR,71.7874526977539,% gross,World Bank,2026-10-09
EUU,European Union (aggregate),2018,SE.TER.ENRR,72.9149475097656,% gross,World Bank,2026-10-09
EUU,European Union (aggregate),2019,SE.TER.ENRR,74.0401382446289,% gross,World Bank,2026-10-09
EUU,European Union (aggregate),2020,SE.TER.ENRR,75.0071029663086,% gross,World Bank,2026-10-09
EUU,European Union (aggregate),2021,SE.TER.ENRR,77.8575668334961,% gross,World Bank,2026-10-09
EUU,European Union (aggregate),2022,SE.TER.ENRR,79.6330184936523,% gross,World Bank,2026-10-09
EUU,European Union (aggregate),2023,SE.TER.ENRR,79.4997329711914,% gross,World Bank,2026-10-09
EUU,European Union (aggregate),2024,SE.TER.ENRR,79.4997329711914,% gross,World Bank,2026-10-09
FIN,Finland,2010,SE.TER.ENRR,93.1867599487305,% gross,World Bank,2026-10-09
FIN,Finland,2011,SE.TER.ENRR,93.2884292602539,% gross,World Bank,2026-10-09
FIN,Finland,2012,SE.TER.ENRR,91.5533828735352,% gross,World Bank,2026-10-09
FIN,Finland,2013,SE.TER.ENRR,91.2365264892578,% gross,World Bank,2026-10-09
FIN,Finland,2014,SE.TER.ENRR,89.9938812255859,% gross,World Bank,2026-10-09
FIN,Finland,2015,SE.TER.ENRR,89.6573791503906,% gross,World Bank,2026-10-09
FIN,Finland,2016,SE.TER.ENRR,89.3280029296875,% gross,World Bank,2026-10-09
FIN,Finland,2017,SE.TER.ENRR,90.6983871459961,% gross,World Bank,2026-10-09
FIN,Finland,2018,SE.TER.ENRR,92.3850021362305,% gross,World Bank,2026-10-09
FIN,Finland,2019,SE.TER.ENRR,94.5891189575195,% gross,World Bank,2026-10-09
FIN,Finland,2020,SE.TER.ENRR,96.4726333618164,% gross,World Bank,2026-10-09
FIN,Finland,2021,SE.TER.ENRR,100.868072509766,% gross,World Bank,2026-10-09
FIN,Finland,2022,SE.TER.ENRR,104.944221496582,% gross,World Bank,2026-10-09
FIN,Finland,2023,SE.TER.ENRR,108.130409240723,% gross,World Bank,2026-10-09
FIN,Finland,2024,SE.TER.ENRR,110.304496765137,% gross,World Bank,2026-10-09
FRA,France,2010,SE.TER.ENRR,54.881721496582,% gross,World Bank,2026-10-09
FRA,France,2011,SE.TER.ENRR,55.6257286071777,% gross,World Bank,2026-10-09
FRA,France,2012,SE.TER.ENRR,57.9090118408203,% gross,World Bank,2026-10-09
FRA,France,2013,SE.TER.ENRR,59.8487586975098,% gross,World Bank,2026-10-09
FRA,France,2014,SE.TER.ENRR,61.5104789733887,% gross,World Bank,2026-10-09
FRA,France,2015,SE.TER.ENRR,62.7859306335449,% gross,World Bank,2026-10-09
FRA,France,2016,SE.TER.ENRR,64.7276763916016,% gross,World Bank,2026-10-09
FRA,France,2017,SE.TER.ENRR,65.8022308349609,% gross,World Bank,2026-10-09
FRA,France,2018,SE.TER.ENRR,67.5435180664062,% gross,World Bank,2026-10-09
FRA,France,2019,SE.TER.ENRR,67.7331314086914,% gross,World Bank,2026-10-09
FRA,France,2020,SE.TER.ENRR,68.8709411621094,% gross,World Bank,2026-10-09
FRA,France,2021,SE.TER.ENRR,69.9397888183594,% gross,World Bank,2026-10-09
FRA,France,2022,SE.TER.ENRR,71.5107269287109,% gross,World Bank,2026-10-09
FRA,France,2023,SE.TER.ENRR,70.4536437988281,% gross,World Bank,2026-10-09
FRA,France,2024,SE.TER.ENRR,71.5346908569336,% gross,World Bank,2026-10-09
GRC,Greece,2010,SE.TER.ENRR,101.694053649902,% gross,World Bank,2026-10-09
GRC,Greece,2011,SE.TER.ENRR,105.812690734863,% gross,World Bank,2026-10-09
GRC,Greece,2012,SE.TER.ENRR,110.122978210449,% gross,World Bank,2026-10-09
GRC,Greece,2013,SE.TER.ENRR,112.705833435059,% gross,World Bank,2026-10-09
GRC,Greece,2014,SE.TER.ENRR,119.104209899902,% gross,World Bank,2026-10-09
GRC,Greece,2016,SE.TER.ENRR,131.403213500977,% gross,World Bank,2026-10-09
GRC,Greece,2017,SE.TER.ENRR,135.333923339844,% gross,World Bank,2026-10-09
GRC,Greece,2018,SE.TER.ENRR,140.950317382812,% gross,World Bank,2026-10-09
GRC,Greece,2019,SE.TER.ENRR,143.96272277832,% gross,World Bank,2026-10-09
GRC,Greece,2020,SE.TER.ENRR,143.693344116211,% gross,World Bank,2026-10-09
GRC,Greece,2021,SE.TER.ENRR,150.605484008789,% gross,World Bank,2026-10-09
GRC,Greece,2022,SE.TER.ENRR,166.389556884766,% gross,World Bank,2026-10-09
GRC,Greece,2023,SE.TER.ENRR,165.113418579102,% gross,World Bank,2026-10-09
HRV,Croatia,2010,SE.TER.ENRR,57.0685997009277,% gross,World Bank,2026-10-09
HRV,Croatia,2011,SE.TER.ENRR,59.3388595581055,% gross,World Bank,2026-10-09
HRV,Croatia,2012,SE.TER.ENRR,62.0256614685059,% gross,World Bank,2026-10-09
HRV,Croatia,2013,SE.TER.ENRR,66.7111129760742,% gross,World Bank,2026-10-09
HRV,Croatia,2014,SE.TER.ENRR,68.6392517089844,% gross,World Bank,2026-10-09
HRV,Croatia,2015,SE.TER.ENRR,68.4413986206055,% gross,World Bank,2026-10-09
HRV,Croatia,2016,SE.TER.ENRR,69.5889511108398,% gross,World Bank,2026-10-09
HRV,Croatia,2017,SE.TER.ENRR,71.3775863647461,% gross,World Bank,2026-10-09
HRV,Croatia,2018,SE.TER.ENRR,72.8625411987305,% gross,World Bank,2026-10-09
HRV,Croatia,2019,SE.TER.ENRR,74.0501174926758,% gross,World Bank,2026-10-09
HRV,Croatia,2020,SE.TER.ENRR,74.738037109375,% gross,World Bank,2026-10-09
HRV,Croatia,2021,SE.TER.ENRR,78.0067901611328,% gross,World Bank,2026-10-09
HRV,Croatia,2022,SE.TER.ENRR,80.7626724243164,% gross,World Bank,2026-10-09
HRV,Croatia,2023,SE.TER.ENRR,81.1775207519531,% gross,World Bank,2026-10-09
HUN,Hungary,2010,SE.TER.ENRR,60.7487602233887,% gross,World Bank,2026-10-09
HUN,Hungary,2011,SE.TER.ENRR,59.9984893798828,% gross,World Bank,2026-10-09
HUN,Hungary,2012,SE.TER.ENRR,60.6758003234863,% gross,World Bank,2026-10-09
HUN,Hungary,2013,SE.TER.ENRR,57.5212211608887,% gross,World Bank,2026-10-09
HUN,Hungary,2014,SE.TER.ENRR,53.4245910644531,% gross,World Bank,2026-10-09
HUN,Hungary,2015,SE.TER.ENRR,50.9797401428223,% gross,World Bank,2026-10-09
HUN,Hungary,2016,SE.TER.ENRR,50.7361488342285,% gross,World Bank,2026-10-09
HUN,Hungary,2017,SE.TER.ENRR,51.3840599060059,% gross,World Bank,2026-10-09
HUN,Hungary,2018,SE.TER.ENRR,52.5629386901855,% gross,World Bank,2026-10-09
HUN,Hungary,2019,SE.TER.ENRR,54.2122917175293,% gross,World Bank,2026-10-09
HUN,Hungary,2020,SE.TER.ENRR,56.6071815490723,% gross,World Bank,2026-10-09
HUN,Hungary,2021,SE.TER.ENRR,58.6536102294922,% gross,World Bank,2026-10-09
HUN,Hungary,2022,SE.TER.ENRR,60.2746810913086,% gross,World Bank,2026-10-09
HUN,Hungary,2023,SE.TER.ENRR,56.5924415588379,% gross,World Bank,2026-10-09
HUN,Hungary,2024,SE.TER.ENRR,60.5168685913086,% gross,World Bank,2026-10-09
IRL,Ireland,2010,SE.TER.ENRR,63.1264381408691,% gross,World Bank,2026-10-09
IRL,Ireland,2011,SE.TER.ENRR,67.7985916137695,% gross,World Bank,2026-10-09
IRL,Ireland,2012,SE.TER.ENRR,68.1972503662109,% gross,World Bank,2026-10-09
IRL,Ireland,2013,SE.TER.ENRR,71.6995468139648,% gross,World Bank,2026-10-09
IRL,Ireland,2014,SE.TER.ENRR,73.813232421875,% gross,World Bank,2026-10-09
IRL,Ireland,2015,SE.TER.ENRR,77.2321472167969,% gross,World Bank,2026-10-09
IRL,Ireland,2016,SE.TER.ENRR,77.5571365356445,% gross,World Bank,2026-10-09
IRL,Ireland,2017,SE.TER.ENRR,77.5191116333008,% gross,World Bank,2026-10-09
IRL,Ireland,2018,SE.TER.ENRR,76.7604675292969,% gross,World Bank,2026-10-09
IRL,Ireland,2019,SE.TER.ENRR,74.444580078125,% gross,World Bank,2026-10-09
IRL,Ireland,2020,SE.TER.ENRR,74.1961975097656,% gross,World Bank,2026-10-09
IRL,Ireland,2021,SE.TER.ENRR,78.4613265991211,% gross,World Bank,2026-10-09
IRL,Ireland,2022,SE.TER.ENRR,77.5933380126953,% gross,World Bank,2026-10-09
ITA,Italy,2010,SE.TER.ENRR,65.3790435791016,% gross,World Bank,2026-10-09
ITA,Italy,2011,SE.TER.ENRR,64.2492523193359,% gross,World Bank,2026-10-09
ITA,Italy,2012,SE.TER.ENRR,62.3447418212891,% gross,World Bank,2026-10-09
ITA,Italy,2013,SE.TER.ENRR,60.8925285339355,% gross,World Bank,2026-10-09
ITA,Italy,2014,SE.TER.ENRR,60.8831481933594,% gross,World Bank,2026-10-09
ITA,Italy,2015,SE.TER.ENRR,60.941291809082,% gross,World Bank,2026-10-09
ITA,Italy,2016,SE.TER.ENRR,61.3571014404297,% gross,World Bank,2026-10-09
ITA,Italy,2017,SE.TER.ENRR,62.69580078125,% gross,World Bank,2026-10-09
ITA,Italy,2018,SE.TER.ENRR,64.4753265380859,% gross,World Bank,2026-10-09
ITA,Italy,2019,SE.TER.ENRR,65.6895065307617,% gross,World Bank,2026-10-09
ITA,Italy,2020,SE.TER.ENRR,68.7231063842773,% gross,World Bank,2026-10-09
ITA,Italy,2021,SE.TER.ENRR,71.2745208740234,% gross,World Bank,2026-10-09
ITA,Italy,2022,SE.TER.ENRR,73.8962097167969,% gross,World Bank,2026-10-09
ITA,Italy,2023,SE.TER.ENRR,75.9496536254883,% gross,World Bank,2026-10-09
LTU,Lithuania,2010,SE.TER.ENRR,86.5725708007812,% gross,World Bank,2026-10-09
LTU,Lithuania,2011,SE.TER.ENRR,84.0555877685547,% gross,World Bank,2026-10-09
LTU,Lithuania,2012,SE.TER.ENRR,79.7516326904297,% gross,World Bank,2026-10-09
LTU,Lithuania,2013,SE.TER.ENRR,74.3968200683594,% gross,World Bank,2026-10-09
LTU,Lithuania,2014,SE.TER.ENRR,72.034538269043,% gross,World Bank,2026-10-09
LTU,Lithuania,2015,SE.TER.ENRR,72.1163330078125,% gross,World Bank,2026-10-09
LTU,Lithuania,2016,SE.TER.ENRR,74.0858306884766,% gross,World Bank,2026-10-09
LTU,Lithuania,2017,SE.TER.ENRR,76.5389785766602,% gross,World Bank,2026-10-09
LTU,Lithuania,2018,SE.TER.ENRR,77.3577728271484,% gross,World Bank,2026-10-09
LTU,Lithuania,2019,SE.TER.ENRR,75.0942306518555,% gross,World Bank,2026-10-09
LTU,Lithuania,2020,SE.TER.ENRR,73.5892868041992,% gross,World Bank,2026-10-09
LTU,Lithuania,2021,SE.TER.ENRR,75.0314712524414,% gross,World Bank,2026-10-09
LTU,Lithuania,2022,SE.TER.ENRR,76.9154586791992,% gross,World Bank,2026-10-09
LTU,Lithuania,2023,SE.TER.ENRR,77.0064163208008,% gross,World Bank,2026-10-09
LTU,Lithuania,2024,SE.TER.ENRR,75.6177368164062,% gross,World Bank,2026-10-09
LUX,Luxembourg,2010,SE.TER.ENRR,18.2021293640137,% gross,World Bank,2026-10-09
LUX,Luxembourg,2012,SE.TER.ENRR,19.117790222168,% gross,World Bank,2026-10-09
LUX,Luxembourg,2015,SE.TER.ENRR,20.2907104492188,% gross,World Bank,2026-10-09
LUX,Luxembourg,2016,SE.TER.ENRR,19.9203605651856,% gross,World Bank,2026-10-09
LUX,Luxembourg,2017,SE.TER.ENRR,19.5990200042725,% gross,World Bank,2026-10-09
LUX,Luxembourg,2018,SE.TER.ENRR,19.3915195465088,% gross,World Bank,2026-10-09
LUX,Luxembourg,2019,SE.TER.ENRR,19.3969497680664,% gross,World Bank,2026-10-09
LUX,Luxembourg,2020,SE.TER.ENRR,19.961389541626,% gross,World Bank,2026-10-09
LUX,Luxembourg,2021,SE.TER.ENRR,20.7341499328613,% gross,World Bank,2026-10-09
LUX,Luxembourg,2022,SE.TER.ENRR,21.032600402832,% gross,World Bank,2026-10-09
LUX,Luxembourg,2023,SE.TER.ENRR,21.5371704101562,% gross,World Bank,2026-10-09
LUX,Luxembourg,2024,SE.TER.ENRR,22.4103698730469,% gross,World Bank,2026-10-09
LVA,Latvia,2010,SE.TER.ENRR,69.0510406494141,% gross,World Bank,2026-10-09
LVA,Latvia,2011,SE.TER.ENRR,67.9534683227539,% gross,World Bank,2026-10-09
LVA,Latvia,2012,SE.TER.ENRR,66.6435470581055,% gross,World Bank,2026-10-09
LVA,Latvia,2013,SE.TER.ENRR,69.0765991210938,% gross,World Bank,2026-10-09
LVA,Latvia,2014,SE.TER.ENRR,70.8979415893555,% gross,World Bank,2026-10-09
LVA,Latvia,2015,SE.TER.ENRR,74.2998809814453,% gross,World Bank,2026-10-09
LVA,Latvia,2016,SE.TER.ENRR,80.6048126220703,% gross,World Bank,2026-10-09
LVA,Latvia,2017,SE.TER.ENRR,88.0574264526367,% gross,World Bank,2026-10-09
LVA,Latvia,2018,SE.TER.ENRR,93.0244827270508,% gross,World Bank,2026-10-09
LVA,Latvia,2019,SE.TER.ENRR,94.8645324707031,% gross,World Bank,2026-10-09
LVA,Latvia,2020,SE.TER.ENRR,94.5108337402344,% gross,World Bank,2026-10-09
LVA,Latvia,2021,SE.TER.ENRR,93.4839324951172,% gross,World Bank,2026-10-09
LVA,Latvia,2022,SE.TER.ENRR,91.3303680419922,% gross,World Bank,2026-10-09
LVA,Latvia,2023,SE.TER.ENRR,85.7360610961914,% gross,World Bank,2026-10-09
LVA,Latvia,2024,SE.TER.ENRR,82.917350769043,% gross,World Bank,2026-10-09
MKD,North Macedonia,2010,SE.TER.ENRR,38.147590637207,% gross,World Bank,2026-10-09
MKD,North Macedonia,2012,SE.TER.ENRR,39.7961082458496,% gross,World Bank,2026-10-09
MKD,North Macedonia,2013,SE.TER.ENRR,38.9499015808105,% gross,World Bank,2026-10-09
MKD,North Macedonia,2014,SE.TER.ENRR,39.3214912414551,% gross,World Bank,2026-10-09
MKD,North Macedonia,2015,SE.TER.ENRR,42.0811805725098,% gross,World Bank,2026-10-09
MKD,North Macedonia,2017,SE.TER.ENRR,43.5097694396973,% gross,World Bank,2026-10-09
MKD,North Macedonia,2018,SE.TER.ENRR,43.8547897338867,% gross,World Bank,2026-10-09
MKD,North Macedonia,2019,SE.TER.ENRR,43.1991004943848,% gross,World Bank,2026-10-09
MKD,North Macedonia,2020,SE.TER.ENRR,43.782169342041,% gross,World Bank,2026-10-09
MKD,North Macedonia,2021,SE.TER.ENRR,44.3020210266113,% gross,World Bank,2026-10-09
MKD,North Macedonia,2022,SE.TER.ENRR,53.1601181030273,% gross,World Bank,2026-10-09
MKD,North Macedonia,2023,SE.TER.ENRR,55.0082015991211,% gross,World Bank,2026-10-09
MLT,Malta,2010,SE.TER.ENRR,36.8344192504883,% gross,World Bank,2026-10-09
MLT,Malta,2011,SE.TER.ENRR,39.4486618041992,% gross,World Bank,2026-10-09
MLT,Malta,2012,SE.TER.ENRR,42.5473289489746,% gross,World Bank,2026-10-09
MLT,Malta,2013,SE.TER.ENRR,44.4813919067383,% gross,World Bank,2026-10-09
MLT,Malta,2014,SE.TER.ENRR,45.4103507995605,% gross,World Bank,2026-10-09
MLT,Malta,2015,SE.TER.ENRR,48.0389709472656,% gross,World Bank,2026-10-09
MLT,Malta,2016,SE.TER.ENRR,49.2171897888184,% gross,World Bank,2026-10-09
MLT,Malta,2017,SE.TER.ENRR,54.0890197753906,% gross,World Bank,2026-10-09
MLT,Malta,2018,SE.TER.ENRR,57.8407592773438,% gross,World Bank,2026-10-09
MLT,Malta,2019,SE.TER.ENRR,58.4985084533691,% gross,World Bank,2026-10-09
MLT,Malta,2020,SE.TER.ENRR,61.4767112731934,% gross,World Bank,2026-10-09
MLT,Malta,2021,SE.TER.ENRR,70.2313537597656,% gross,World Bank,2026-10-09
MLT,Malta,2022,SE.TER.ENRR,74.5901336669922,% gross,World Bank,2026-10-09
MLT,Malta,2023,SE.TER.ENRR,80.5250091552734,% gross,World Bank,2026-10-09
MNE,Montenegro,2010,SE.TER.ENRR,55.2963485717773,% gross,World Bank,2026-10-09
MNE,Montenegro,2011,SE.TER.ENRR,59.0115089416504,% gross,World Bank,2026-10-09
MNE,Montenegro,2012,SE.TER.ENRR,60.3092498779297,% gross,World Bank,2026-10-09
MNE,Montenegro,2013,SE.TER.ENRR,60.4347686767578,% gross,World Bank,2026-10-09
MNE,Montenegro,2014,SE.TER.ENRR,63.2196388244629,% gross,World Bank,2026-10-09
MNE,Montenegro,2015,SE.TER.ENRR,63.9372711181641,% gross,World Bank,2026-10-09
MNE,Montenegro,2016,SE.TER.ENRR,59.1839218139648,% gross,World Bank,2026-10-09
MNE,Montenegro,2017,SE.TER.ENRR,60.9102210998535,% gross,World Bank,2026-10-09
MNE,Montenegro,2018,SE.TER.ENRR,58.1831512451172,% gross,World Bank,2026-10-09
MNE,Montenegro,2019,SE.TER.ENRR,56.2633209228516,% gross,World Bank,2026-10-09
MNE,Montenegro,2020,SE.TER.ENRR,58.0944709777832,% gross,World Bank,2026-10-09
MNE,Montenegro,2021,SE.TER.ENRR,57.9613914489746,% gross,World Bank,2026-10-09
MNE,Montenegro,2022,SE.TER.ENRR,57.4317893981934,% gross,World Bank,2026-10-09
MNE,Montenegro,2023,SE.TER.ENRR,55.1743011474609,% gross,World Bank,2026-10-09
NLD,Netherlands,2010,SE.TER.ENRR,63.7049789428711,% gross,World Bank,2026-10-09
NLD,Netherlands,2011,SE.TER.ENRR,75.518798828125,% gross,World Bank,2026-10-09
NLD,Netherlands,2012,SE.TER.ENRR,75.8141632080078,% gross,World Bank,2026-10-09
NLD,Netherlands,2015,SE.TER.ENRR,80.1601486206055,% gross,World Bank,2026-10-09
NLD,Netherlands,2016,SE.TER.ENRR,79.8454895019531,% gross,World Bank,2026-10-09
NLD,Netherlands,2017,SE.TER.ENRR,83.2009887695312,% gross,World Bank,2026-10-09
NLD,Netherlands,2018,SE.TER.ENRR,83.652473449707,% gross,World Bank,2026-10-09
NLD,Netherlands,2020,SE.TER.ENRR,85.3370819091797,% gross,World Bank,2026-10-09
NLD,Netherlands,2021,SE.TER.ENRR,89.3898620605469,% gross,World Bank,2026-10-09
NLD,Netherlands,2023,SE.TER.ENRR,86.5938262939453,% gross,World Bank,2026-10-09
POL,Poland,2010,SE.TER.ENRR,76.5571212768555,% gross,World Bank,2026-10-09
POL,Poland,2011,SE.TER.ENRR,75.8021011352539,% gross,World Bank,2026-10-09
POL,Poland,2012,SE.TER.ENRR,75.0382919311523,% gross,World Bank,2026-10-09
POL,Poland,2013,SE.TER.ENRR,73.317268371582,% gross,World Bank,2026-10-09
POL,Poland,2014,SE.TER.ENRR,70.2389678955078,% gross,World Bank,2026-10-09
POL,Poland,2015,SE.TER.ENRR,69.3731994628906,% gross,World Bank,2026-10-09
POL,Poland,2016,SE.TER.ENRR,69.8503799438477,% gross,World Bank,2026-10-09
POL,Poland,2017,SE.TER.ENRR,70.6174621582031,% gross,World Bank,2026-10-09
POL,Poland,2018,SE.TER.ENRR,71.0217437744141,% gross,World Bank,2026-10-09
POL,Poland,2019,SE.TER.ENRR,70.9065017700195,% gross,World Bank,2026-10-09
POL,Poland,2020,SE.TER.ENRR,70.9730377197266,% gross,World Bank,2026-10-09
POL,Poland,2021,SE.TER.ENRR,72.2060623168945,% gross,World Bank,2026-10-09
POL,Poland,2022,SE.TER.ENRR,75.2911071777344,% gross,World Bank,2026-10-09
POL,Poland,2023,SE.TER.ENRR,76.8794097900391,% gross,World Bank,2026-10-09
POL,Poland,2024,SE.TER.ENRR,80.9149627685547,% gross,World Bank,2026-10-09
PRT,Portugal,2015,SE.TER.ENRR,61.7960205078125,% gross,World Bank,2026-10-09
PRT,Portugal,2016,SE.TER.ENRR,63.2387504577637,% gross,World Bank,2026-10-09
PRT,Portugal,2017,SE.TER.ENRR,64.2040176391602,% gross,World Bank,2026-10-09
PRT,Portugal,2018,SE.TER.ENRR,65.1127395629883,% gross,World Bank,2026-10-09
PRT,Portugal,2019,SE.TER.ENRR,66.0920562744141,% gross,World Bank,2026-10-09
PRT,Portugal,2020,SE.TER.ENRR,68.1568908691406,% gross,World Bank,2026-10-09
PRT,Portugal,2021,SE.TER.ENRR,72.5122375488281,% gross,World Bank,2026-10-09
PRT,Portugal,2022,SE.TER.ENRR,75.0714797973633,% gross,World Bank,2026-10-09
PRT,Portugal,2023,SE.TER.ENRR,77.6778182983398,% gross,World Bank,2026-10-09
ROU,Romania,2010,SE.TER.ENRR,75.2290267944336,% gross,World Bank,2026-10-09
ROU,Romania,2011,SE.TER.ENRR,66.7865829467773,% gross,World Bank,2026-10-09
ROU,Romania,2012,SE.TER.ENRR,54.9534912109375,% gross,World Bank,2026-10-09
ROU,Romania,2013,SE.TER.ENRR,51.3826103210449,% gross,World Bank,2026-10-09
ROU,Romania,2014,SE.TER.ENRR,51.0950393676758,% gross,World Bank,2026-10-09
ROU,Romania,2015,SE.TER.ENRR,49.3609886169434,% gross,World Bank,2026-10-09
ROU,Romania,2016,SE.TER.ENRR,49.911319732666,% gross,World Bank,2026-10-09
ROU,Romania,2017,SE.TER.ENRR,50.5108184814453,% gross,World Bank,2026-10-09
ROU,Romania,2018,SE.TER.ENRR,51.9943504333496,% gross,World Bank,2026-10-09
ROU,Romania,2019,SE.TER.ENRR,52.4439697265625,% gross,World Bank,2026-10-09
ROU,Romania,2020,SE.TER.ENRR,53.4911117553711,% gross,World Bank,2026-10-09
ROU,Romania,2021,SE.TER.ENRR,55.2656097412109,% gross,World Bank,2026-10-09
ROU,Romania,2022,SE.TER.ENRR,58.2390403747559,% gross,World Bank,2026-10-09
ROU,Romania,2023,SE.TER.ENRR,55.1682891845703,% gross,World Bank,2026-10-09
SRB,Serbia,2010,SE.TER.ENRR,49.0825119018555,% gross,World Bank,2026-10-09
SRB,Serbia,2011,SE.TER.ENRR,51.5937690734863,% gross,World Bank,2026-10-09
SRB,Serbia,2012,SE.TER.ENRR,53.5000305175781,% gross,World Bank,2026-10-09
SRB,Serbia,2013,SE.TER.ENRR,56.3808784484863,% gross,World Bank,2026-10-09
SRB,Serbia,2014,SE.TER.ENRR,58.0549697875977,% gross,World Bank,2026-10-09
SRB,Serbia,2015,SE.TER.ENRR,58.2876892089844,% gross,World Bank,2026-10-09
SRB,Serbia,2016,SE.TER.ENRR,62.1369705200195,% gross,World Bank,2026-10-09
SRB,Serbia,2017,SE.TER.ENRR,66.4867401123047,% gross,World Bank,2026-10-09
SRB,Serbia,2018,SE.TER.ENRR,67.1586608886719,% gross,World Bank,2026-10-09
SRB,Serbia,2019,SE.TER.ENRR,67.7898406982422,% gross,World Bank,2026-10-09
SRB,Serbia,2020,SE.TER.ENRR,68.1431121826172,% gross,World Bank,2026-10-09
SRB,Serbia,2021,SE.TER.ENRR,69.1800231933594,% gross,World Bank,2026-10-09
SRB,Serbia,2022,SE.TER.ENRR,69.8046798706055,% gross,World Bank,2026-10-09
SRB,Serbia,2023,SE.TER.ENRR,73.2060012817383,% gross,World Bank,2026-10-09
SRB,Serbia,2024,SE.TER.ENRR,70.582649230957,% gross,World Bank,2026-10-09
SVK,Slovakia,2010,SE.TER.ENRR,58.0442390441895,% gross,World Bank,2026-10-09
SVK,Slovakia,2011,SE.TER.ENRR,57.1524887084961,% gross,World Bank,2026-10-09
SVK,Slovakia,2012,SE.TER.ENRR,57.0384407043457,% gross,World Bank,2026-10-09
SVK,Slovakia,2013,SE.TER.ENRR,55.253978729248,% gross,World Bank,2026-10-09
SVK,Slovakia,2014,SE.TER.ENRR,53.8843002319336,% gross,World Bank,2026-10-09
SVK,Slovakia,2015,SE.TER.ENRR,52.7206687927246,% gross,World Bank,2026-10-09
SVK,Slovakia,2016,SE.TER.ENRR,50.3014488220215,% gross,World Bank,2026-10-09
SVK,Slovakia,2017,SE.TER.ENRR,49.1256103515625,% gross,World Bank,2026-10-09
SVK,Slovakia,2018,SE.TER.ENRR,47.8138313293457,% gross,World Bank,2026-10-09
SVK,Slovakia,2019,SE.TER.ENRR,48.1902389526367,% gross,World Bank,2026-10-09
SVK,Slovakia,2020,SE.TER.ENRR,48.3790016174316,% gross,World Bank,2026-10-09
SVK,Slovakia,2021,SE.TER.ENRR,50.7342491149902,% gross,World Bank,2026-10-09
SVK,Slovakia,2022,SE.TER.ENRR,52.4959106445312,% gross,World Bank,2026-10-09
SVK,Slovakia,2023,SE.TER.ENRR,53.417610168457,% gross,World Bank,2026-10-09
SVK,Slovakia,2024,SE.TER.ENRR,54.4743194580078,% gross,World Bank,2026-10-09
SVN,Slovenia,2010,SE.TER.ENRR,90.2514877319336,% gross,World Bank,2026-10-09
SVN,Slovenia,2011,SE.TER.ENRR,87.1887130737305,% gross,World Bank,2026-10-09
SVN,Slovenia,2012,SE.TER.ENRR,89.0215606689453,% gross,World Bank,2026-10-09
SVN,Slovenia,2013,SE.TER.ENRR,87.8572082519531,% gross,World Bank,2026-10-09
SVN,Slovenia,2014,SE.TER.ENRR,84.3780288696289,% gross,World Bank,2026-10-09
SVN,Slovenia,2015,SE.TER.ENRR,82.1997833251953,% gross,World Bank,2026-10-09
SVN,Slovenia,2016,SE.TER.ENRR,79.4747467041016,% gross,World Bank,2026-10-09
SVN,Slovenia,2017,SE.TER.ENRR,79.2703475952148,% gross,World Bank,2026-10-09
SVN,Slovenia,2018,SE.TER.ENRR,77.3015975952148,% gross,World Bank,2026-10-09
SVN,Slovenia,2019,SE.TER.ENRR,76.4720077514648,% gross,World Bank,2026-10-09
SVN,Slovenia,2020,SE.TER.ENRR,75.8166809082031,% gross,World Bank,2026-10-09
SVN,Slovenia,2021,SE.TER.ENRR,82.2400436401367,% gross,World Bank,2026-10-09
SVN,Slovenia,2022,SE.TER.ENRR,82.3922576904297,% gross,World Bank,2026-10-09
SVN,Slovenia,2023,SE.TER.ENRR,80.0806884765625,% gross,World Bank,2026-10-09
SWE,Sweden,2010,SE.TER.ENRR,73.0818328857422,% gross,World Bank,2026-10-09
SWE,Sweden,2011,SE.TER.ENRR,71.9184112548828,% gross,World Bank,2026-10-09
SWE,Sweden,2012,SE.TER.ENRR,68.742301940918,% gross,World Bank,2026-10-09
SWE,Sweden,2013,SE.TER.ENRR,65.7820892333984,% gross,World Bank,2026-10-09
SWE,Sweden,2014,SE.TER.ENRR,64.9541931152344,% gross,World Bank,2026-10-09
SWE,Sweden,2015,SE.TER.ENRR,66.4283218383789,% gross,World Bank,2026-10-09
SWE,Sweden,2016,SE.TER.ENRR,68.306037902832,% gross,World Bank,2026-10-09
SWE,Sweden,2017,SE.TER.ENRR,70.4342498779297,% gross,World Bank,2026-10-09
SWE,Sweden,2018,SE.TER.ENRR,73.4083786010742,% gross,World Bank,2026-10-09
SWE,Sweden,2019,SE.TER.ENRR,75.1148529052734,% gross,World Bank,2026-10-09
SWE,Sweden,2020,SE.TER.ENRR,79.1196365356445,% gross,World Bank,2026-10-09
SWE,Sweden,2021,SE.TER.ENRR,85.9426193237305,% gross,World Bank,2026-10-09
SWE,Sweden,2022,SE.TER.ENRR,83.8976135253906,% gross,World Bank,2026-10-09
SWE,Sweden,2023,SE.TER.ENRR,81.3998184204102,% gross,World Bank,2026-10-09
SWE,Sweden,2024,SE.TER.ENRR,83.9988098144531,% gross,World Bank,2026-10-09
ALB,Albania,2011,SE.XPD.TOTL.GD.ZS,3.17881310743026,% of GDP,World Bank,2026-10-09
ALB,Albania,2012,SE.XPD.TOTL.GD.ZS,3.29533986928598,% of GDP,World Bank,2026-10-09
ALB,Albania,2013,SE.XPD.TOTL.GD.ZS,3.53355002403259,% of GDP,World Bank,2026-10-09
ALB,Albania,2014,SE.XPD.TOTL.GD.ZS,3.18177734553254,% of GDP,World Bank,2026-10-09
ALB,Albania,2015,SE.XPD.TOTL.GD.ZS,3.41300010681152,% of GDP,World Bank,2026-10-09
ALB,Albania,2016,SE.XPD.TOTL.GD.ZS,3.91997003555298,% of GDP,World Bank,2026-10-09
ALB,Albania,2017,SE.XPD.TOTL.GD.ZS,3.54673004150391,% of GDP,World Bank,2026-10-09
ALB,Albania,2018,SE.XPD.TOTL.GD.ZS,3.08201370407389,% of GDP,World Bank,2026-10-09
ALB,Albania,2019,SE.XPD.TOTL.GD.ZS,3.8701798915863,% of GDP,World Bank,2026-10-09
ALB,Albania,2020,SE.XPD.TOTL.GD.ZS,3.32505011558533,% of GDP,World Bank,2026-10-09
ALB,Albania,2021,SE.XPD.TOTL.GD.ZS,3.00555992126465,% of GDP,World Bank,2026-10-09
ALB,Albania,2022,SE.XPD.TOTL.GD.ZS,2.72977995872498,% of GDP,World Bank,2026-10-09
ALB,Albania,2023,SE.XPD.TOTL.GD.ZS,3.09153008460998,% of GDP,World Bank,2026-10-09
AUT,Austria,2010,SE.XPD.TOTL.GD.ZS,5.73625993728638,% of GDP,World Bank,2026-10-09
AUT,Austria,2011,SE.XPD.TOTL.GD.ZS,5.62787008285522,% of GDP,World Bank,2026-10-09
AUT,Austria,2012,SE.XPD.TOTL.GD.ZS,5.51612997055054,% of GDP,World Bank,2026-10-09
AUT,Austria,2013,SE.XPD.TOTL.GD.ZS,5.59404993057251,% of GDP,World Bank,2026-10-09
AUT,Austria,2014,SE.XPD.TOTL.GD.ZS,5.49767017364502,% of GDP,World Bank,2026-10-09
AUT,Austria,2015,SE.XPD.TOTL.GD.ZS,5.49143981933594,% of GDP,World Bank,2026-10-09
AUT,Austria,2016,SE.XPD.TOTL.GD.ZS,5.50954008102417,% of GDP,World Bank,2026-10-09
AUT,Austria,2017,SE.XPD.TOTL.GD.ZS,5.40181016921997,% of GDP,World Bank,2026-10-09
AUT,Austria,2018,SE.XPD.TOTL.GD.ZS,5.25437021255493,% of GDP,World Bank,2026-10-09
AUT,Austria,2019,SE.XPD.TOTL.GD.ZS,5.23678016662598,% of GDP,World Bank,2026-10-09
AUT,Austria,2020,SE.XPD.TOTL.GD.ZS,5.57961988449097,% of GDP,World Bank,2026-10-09
AUT,Austria,2021,SE.XPD.TOTL.GD.ZS,5.48071002960205,% of GDP,World Bank,2026-10-09
AUT,Austria,2022,SE.XPD.TOTL.GD.ZS,5.27749013900757,% of GDP,World Bank,2026-10-09
BEL,Belgium,2010,SE.XPD.TOTL.GD.ZS,6.44078016281128,% of GDP,World Bank,2026-10-09
BEL,Belgium,2011,SE.XPD.TOTL.GD.ZS,6.38481998443604,% of GDP,World Bank,2026-10-09
BEL,Belgium,2012,SE.XPD.TOTL.GD.ZS,6.56625986099243,% of GDP,World Bank,2026-10-09
BEL,Belgium,2013,SE.XPD.TOTL.GD.ZS,6.60135984420776,% of GDP,World Bank,2026-10-09
BEL,Belgium,2014,SE.XPD.TOTL.GD.ZS,6.55866003036499,% of GDP,World Bank,2026-10-09
BEL,Belgium,2015,SE.XPD.TOTL.GD.ZS,6.46963977813721,% of GDP,World Bank,2026-10-09
BEL,Belgium,2016,SE.XPD.TOTL.GD.ZS,6.48613023757935,% of GDP,World Bank,2026-10-09
BEL,Belgium,2017,SE.XPD.TOTL.GD.ZS,6.44915008544922,% of GDP,World Bank,2026-10-09
BEL,Belgium,2018,SE.XPD.TOTL.GD.ZS,6.38883018493652,% of GDP,World Bank,2026-10-09
BEL,Belgium,2019,SE.XPD.TOTL.GD.ZS,6.32381010055542,% of GDP,World Bank,2026-10-09
BEL,Belgium,2020,SE.XPD.TOTL.GD.ZS,6.75470018386841,% of GDP,World Bank,2026-10-09
BEL,Belgium,2021,SE.XPD.TOTL.GD.ZS,6.38081979751587,% of GDP,World Bank,2026-10-09
BEL,Belgium,2022,SE.XPD.TOTL.GD.ZS,6.27611017227173,% of GDP,World Bank,2026-10-09
BGR,Bulgaria,2010,SE.XPD.TOTL.GD.ZS,3.85746002197266,% of GDP,World Bank,2026-10-09
BGR,Bulgaria,2011,SE.XPD.TOTL.GD.ZS,3.54690003395081,% of GDP,World Bank,2026-10-09
BGR,Bulgaria,2012,SE.XPD.TOTL.GD.ZS,3.47650003433227,% of GDP,World Bank,2026-10-09
BGR,Bulgaria,2013,SE.XPD.TOTL.GD.ZS,4.05766010284424,% of GDP,World Bank,2026-10-09
BGR,Bulgaria,2014,SE.XPD.TOTL.GD.ZS,4.19388008117676,% of GDP,World Bank,2026-10-09
BGR,Bulgaria,2015,SE.XPD.TOTL.GD.ZS,3.88469004631042,% of GDP,World Bank,2026-10-09
BGR,Bulgaria,2016,SE.XPD.TOTL.GD.ZS,3.81435990333557,% of GDP,World Bank,2026-10-09
BGR,Bulgaria,2017,SE.XPD.TOTL.GD.ZS,4.07754993438721,% of GDP,World Bank,2026-10-09
BGR,Bulgaria,2018,SE.XPD.TOTL.GD.ZS,4.05201005935669,% of GDP,World Bank,2026-10-09
BGR,Bulgaria,2019,SE.XPD.TOTL.GD.ZS,4.21430015563965,% of GDP,World Bank,2026-10-09
BGR,Bulgaria,2020,SE.XPD.TOTL.GD.ZS,4.48298978805542,% of GDP,World Bank,2026-10-09
BGR,Bulgaria,2021,SE.XPD.TOTL.GD.ZS,4.7092399597168,% of GDP,World Bank,2026-10-09
BGR,Bulgaria,2022,SE.XPD.TOTL.GD.ZS,4.50109004974365,% of GDP,World Bank,2026-10-09
BIH,Bosnia and Herzegovina,2014,SE.XPD.TOTL.GD.ZS,3.31473965674631,% of GDP,World Bank,2026-10-09
BIH,Bosnia and Herzegovina,2015,SE.XPD.TOTL.GD.ZS,3.0181128667772,% of GDP,World Bank,2026-10-09
BIH,Bosnia and Herzegovina,2016,SE.XPD.TOTL.GD.ZS,4.26451015472412,% of GDP,World Bank,2026-10-09
BIH,Bosnia and Herzegovina,2017,SE.XPD.TOTL.GD.ZS,2.83868424239217,% of GDP,World Bank,2026-10-09
BIH,Bosnia and Herzegovina,2018,SE.XPD.TOTL.GD.ZS,3.89297008514404,% of GDP,World Bank,2026-10-09
BIH,Bosnia and Herzegovina,2019,SE.XPD.TOTL.GD.ZS,4.04449987411499,% of GDP,World Bank,2026-10-09
BIH,Bosnia and Herzegovina,2020,SE.XPD.TOTL.GD.ZS,3.01954088371123,% of GDP,World Bank,2026-10-09
BIH,Bosnia and Herzegovina,2021,SE.XPD.TOTL.GD.ZS,4.13622999191284,% of GDP,World Bank,2026-10-09
BIH,Bosnia and Herzegovina,2022,SE.XPD.TOTL.GD.ZS,2.97012986426524,% of GDP,World Bank,2026-10-09
BIH,Bosnia and Herzegovina,2023,SE.XPD.TOTL.GD.ZS,3.24564826597779,% of GDP,World Bank,2026-10-09
CYP,Cyprus,2010,SE.XPD.TOTL.GD.ZS,6.52559995651245,% of GDP,World Bank,2026-10-09
CYP,Cyprus,2011,SE.XPD.TOTL.GD.ZS,6.52042007446289,% of GDP,World Bank,2026-10-09
CYP,Cyprus,2013,SE.XPD.TOTL.GD.ZS,6.46747016906738,% of GDP,World Bank,2026-10-09
CYP,Cyprus,2014,SE.XPD.TOTL.GD.ZS,6.42111015319824,% of GDP,World Bank,2026-10-09
CYP,Cyprus,2015,SE.XPD.TOTL.GD.ZS,6.30491018295288,% of GDP,World Bank,2026-10-09
CYP,Cyprus,2016,SE.XPD.TOTL.GD.ZS,6.11811017990112,% of GDP,World Bank,2026-10-09
CYP,Cyprus,2017,SE.XPD.TOTL.GD.ZS,5.69961977005005,% of GDP,World Bank,2026-10-09
CYP,Cyprus,2019,SE.XPD.TOTL.GD.ZS,5.16293001174927,% of GDP,World Bank,2026-10-09
CYP,Cyprus,2020,SE.XPD.TOTL.GD.ZS,5.56462001800537,% of GDP,World Bank,2026-10-09
CYP,Cyprus,2021,SE.XPD.TOTL.GD.ZS,5.08247995376587,% of GDP,World Bank,2026-10-09
CYP,Cyprus,2022,SE.XPD.TOTL.GD.ZS,4.74210977554321,% of GDP,World Bank,2026-10-09
CZE,Czechia,2010,SE.XPD.TOTL.GD.ZS,3.99341988563538,% of GDP,World Bank,2026-10-09
CZE,Czechia,2011,SE.XPD.TOTL.GD.ZS,4.20787000656128,% of GDP,World Bank,2026-10-09
CZE,Czechia,2012,SE.XPD.TOTL.GD.ZS,4.19049978256226,% of GDP,World Bank,2026-10-09
CZE,Czechia,2013,SE.XPD.TOTL.GD.ZS,4.02132987976074,% of GDP,World Bank,2026-10-09
CZE,Czechia,2014,SE.XPD.TOTL.GD.ZS,3.93603992462158,% of GDP,World Bank,2026-10-09
CZE,Czechia,2015,SE.XPD.TOTL.GD.ZS,5.71913003921509,% of GDP,World Bank,2026-10-09
CZE,Czechia,2016,SE.XPD.TOTL.GD.ZS,5.50080013275146,% of GDP,World Bank,2026-10-09
CZE,Czechia,2017,SE.XPD.TOTL.GD.ZS,3.75574994087219,% of GDP,World Bank,2026-10-09
CZE,Czechia,2018,SE.XPD.TOTL.GD.ZS,4.21541023254395,% of GDP,World Bank,2026-10-09
CZE,Czechia,2019,SE.XPD.TOTL.GD.ZS,4.46737003326416,% of GDP,World Bank,2026-10-09
CZE,Czechia,2020,SE.XPD.TOTL.GD.ZS,4.62503004074097,% of GDP,World Bank,2026-10-09
CZE,Czechia,2021,SE.XPD.TOTL.GD.ZS,4.65163993835449,% of GDP,World Bank,2026-10-09
CZE,Czechia,2022,SE.XPD.TOTL.GD.ZS,4.30291986465454,% of GDP,World Bank,2026-10-09
DEU,Germany,2010,SE.XPD.TOTL.GD.ZS,4.99525022506714,% of GDP,World Bank,2026-10-09
DEU,Germany,2011,SE.XPD.TOTL.GD.ZS,4.88583993911743,% of GDP,World Bank,2026-10-09
DEU,Germany,2012,SE.XPD.TOTL.GD.ZS,4.83153009414673,% of GDP,World Bank,2026-10-09
DEU,Germany,2013,SE.XPD.TOTL.GD.ZS,4.83911991119385,% of GDP,World Bank,2026-10-09
DEU,Germany,2014,SE.XPD.TOTL.GD.ZS,4.82582998275757,% of GDP,World Bank,2026-10-09
DEU,Germany,2015,SE.XPD.TOTL.GD.ZS,4.76157999038696,% of GDP,World Bank,2026-10-09
DEU,Germany,2016,SE.XPD.TOTL.GD.ZS,4.76321983337402,% of GDP,World Bank,2026-10-09
DEU,Germany,2017,SE.XPD.TOTL.GD.ZS,4.77830982208252,% of GDP,World Bank,2026-10-09
DEU,Germany,2018,SE.XPD.TOTL.GD.ZS,4.88401985168457,% of GDP,World Bank,2026-10-09
DEU,Germany,2019,SE.XPD.TOTL.GD.ZS,5.02757978439331,% of GDP,World Bank,2026-10-09
DEU,Germany,2020,SE.XPD.TOTL.GD.ZS,5.51600980758667,% of GDP,World Bank,2026-10-09
DEU,Germany,2021,SE.XPD.TOTL.GD.ZS,5.36734008789062,% of GDP,World Bank,2026-10-09
DEU,Germany,2022,SE.XPD.TOTL.GD.ZS,5.23916006088257,% of GDP,World Bank,2026-10-09
DNK,Denmark,2010,SE.XPD.TOTL.GD.ZS,8.55023002624512,% of GDP,World Bank,2026-10-09
DNK,Denmark,2011,SE.XPD.TOTL.GD.ZS,8.47716045379639,% of GDP,World Bank,2026-10-09
DNK,Denmark,2012,SE.XPD.TOTL.GD.ZS,7.24570989608765,% of GDP,World Bank,2026-10-09
DNK,Denmark,2013,SE.XPD.TOTL.GD.ZS,8.46860980987549,% of GDP,World Bank,2026-10-09
DNK,Denmark,2014,SE.XPD.TOTL.GD.ZS,7.63833999633789,% of GDP,World Bank,2026-10-09
DNK,Denmark,2016,SE.XPD.TOTL.GD.ZS,7.71534013748169,% of GDP,World Bank,2026-10-09
DNK,Denmark,2017,SE.XPD.TOTL.GD.ZS,7.3700098991394,% of GDP,World Bank,2026-10-09
DNK,Denmark,2018,SE.XPD.TOTL.GD.ZS,7.32747983932495,% of GDP,World Bank,2026-10-09
DNK,Denmark,2019,SE.XPD.TOTL.GD.ZS,7.27585983276367,% of GDP,World Bank,2026-10-09
DNK,Denmark,2020,SE.XPD.TOTL.GD.ZS,7.38574981689453,% of GDP,World Bank,2026-10-09
DNK,Denmark,2021,SE.XPD.TOTL.GD.ZS,6.95915985107422,% of GDP,World Bank,2026-10-09
DNK,Denmark,2022,SE.XPD.TOTL.GD.ZS,6.35586023330688,% of GDP,World Bank,2026-10-09
ESP,Spain,2010,SE.XPD.TOTL.GD.ZS,4.83606004714966,% of GDP,World Bank,2026-10-09
ESP,Spain,2011,SE.XPD.TOTL.GD.ZS,4.71897983551025,% of GDP,World Bank,2026-10-09
ESP,Spain,2012,SE.XPD.TOTL.GD.ZS,4.46012020111084,% of GDP,World Bank,2026-10-09
ESP,Spain,2013,SE.XPD.TOTL.GD.ZS,4.32852983474731,% of GDP,World Bank,2026-10-09
ESP,Spain,2014,SE.XPD.TOTL.GD.ZS,4.27524995803833,% of GDP,World Bank,2026-10-09
ESP,Spain,2015,SE.XPD.TOTL.GD.ZS,4.24903011322021,% of GDP,World Bank,2026-10-09
ESP,Spain,2016,SE.XPD.TOTL.GD.ZS,4.19327020645142,% of GDP,World Bank,2026-10-09
ESP,Spain,2017,SE.XPD.TOTL.GD.ZS,4.17846012115479,% of GDP,World Bank,2026-10-09
ESP,Spain,2018,SE.XPD.TOTL.GD.ZS,4.15045022964478,% of GDP,World Bank,2026-10-09
ESP,Spain,2019,SE.XPD.TOTL.GD.ZS,4.20255994796753,% of GDP,World Bank,2026-10-09
ESP,Spain,2020,SE.XPD.TOTL.GD.ZS,4.85118007659912,% of GDP,World Bank,2026-10-09
ESP,Spain,2021,SE.XPD.TOTL.GD.ZS,4.81316995620728,% of GDP,World Bank,2026-10-09
ESP,Spain,2022,SE.XPD.TOTL.GD.ZS,4.58553981781006,% of GDP,World Bank,2026-10-09
EST,Estonia,2010,SE.XPD.TOTL.GD.ZS,5.51753997802734,% of GDP,World Bank,2026-10-09
EST,Estonia,2011,SE.XPD.TOTL.GD.ZS,4.99514007568359,% of GDP,World Bank,2026-10-09
EST,Estonia,2012,SE.XPD.TOTL.GD.ZS,4.67340993881226,% of GDP,World Bank,2026-10-09
EST,Estonia,2013,SE.XPD.TOTL.GD.ZS,4.78006982803345,% of GDP,World Bank,2026-10-09
EST,Estonia,2014,SE.XPD.TOTL.GD.ZS,4.32586002349854,% of GDP,World Bank,2026-10-09
EST,Estonia,2015,SE.XPD.TOTL.GD.ZS,5.05127000808716,% of GDP,World Bank,2026-10-09
EST,Estonia,2016,SE.XPD.TOTL.GD.ZS,5.05511999130249,% of GDP,World Bank,2026-10-09
EST,Estonia,2017,SE.XPD.TOTL.GD.ZS,4.86288022994995,% of GDP,World Bank,2026-10-09
EST,Estonia,2018,SE.XPD.TOTL.GD.ZS,5.13962984085083,% of GDP,World Bank,2026-10-09
EST,Estonia,2019,SE.XPD.TOTL.GD.ZS,5.16415023803711,% of GDP,World Bank,2026-10-09
EST,Estonia,2020,SE.XPD.TOTL.GD.ZS,5.44180011749268,% of GDP,World Bank,2026-10-09
EST,Estonia,2021,SE.XPD.TOTL.GD.ZS,5.21514987945557,% of GDP,World Bank,2026-10-09
EST,Estonia,2022,SE.XPD.TOTL.GD.ZS,5.20733976364136,% of GDP,World Bank,2026-10-09
EUU,European Union (aggregate),2010,SE.XPD.TOTL.GD.ZS,5.36880016326904,% of GDP,World Bank,2026-10-09
EUU,European Union (aggregate),2011,SE.XPD.TOTL.GD.ZS,5.11688995361328,% of GDP,World Bank,2026-10-09
EUU,European Union (aggregate),2012,SE.XPD.TOTL.GD.ZS,4.83311986923218,% of GDP,World Bank,2026-10-09
EUU,European Union (aggregate),2013,SE.XPD.TOTL.GD.ZS,4.99779987335205,% of GDP,World Bank,2026-10-09
EUU,European Union (aggregate),2014,SE.XPD.TOTL.GD.ZS,4.88220500946045,% of GDP,World Bank,2026-10-09
EUU,European Union (aggregate),2015,SE.XPD.TOTL.GD.ZS,4.84087491035461,% of GDP,World Bank,2026-10-09
EUU,European Union (aggregate),2016,SE.XPD.TOTL.GD.ZS,4.82350015640259,% of GDP,World Bank,2026-10-09
EUU,European Union (aggregate),2017,SE.XPD.TOTL.GD.ZS,4.64034986495972,% of GDP,World Bank,2026-10-09
EUU,European Union (aggregate),2018,SE.XPD.TOTL.GD.ZS,4.58276510238647,% of GDP,World Bank,2026-10-09
EUU,European Union (aggregate),2019,SE.XPD.TOTL.GD.ZS,4.62736988067627,% of GDP,World Bank,2026-10-09
EUU,European Union (aggregate),2020,SE.XPD.TOTL.GD.ZS,4.93078994750977,% of GDP,World Bank,2026-10-09
EUU,European Union (aggregate),2021,SE.XPD.TOTL.GD.ZS,4.79329490661621,% of GDP,World Bank,2026-10-09
EUU,European Union (aggregate),2022,SE.XPD.TOTL.GD.ZS,4.65688991546631,% of GDP,World Bank,2026-10-09
FIN,Finland,2010,SE.XPD.TOTL.GD.ZS,6.504310131073,% of GDP,World Bank,2026-10-09
FIN,Finland,2011,SE.XPD.TOTL.GD.ZS,6.45624017715454,% of GDP,World Bank,2026-10-09
FIN,Finland,2012,SE.XPD.TOTL.GD.ZS,7.1715497970581,% of GDP,World Bank,2026-10-09
FIN,Finland,2013,SE.XPD.TOTL.GD.ZS,7.15288019180298,% of GDP,World Bank,2026-10-09
FIN,Finland,2014,SE.XPD.TOTL.GD.ZS,7.13832998275757,% of GDP,World Bank,2026-10-09
FIN,Finland,2015,SE.XPD.TOTL.GD.ZS,7.07199001312256,% of GDP,World Bank,2026-10-09
FIN,Finland,2016,SE.XPD.TOTL.GD.ZS,6.90873003005981,% of GDP,World Bank,2026-10-09
FIN,Finland,2017,SE.XPD.TOTL.GD.ZS,6.40826988220215,% of GDP,World Bank,2026-10-09
FIN,Finland,2018,SE.XPD.TOTL.GD.ZS,6.31771993637085,% of GDP,World Bank,2026-10-09
FIN,Finland,2019,SE.XPD.TOTL.GD.ZS,6.45300006866455,% of GDP,World Bank,2026-10-09
FIN,Finland,2020,SE.XPD.TOTL.GD.ZS,6.6812801361084,% of GDP,World Bank,2026-10-09
FIN,Finland,2021,SE.XPD.TOTL.GD.ZS,6.58820009231567,% of GDP,World Bank,2026-10-09
FIN,Finland,2022,SE.XPD.TOTL.GD.ZS,6.37578010559082,% of GDP,World Bank,2026-10-09
FRA,France,2017,SE.XPD.TOTL.GD.ZS,5.46482992172241,% of GDP,World Bank,2026-10-09
FRA,France,2018,SE.XPD.TOTL.GD.ZS,5.42540979385376,% of GDP,World Bank,2026-10-09
FRA,France,2019,SE.XPD.TOTL.GD.ZS,5.36638021469116,% of GDP,World Bank,2026-10-09
FRA,France,2020,SE.XPD.TOTL.GD.ZS,5.65871000289917,% of GDP,World Bank,2026-10-09
FRA,France,2021,SE.XPD.TOTL.GD.ZS,5.41743993759155,% of GDP,World Bank,2026-10-09
FRA,France,2022,SE.XPD.TOTL.GD.ZS,5.32434988021851,% of GDP,World Bank,2026-10-09
GRC,Greece,2015,SE.XPD.TOTL.GD.ZS,3.68238997459412,% of GDP,World Bank,2026-10-09
GRC,Greece,2017,SE.XPD.TOTL.GD.ZS,3.46778011322021,% of GDP,World Bank,2026-10-09
GRC,Greece,2018,SE.XPD.TOTL.GD.ZS,3.57626008987427,% of GDP,World Bank,2026-10-09
GRC,Greece,2019,SE.XPD.TOTL.GD.ZS,3.55062007904053,% of GDP,World Bank,2026-10-09
GRC,Greece,2022,SE.XPD.TOTL.GD.ZS,3.37547993659973,% of GDP,World Bank,2026-10-09
HRV,Croatia,2010,SE.XPD.TOTL.GD.ZS,4.20651006698608,% of GDP,World Bank,2026-10-09
HRV,Croatia,2011,SE.XPD.TOTL.GD.ZS,4.10584020614624,% of GDP,World Bank,2026-10-09
HRV,Croatia,2013,SE.XPD.TOTL.GD.ZS,4.50127983093262,% of GDP,World Bank,2026-10-09
HRV,Croatia,2017,SE.XPD.TOTL.GD.ZS,3.87207007408142,% of GDP,World Bank,2026-10-09
HRV,Croatia,2018,SE.XPD.TOTL.GD.ZS,3.92432999610901,% of GDP,World Bank,2026-10-09
HRV,Croatia,2019,SE.XPD.TOTL.GD.ZS,3.94555997848511,% of GDP,World Bank,2026-10-09
HRV,Croatia,2020,SE.XPD.TOTL.GD.ZS,4.40854978561401,% of GDP,World Bank,2026-10-09
HRV,Croatia,2021,SE.XPD.TOTL.GD.ZS,4.0916600227356,% of GDP,World Bank,2026-10-09
HUN,Hungary,2010,SE.XPD.TOTL.GD.ZS,4.73365020751953,% of GDP,World Bank,2026-10-09
HUN,Hungary,2011,SE.XPD.TOTL.GD.ZS,4.57056999206543,% of GDP,World Bank,2026-10-09
HUN,Hungary,2012,SE.XPD.TOTL.GD.ZS,4.15359020233154,% of GDP,World Bank,2026-10-09
HUN,Hungary,2013,SE.XPD.TOTL.GD.ZS,4.19040012359619,% of GDP,World Bank,2026-10-09
HUN,Hungary,2014,SE.XPD.TOTL.GD.ZS,4.59878015518188,% of GDP,World Bank,2026-10-09
HUN,Hungary,2015,SE.XPD.TOTL.GD.ZS,4.49287986755371,% of GDP,World Bank,2026-10-09
HUN,Hungary,2016,SE.XPD.TOTL.GD.ZS,4.60210990905762,% of GDP,World Bank,2026-10-09
HUN,Hungary,2017,SE.XPD.TOTL.GD.ZS,4.64034986495972,% of GDP,World Bank,2026-10-09
HUN,Hungary,2018,SE.XPD.TOTL.GD.ZS,4.60567998886108,% of GDP,World Bank,2026-10-09
HUN,Hungary,2019,SE.XPD.TOTL.GD.ZS,4.20140981674194,% of GDP,World Bank,2026-10-09
HUN,Hungary,2020,SE.XPD.TOTL.GD.ZS,4.12265014648438,% of GDP,World Bank,2026-10-09
HUN,Hungary,2021,SE.XPD.TOTL.GD.ZS,4.65407991409302,% of GDP,World Bank,2026-10-09
HUN,Hungary,2022,SE.XPD.TOTL.GD.ZS,3.8011999130249,% of GDP,World Bank,2026-10-09
IRL,Ireland,2010,SE.XPD.TOTL.GD.ZS,6.04835987091065,% of GDP,World Bank,2026-10-09
IRL,Ireland,2011,SE.XPD.TOTL.GD.ZS,5.77199983596802,% of GDP,World Bank,2026-10-09
IRL,Ireland,2012,SE.XPD.TOTL.GD.ZS,5.70776987075806,% of GDP,World Bank,2026-10-09
IRL,Ireland,2013,SE.XPD.TOTL.GD.ZS,5.23177003860474,% of GDP,World Bank,2026-10-09
IRL,Ireland,2014,SE.XPD.TOTL.GD.ZS,4.73554992675781,% of GDP,World Bank,2026-10-09
IRL,Ireland,2015,SE.XPD.TOTL.GD.ZS,3.62438988685608,% of GDP,World Bank,2026-10-09
IRL,Ireland,2016,SE.XPD.TOTL.GD.ZS,3.65881991386414,% of GDP,World Bank,2026-10-09
IRL,Ireland,2017,SE.XPD.TOTL.GD.ZS,3.37737011909485,% of GDP,World Bank,2026-10-09
IRL,Ireland,2018,SE.XPD.TOTL.GD.ZS,3.30347990989685,% of GDP,World Bank,2026-10-09
IRL,Ireland,2019,SE.XPD.TOTL.GD.ZS,3.22984004020691,% of GDP,World Bank,2026-10-09
IRL,Ireland,2020,SE.XPD.TOTL.GD.ZS,3.19163990020752,% of GDP,World Bank,2026-10-09
IRL,Ireland,2021,SE.XPD.TOTL.GD.ZS,2.90461993217468,% of GDP,World Bank,2026-10-09
ITA,Italy,2010,SE.XPD.TOTL.GD.ZS,4.31626987457275,% of GDP,World Bank,2026-10-09
ITA,Italy,2011,SE.XPD.TOTL.GD.ZS,4.09431982040405,% of GDP,World Bank,2026-10-09
ITA,Italy,2012,SE.XPD.TOTL.GD.ZS,4.03481006622315,% of GDP,World Bank,2026-10-09
ITA,Italy,2013,SE.XPD.TOTL.GD.ZS,4.12192010879517,% of GDP,World Bank,2026-10-09
ITA,Italy,2014,SE.XPD.TOTL.GD.ZS,4.04026985168457,% of GDP,World Bank,2026-10-09
ITA,Italy,2015,SE.XPD.TOTL.GD.ZS,4.05422019958496,% of GDP,World Bank,2026-10-09
ITA,Italy,2016,SE.XPD.TOTL.GD.ZS,3.795490026474,% of GDP,World Bank,2026-10-09
ITA,Italy,2017,SE.XPD.TOTL.GD.ZS,4.02662992477417,% of GDP,World Bank,2026-10-09
ITA,Italy,2018,SE.XPD.TOTL.GD.ZS,4.24094009399414,% of GDP,World Bank,2026-10-09
ITA,Italy,2019,SE.XPD.TOTL.GD.ZS,4.07843017578125,% of GDP,World Bank,2026-10-09
ITA,Italy,2020,SE.XPD.TOTL.GD.ZS,4.41803979873657,% of GDP,World Bank,2026-10-09
ITA,Italy,2021,SE.XPD.TOTL.GD.ZS,4.17118978500366,% of GDP,World Bank,2026-10-09
ITA,Italy,2022,SE.XPD.TOTL.GD.ZS,4.06775999069214,% of GDP,World Bank,2026-10-09
LTU,Lithuania,2010,SE.XPD.TOTL.GD.ZS,5.36880016326904,% of GDP,World Bank,2026-10-09
LTU,Lithuania,2011,SE.XPD.TOTL.GD.ZS,5.15469980239868,% of GDP,World Bank,2026-10-09
LTU,Lithuania,2012,SE.XPD.TOTL.GD.ZS,4.78232002258301,% of GDP,World Bank,2026-10-09
LTU,Lithuania,2013,SE.XPD.TOTL.GD.ZS,4.62416982650757,% of GDP,World Bank,2026-10-09
LTU,Lithuania,2014,SE.XPD.TOTL.GD.ZS,4.5076699256897,% of GDP,World Bank,2026-10-09
LTU,Lithuania,2015,SE.XPD.TOTL.GD.ZS,4.21646022796631,% of GDP,World Bank,2026-10-09
LTU,Lithuania,2016,SE.XPD.TOTL.GD.ZS,4.01143980026245,% of GDP,World Bank,2026-10-09
LTU,Lithuania,2017,SE.XPD.TOTL.GD.ZS,3.81236004829407,% of GDP,World Bank,2026-10-09
LTU,Lithuania,2018,SE.XPD.TOTL.GD.ZS,3.85628008842468,% of GDP,World Bank,2026-10-09
LTU,Lithuania,2019,SE.XPD.TOTL.GD.ZS,3.9415500164032,% of GDP,World Bank,2026-10-09
LTU,Lithuania,2020,SE.XPD.TOTL.GD.ZS,4.47348022460938,% of GDP,World Bank,2026-10-09
LTU,Lithuania,2021,SE.XPD.TOTL.GD.ZS,4.23977994918823,% of GDP,World Bank,2026-10-09
LTU,Lithuania,2022,SE.XPD.TOTL.GD.ZS,4.25285005569458,% of GDP,World Bank,2026-10-09
LUX,Luxembourg,2012,SE.XPD.TOTL.GD.ZS,3.87815999984741,% of GDP,World Bank,2026-10-09
LUX,Luxembourg,2014,SE.XPD.TOTL.GD.ZS,3.85569000244141,% of GDP,World Bank,2026-10-09
LUX,Luxembourg,2015,SE.XPD.TOTL.GD.ZS,3.76792001724243,% of GDP,World Bank,2026-10-09
LUX,Luxembourg,2017,SE.XPD.TOTL.GD.ZS,3.48645997047424,% of GDP,World Bank,2026-10-09
LUX,Luxembourg,2018,SE.XPD.TOTL.GD.ZS,3.65772008895874,% of GDP,World Bank,2026-10-09
LUX,Luxembourg,2019,SE.XPD.TOTL.GD.ZS,3.73705005645752,% of GDP,World Bank,2026-10-09
LUX,Luxembourg,2020,SE.XPD.TOTL.GD.ZS,3.85499000549316,% of GDP,World Bank,2026-10-09
LUX,Luxembourg,2021,SE.XPD.TOTL.GD.ZS,3.68531990051269,% of GDP,World Bank,2026-10-09
LUX,Luxembourg,2022,SE.XPD.TOTL.GD.ZS,3.74451994895935,% of GDP,World Bank,2026-10-09
LVA,Latvia,2010,SE.XPD.TOTL.GD.ZS,5.14355993270874,% of GDP,World Bank,2026-10-09
LVA,Latvia,2011,SE.XPD.TOTL.GD.ZS,5.24315977096558,% of GDP,World Bank,2026-10-09
LVA,Latvia,2012,SE.XPD.TOTL.GD.ZS,6.83852005004883,% of GDP,World Bank,2026-10-09
LVA,Latvia,2013,SE.XPD.TOTL.GD.ZS,7.24962997436523,% of GDP,World Bank,2026-10-09
LVA,Latvia,2014,SE.XPD.TOTL.GD.ZS,5.47479009628296,% of GDP,World Bank,2026-10-09
LVA,Latvia,2015,SE.XPD.TOTL.GD.ZS,5.46670007705688,% of GDP,World Bank,2026-10-09
LVA,Latvia,2016,SE.XPD.TOTL.GD.ZS,4.82350015640259,% of GDP,World Bank,2026-10-09
LVA,Latvia,2017,SE.XPD.TOTL.GD.ZS,4.52905988693237,% of GDP,World Bank,2026-10-09
LVA,Latvia,2018,SE.XPD.TOTL.GD.ZS,4.39430999755859,% of GDP,World Bank,2026-10-09
LVA,Latvia,2019,SE.XPD.TOTL.GD.ZS,4.58675003051758,% of GDP,World Bank,2026-10-09
LVA,Latvia,2020,SE.XPD.TOTL.GD.ZS,4.99749994277954,% of GDP,World Bank,2026-10-09
LVA,Latvia,2021,SE.XPD.TOTL.GD.ZS,4.76774978637695,% of GDP,World Bank,2026-10-09
LVA,Latvia,2022,SE.XPD.TOTL.GD.ZS,4.3196702003479,% of GDP,World Bank,2026-10-09
MLT,Malta,2010,SE.XPD.TOTL.GD.ZS,6.20798015594482,% of GDP,World Bank,2026-10-09
MLT,Malta,2011,SE.XPD.TOTL.GD.ZS,7.57771015167236,% of GDP,World Bank,2026-10-09
MLT,Malta,2012,SE.XPD.TOTL.GD.ZS,6.24788999557495,% of GDP,World Bank,2026-10-09
MLT,Malta,2013,SE.XPD.TOTL.GD.ZS,7.40672016143799,% of GDP,World Bank,2026-10-09
MLT,Malta,2014,SE.XPD.TOTL.GD.ZS,6.84973001480103,% of GDP,World Bank,2026-10-09
MLT,Malta,2015,SE.XPD.TOTL.GD.ZS,4.91352987289429,% of GDP,World Bank,2026-10-09
MLT,Malta,2016,SE.XPD.TOTL.GD.ZS,4.95570993423462,% of GDP,World Bank,2026-10-09
MLT,Malta,2017,SE.XPD.TOTL.GD.ZS,4.34281015396118,% of GDP,World Bank,2026-10-09
MLT,Malta,2019,SE.XPD.TOTL.GD.ZS,4.79941987991333,% of GDP,World Bank,2026-10-09
MLT,Malta,2021,SE.XPD.TOTL.GD.ZS,4.92963981628418,% of GDP,World Bank,2026-10-09
MLT,Malta,2022,SE.XPD.TOTL.GD.ZS,4.71258020401001,% of GDP,World Bank,2026-10-09
NLD,Netherlands,2010,SE.XPD.TOTL.GD.ZS,5.45634984970093,% of GDP,World Bank,2026-10-09
NLD,Netherlands,2011,SE.XPD.TOTL.GD.ZS,5.41595983505249,% of GDP,World Bank,2026-10-09
NLD,Netherlands,2012,SE.XPD.TOTL.GD.ZS,5.36694002151489,% of GDP,World Bank,2026-10-09
NLD,Netherlands,2013,SE.XPD.TOTL.GD.ZS,5.48417997360229,% of GDP,World Bank,2026-10-09
NLD,Netherlands,2014,SE.XPD.TOTL.GD.ZS,5.40205001831055,% of GDP,World Bank,2026-10-09
NLD,Netherlands,2015,SE.XPD.TOTL.GD.ZS,5.27802991867065,% of GDP,World Bank,2026-10-09
NLD,Netherlands,2016,SE.XPD.TOTL.GD.ZS,5.38952016830444,% of GDP,World Bank,2026-10-09
NLD,Netherlands,2017,SE.XPD.TOTL.GD.ZS,5.08747005462646,% of GDP,World Bank,2026-10-09
NLD,Netherlands,2018,SE.XPD.TOTL.GD.ZS,5.26723003387451,% of GDP,World Bank,2026-10-09
NLD,Netherlands,2019,SE.XPD.TOTL.GD.ZS,5.0559401512146,% of GDP,World Bank,2026-10-09
NLD,Netherlands,2020,SE.XPD.TOTL.GD.ZS,5.29139995574951,% of GDP,World Bank,2026-10-09
NLD,Netherlands,2021,SE.XPD.TOTL.GD.ZS,5.37661981582642,% of GDP,World Bank,2026-10-09
NLD,Netherlands,2022,SE.XPD.TOTL.GD.ZS,5.17918014526367,% of GDP,World Bank,2026-10-09
POL,Poland,2010,SE.XPD.TOTL.GD.ZS,5.08126020431519,% of GDP,World Bank,2026-10-09
POL,Poland,2011,SE.XPD.TOTL.GD.ZS,4.82901000976562,% of GDP,World Bank,2026-10-09
POL,Poland,2012,SE.XPD.TOTL.GD.ZS,4.83311986923218,% of GDP,World Bank,2026-10-09
POL,Poland,2013,SE.XPD.TOTL.GD.ZS,4.99779987335205,% of GDP,World Bank,2026-10-09
POL,Poland,2014,SE.XPD.TOTL.GD.ZS,4.93858003616333,% of GDP,World Bank,2026-10-09
POL,Poland,2015,SE.XPD.TOTL.GD.ZS,4.78748989105225,% of GDP,World Bank,2026-10-09
POL,Poland,2016,SE.XPD.TOTL.GD.ZS,4.62726020812988,% of GDP,World Bank,2026-10-09
POL,Poland,2017,SE.XPD.TOTL.GD.ZS,4.54246997833252,% of GDP,World Bank,2026-10-09
POL,Poland,2018,SE.XPD.TOTL.GD.ZS,4.55985021591187,% of GDP,World Bank,2026-10-09
POL,Poland,2019,SE.XPD.TOTL.GD.ZS,4.62736988067627,% of GDP,World Bank,2026-10-09
POL,Poland,2020,SE.XPD.TOTL.GD.ZS,4.80081987380981,% of GDP,World Bank,2026-10-09
POL,Poland,2021,SE.XPD.TOTL.GD.ZS,4.61998987197876,% of GDP,World Bank,2026-10-09
POL,Poland,2022,SE.XPD.TOTL.GD.ZS,4.31372976303101,% of GDP,World Bank,2026-10-09
PRT,Portugal,2010,SE.XPD.TOTL.GD.ZS,5.40499019622803,% of GDP,World Bank,2026-10-09
PRT,Portugal,2011,SE.XPD.TOTL.GD.ZS,5.11688995361328,% of GDP,World Bank,2026-10-09
PRT,Portugal,2012,SE.XPD.TOTL.GD.ZS,4.94226980209351,% of GDP,World Bank,2026-10-09
PRT,Portugal,2013,SE.XPD.TOTL.GD.ZS,5.26528978347778,% of GDP,World Bank,2026-10-09
PRT,Portugal,2014,SE.XPD.TOTL.GD.ZS,5.12005996704102,% of GDP,World Bank,2026-10-09
PRT,Portugal,2015,SE.XPD.TOTL.GD.ZS,4.89425992965698,% of GDP,World Bank,2026-10-09
PRT,Portugal,2017,SE.XPD.TOTL.GD.ZS,5.02685022354126,% of GDP,World Bank,2026-10-09
PRT,Portugal,2018,SE.XPD.TOTL.GD.ZS,4.6793999671936,% of GDP,World Bank,2026-10-09
PRT,Portugal,2019,SE.XPD.TOTL.GD.ZS,4.6275200843811,% of GDP,World Bank,2026-10-09
PRT,Portugal,2020,SE.XPD.TOTL.GD.ZS,4.86407995223999,% of GDP,World Bank,2026-10-09
PRT,Portugal,2021,SE.XPD.TOTL.GD.ZS,4.77341985702515,% of GDP,World Bank,2026-10-09
PRT,Portugal,2022,SE.XPD.TOTL.GD.ZS,4.55160999298096,% of GDP,World Bank,2026-10-09
ROU,Romania,2010,SE.XPD.TOTL.GD.ZS,3.41647005081177,% of GDP,World Bank,2026-10-09
ROU,Romania,2011,SE.XPD.TOTL.GD.ZS,2.91359996795654,% of GDP,World Bank,2026-10-09
ROU,Romania,2012,SE.XPD.TOTL.GD.ZS,2.8234601020813,% of GDP,World Bank,2026-10-09
ROU,Romania,2013,SE.XPD.TOTL.GD.ZS,3.06785011291504,% of GDP,World Bank,2026-10-09
ROU,Romania,2014,SE.XPD.TOTL.GD.ZS,3.12494993209839,% of GDP,World Bank,2026-10-09
ROU,Romania,2015,SE.XPD.TOTL.GD.ZS,3.10693001747131,% of GDP,World Bank,2026-10-09
ROU,Romania,2016,SE.XPD.TOTL.GD.ZS,3.0255401134491,% of GDP,World Bank,2026-10-09
ROU,Romania,2017,SE.XPD.TOTL.GD.ZS,3.11819005012512,% of GDP,World Bank,2026-10-09
ROU,Romania,2018,SE.XPD.TOTL.GD.ZS,3.31710004806519,% of GDP,World Bank,2026-10-09
ROU,Romania,2019,SE.XPD.TOTL.GD.ZS,3.55761003494263,% of GDP,World Bank,2026-10-09
ROU,Romania,2020,SE.XPD.TOTL.GD.ZS,3.57968997955322,% of GDP,World Bank,2026-10-09
ROU,Romania,2021,SE.XPD.TOTL.GD.ZS,3.31562995910644,% of GDP,World Bank,2026-10-09
ROU,Romania,2022,SE.XPD.TOTL.GD.ZS,3.2788200378418,% of GDP,World Bank,2026-10-09
SRB,Serbia,2011,SE.XPD.TOTL.GD.ZS,4.0735502243042,% of GDP,World Bank,2026-10-09
SRB,Serbia,2016,SE.XPD.TOTL.GD.ZS,3.50275993347168,% of GDP,World Bank,2026-10-09
SRB,Serbia,2017,SE.XPD.TOTL.GD.ZS,3.56539011001587,% of GDP,World Bank,2026-10-09
SRB,Serbia,2018,SE.XPD.TOTL.GD.ZS,3.43663001060486,% of GDP,World Bank,2026-10-09
SRB,Serbia,2019,SE.XPD.TOTL.GD.ZS,3.45865988731384,% of GDP,World Bank,2026-10-09
SRB,Serbia,2021,SE.XPD.TOTL.GD.ZS,3.14615988731384,% of GDP,World Bank,2026-10-09
SRB,Serbia,2022,SE.XPD.TOTL.GD.ZS,3.08255004882812,% of GDP,World Bank,2026-10-09
SRB,Serbia,2023,SE.XPD.TOTL.GD.ZS,3.40377998352051,% of GDP,World Bank,2026-10-09
SVK,Slovakia,2010,SE.XPD.TOTL.GD.ZS,4.04704999923706,% of GDP,World Bank,2026-10-09
SVK,Slovakia,2011,SE.XPD.TOTL.GD.ZS,3.90686988830566,% of GDP,World Bank,2026-10-09
SVK,Slovakia,2012,SE.XPD.TOTL.GD.ZS,3.85490989685059,% of GDP,World Bank,2026-10-09
SVK,Slovakia,2013,SE.XPD.TOTL.GD.ZS,4.06078004837036,% of GDP,World Bank,2026-10-09
SVK,Slovakia,2014,SE.XPD.TOTL.GD.ZS,4.20446014404297,% of GDP,World Bank,2026-10-09
SVK,Slovakia,2015,SE.XPD.TOTL.GD.ZS,4.56416988372803,% of GDP,World Bank,2026-10-09
SVK,Slovakia,2016,SE.XPD.TOTL.GD.ZS,3.88375997543335,% of GDP,World Bank,2026-10-09
SVK,Slovakia,2017,SE.XPD.TOTL.GD.ZS,3.91876006126404,% of GDP,World Bank,2026-10-09
SVK,Slovakia,2018,SE.XPD.TOTL.GD.ZS,3.93534994125366,% of GDP,World Bank,2026-10-09
SVK,Slovakia,2019,SE.XPD.TOTL.GD.ZS,4.26779985427856,% of GDP,World Bank,2026-10-09
SVK,Slovakia,2020,SE.XPD.TOTL.GD.ZS,4.720290184021,% of GDP,World Bank,2026-10-09
SVK,Slovakia,2021,SE.XPD.TOTL.GD.ZS,4.71766996383667,% of GDP,World Bank,2026-10-09
SVK,Slovakia,2022,SE.XPD.TOTL.GD.ZS,4.65688991546631,% of GDP,World Bank,2026-10-09
SVN,Slovenia,2010,SE.XPD.TOTL.GD.ZS,5.59362983703613,% of GDP,World Bank,2026-10-09
SVN,Slovenia,2011,SE.XPD.TOTL.GD.ZS,5.58290004730225,% of GDP,World Bank,2026-10-09
SVN,Slovenia,2012,SE.XPD.TOTL.GD.ZS,5.6702299118042,% of GDP,World Bank,2026-10-09
SVN,Slovenia,2013,SE.XPD.TOTL.GD.ZS,5.46767997741699,% of GDP,World Bank,2026-10-09
SVN,Slovenia,2014,SE.XPD.TOTL.GD.ZS,5.34328985214233,% of GDP,World Bank,2026-10-09
SVN,Slovenia,2015,SE.XPD.TOTL.GD.ZS,4.95528984069824,% of GDP,World Bank,2026-10-09
SVN,Slovenia,2016,SE.XPD.TOTL.GD.ZS,4.84419012069702,% of GDP,World Bank,2026-10-09
SVN,Slovenia,2017,SE.XPD.TOTL.GD.ZS,4.82381010055542,% of GDP,World Bank,2026-10-09
SVN,Slovenia,2018,SE.XPD.TOTL.GD.ZS,4.97948980331421,% of GDP,World Bank,2026-10-09
SVN,Slovenia,2019,SE.XPD.TOTL.GD.ZS,4.93479013442993,% of GDP,World Bank,2026-10-09
SVN,Slovenia,2020,SE.XPD.TOTL.GD.ZS,5.41901016235352,% of GDP,World Bank,2026-10-09
SVN,Slovenia,2021,SE.XPD.TOTL.GD.ZS,5.39167022705078,% of GDP,World Bank,2026-10-09
SVN,Slovenia,2022,SE.XPD.TOTL.GD.ZS,5.28065013885498,% of GDP,World Bank,2026-10-09
SWE,Sweden,2010,SE.XPD.TOTL.GD.ZS,6.56318998336792,% of GDP,World Bank,2026-10-09
SWE,Sweden,2011,SE.XPD.TOTL.GD.ZS,6.40655994415283,% of GDP,World Bank,2026-10-09
SWE,Sweden,2012,SE.XPD.TOTL.GD.ZS,7.57456016540527,% of GDP,World Bank,2026-10-09
SWE,Sweden,2013,SE.XPD.TOTL.GD.ZS,7.6465802192688,% of GDP,World Bank,2026-10-09
SWE,Sweden,2014,SE.XPD.TOTL.GD.ZS,7.62924003601074,% of GDP,World Bank,2026-10-09
SWE,Sweden,2015,SE.XPD.TOTL.GD.ZS,7.49442005157471,% of GDP,World Bank,2026-10-09
SWE,Sweden,2016,SE.XPD.TOTL.GD.ZS,7.63991022109985,% of GDP,World Bank,2026-10-09
SWE,Sweden,2017,SE.XPD.TOTL.GD.ZS,7.63849020004272,% of GDP,World Bank,2026-10-09
SWE,Sweden,2018,SE.XPD.TOTL.GD.ZS,7.69825983047485,% of GDP,World Bank,2026-10-09
SWE,Sweden,2019,SE.XPD.TOTL.GD.ZS,7.66307020187378,% of GDP,World Bank,2026-10-09
SWE,Sweden,2020,SE.XPD.TOTL.GD.ZS,7.95333003997803,% of GDP,World Bank,2026-10-09
SWE,Sweden,2021,SE.XPD.TOTL.GD.ZS,7.60224008560181,% of GDP,World Bank,2026-10-09
SWE,Sweden,2022,SE.XPD.TOTL.GD.ZS,7.31909990310669,% of GDP,World Bank,2026-10-09
ALB,Albania,2010,SH.XPD.CHEX.GD.ZS,6.16333199,% of GDP,World Bank,2026-10-09
ALB,Albania,2011,SH.XPD.CHEX.GD.ZS,6.11026192,% of GDP,World Bank,2026-10-09
ALB,Albania,2012,SH.XPD.CHEX.GD.ZS,6.08504725,% of GDP,World Bank,2026-10-09
ALB,Albania,2013,SH.XPD.CHEX.GD.ZS,6.20897436,% of GDP,World Bank,2026-10-09
ALB,Albania,2014,SH.XPD.CHEX.GD.ZS,6.35884142,% of GDP,World Bank,2026-10-09
ALB,Albania,2015,SH.XPD.CHEX.GD.ZS,6.38810158,% of GDP,World Bank,2026-10-09
ALB,Albania,2016,SH.XPD.CHEX.GD.ZS,6.65018797,% of GDP,World Bank,2026-10-09
ALB,Albania,2017,SH.XPD.CHEX.GD.ZS,6.50111914,% of GDP,World Bank,2026-10-09
ALB,Albania,2018,SH.XPD.CHEX.GD.ZS,6.59002447,% of GDP,World Bank,2026-10-09
ALB,Albania,2019,SH.XPD.CHEX.GD.ZS,6.78144073,% of GDP,World Bank,2026-10-09
ALB,Albania,2020,SH.XPD.CHEX.GD.ZS,7.46513748,% of GDP,World Bank,2026-10-09
ALB,Albania,2021,SH.XPD.CHEX.GD.ZS,7.35750389,% of GDP,World Bank,2026-10-09
ALB,Albania,2022,SH.XPD.CHEX.GD.ZS,7.53646231,% of GDP,World Bank,2026-10-09
ALB,Albania,2023,SH.XPD.CHEX.GD.ZS,7.05240345,% of GDP,World Bank,2026-10-09
AUT,Austria,2010,SH.XPD.CHEX.GD.ZS,10.31620026,% of GDP,World Bank,2026-10-09
AUT,Austria,2011,SH.XPD.CHEX.GD.ZS,10.1370182,% of GDP,World Bank,2026-10-09
AUT,Austria,2012,SH.XPD.CHEX.GD.ZS,10.30198097,% of GDP,World Bank,2026-10-09
AUT,Austria,2013,SH.XPD.CHEX.GD.ZS,10.40574837,% of GDP,World Bank,2026-10-09
AUT,Austria,2014,SH.XPD.CHEX.GD.ZS,10.51159096,% of GDP,World Bank,2026-10-09
AUT,Austria,2015,SH.XPD.CHEX.GD.ZS,10.51688385,% of GDP,World Bank,2026-10-09
AUT,Austria,2016,SH.XPD.CHEX.GD.ZS,10.51713753,% of GDP,World Bank,2026-10-09
AUT,Austria,2017,SH.XPD.CHEX.GD.ZS,10.57132816,% of GDP,World Bank,2026-10-09
AUT,Austria,2018,SH.XPD.CHEX.GD.ZS,10.5157156,% of GDP,World Bank,2026-10-09
AUT,Austria,2019,SH.XPD.CHEX.GD.ZS,10.62530422,% of GDP,World Bank,2026-10-09
AUT,Austria,2020,SH.XPD.CHEX.GD.ZS,11.41292953,% of GDP,World Bank,2026-10-09
AUT,Austria,2021,SH.XPD.CHEX.GD.ZS,12.185215,% of GDP,World Bank,2026-10-09
AUT,Austria,2022,SH.XPD.CHEX.GD.ZS,11.22519779,% of GDP,World Bank,2026-10-09
AUT,Austria,2023,SH.XPD.CHEX.GD.ZS,11.15297318,% of GDP,World Bank,2026-10-09
AUT,Austria,2024,SH.XPD.CHEX.GD.ZS,11.8325634,% of GDP,World Bank,2026-10-09
BEL,Belgium,2010,SH.XPD.CHEX.GD.ZS,10.41325188,% of GDP,World Bank,2026-10-09
BEL,Belgium,2011,SH.XPD.CHEX.GD.ZS,10.41302204,% of GDP,World Bank,2026-10-09
BEL,Belgium,2012,SH.XPD.CHEX.GD.ZS,10.5865345,% of GDP,World Bank,2026-10-09
BEL,Belgium,2013,SH.XPD.CHEX.GD.ZS,10.63787556,% of GDP,World Bank,2026-10-09
BEL,Belgium,2014,SH.XPD.CHEX.GD.ZS,10.62032604,% of GDP,World Bank,2026-10-09
BEL,Belgium,2015,SH.XPD.CHEX.GD.ZS,10.88387299,% of GDP,World Bank,2026-10-09
BEL,Belgium,2016,SH.XPD.CHEX.GD.ZS,10.89833736,% of GDP,World Bank,2026-10-09
BEL,Belgium,2017,SH.XPD.CHEX.GD.ZS,10.94042683,% of GDP,World Bank,2026-10-09
BEL,Belgium,2018,SH.XPD.CHEX.GD.ZS,10.9937973,% of GDP,World Bank,2026-10-09
BEL,Belgium,2019,SH.XPD.CHEX.GD.ZS,10.85831451,% of GDP,World Bank,2026-10-09
BEL,Belgium,2020,SH.XPD.CHEX.GD.ZS,11.46253014,% of GDP,World Bank,2026-10-09
BEL,Belgium,2021,SH.XPD.CHEX.GD.ZS,11.28825092,% of GDP,World Bank,2026-10-09
BEL,Belgium,2022,SH.XPD.CHEX.GD.ZS,10.73976326,% of GDP,World Bank,2026-10-09
BEL,Belgium,2023,SH.XPD.CHEX.GD.ZS,10.80371571,% of GDP,World Bank,2026-10-09
BGR,Bulgaria,2010,SH.XPD.CHEX.GD.ZS,7.09477949,% of GDP,World Bank,2026-10-09
BGR,Bulgaria,2011,SH.XPD.CHEX.GD.ZS,7.10250568,% of GDP,World Bank,2026-10-09
BGR,Bulgaria,2012,SH.XPD.CHEX.GD.ZS,7.53903675,% of GDP,World Bank,2026-10-09
BGR,Bulgaria,2013,SH.XPD.CHEX.GD.ZS,7.14167452,% of GDP,World Bank,2026-10-09
BGR,Bulgaria,2014,SH.XPD.CHEX.GD.ZS,7.68306208,% of GDP,World Bank,2026-10-09
BGR,Bulgaria,2015,SH.XPD.CHEX.GD.ZS,7.39363575,% of GDP,World Bank,2026-10-09
BGR,Bulgaria,2016,SH.XPD.CHEX.GD.ZS,7.45975018,% of GDP,World Bank,2026-10-09
BGR,Bulgaria,2017,SH.XPD.CHEX.GD.ZS,7.49624491,% of GDP,World Bank,2026-10-09
BGR,Bulgaria,2018,SH.XPD.CHEX.GD.ZS,7.34086275,% of GDP,World Bank,2026-10-09
BGR,Bulgaria,2019,SH.XPD.CHEX.GD.ZS,7.11813641,% of GDP,World Bank,2026-10-09
BGR,Bulgaria,2020,SH.XPD.CHEX.GD.ZS,8.44060898,% of GDP,World Bank,2026-10-09
BGR,Bulgaria,2021,SH.XPD.CHEX.GD.ZS,8.58048916,% of GDP,World Bank,2026-10-09
BGR,Bulgaria,2022,SH.XPD.CHEX.GD.ZS,7.63849449,% of GDP,World Bank,2026-10-09
BGR,Bulgaria,2023,SH.XPD.CHEX.GD.ZS,7.91853094,% of GDP,World Bank,2026-10-09
BIH,Bosnia and Herzegovina,2010,SH.XPD.CHEX.GD.ZS,9.01212692,% of GDP,World Bank,2026-10-09
BIH,Bosnia and Herzegovina,2011,SH.XPD.CHEX.GD.ZS,9.1712122,% of GDP,World Bank,2026-10-09
BIH,Bosnia and Herzegovina,2012,SH.XPD.CHEX.GD.ZS,9.4791584,% of GDP,World Bank,2026-10-09
BIH,Bosnia and Herzegovina,2013,SH.XPD.CHEX.GD.ZS,9.43616295,% of GDP,World Bank,2026-10-09
BIH,Bosnia and Herzegovina,2014,SH.XPD.CHEX.GD.ZS,9.4710331,% of GDP,World Bank,2026-10-09
BIH,Bosnia and Herzegovina,2015,SH.XPD.CHEX.GD.ZS,9.24086571,% of GDP,World Bank,2026-10-09
BIH,Bosnia and Herzegovina,2016,SH.XPD.CHEX.GD.ZS,9.13943481,% of GDP,World Bank,2026-10-09
BIH,Bosnia and Herzegovina,2017,SH.XPD.CHEX.GD.ZS,8.81797314,% of GDP,World Bank,2026-10-09
BIH,Bosnia and Herzegovina,2018,SH.XPD.CHEX.GD.ZS,8.76100445,% of GDP,World Bank,2026-10-09
BIH,Bosnia and Herzegovina,2019,SH.XPD.CHEX.GD.ZS,8.92544365,% of GDP,World Bank,2026-10-09
BIH,Bosnia and Herzegovina,2020,SH.XPD.CHEX.GD.ZS,9.70311832,% of GDP,World Bank,2026-10-09
BIH,Bosnia and Herzegovina,2021,SH.XPD.CHEX.GD.ZS,9.55514336,% of GDP,World Bank,2026-10-09
BIH,Bosnia and Herzegovina,2022,SH.XPD.CHEX.GD.ZS,8.71644783,% of GDP,World Bank,2026-10-09
BIH,Bosnia and Herzegovina,2023,SH.XPD.CHEX.GD.ZS,8.9216938,% of GDP,World Bank,2026-10-09
CYP,Cyprus,2010,SH.XPD.CHEX.GD.ZS,6.50055742,% of GDP,World Bank,2026-10-09
CYP,Cyprus,2011,SH.XPD.CHEX.GD.ZS,6.43139076,% of GDP,World Bank,2026-10-09
CYP,Cyprus,2012,SH.XPD.CHEX.GD.ZS,6.53638792,% of GDP,World Bank,2026-10-09
CYP,Cyprus,2013,SH.XPD.CHEX.GD.ZS,6.92774534,% of GDP,World Bank,2026-10-09
CYP,Cyprus,2014,SH.XPD.CHEX.GD.ZS,6.93137264,% of GDP,World Bank,2026-10-09
CYP,Cyprus,2015,SH.XPD.CHEX.GD.ZS,6.79382181,% of GDP,World Bank,2026-10-09
CYP,Cyprus,2016,SH.XPD.CHEX.GD.ZS,6.65254688,% of GDP,World Bank,2026-10-09
CYP,Cyprus,2017,SH.XPD.CHEX.GD.ZS,6.62192535,% of GDP,World Bank,2026-10-09
CYP,Cyprus,2018,SH.XPD.CHEX.GD.ZS,6.78446245,% of GDP,World Bank,2026-10-09
CYP,Cyprus,2019,SH.XPD.CHEX.GD.ZS,6.99843168,% of GDP,World Bank,2026-10-09
CYP,Cyprus,2020,SH.XPD.CHEX.GD.ZS,8.64796448,% of GDP,World Bank,2026-10-09
CYP,Cyprus,2021,SH.XPD.CHEX.GD.ZS,8.87445068,% of GDP,World Bank,2026-10-09
CYP,Cyprus,2022,SH.XPD.CHEX.GD.ZS,8.27201366,% of GDP,World Bank,2026-10-09
CYP,Cyprus,2023,SH.XPD.CHEX.GD.ZS,8.11912918,% of GDP,World Bank,2026-10-09
CZE,Czechia,2010,SH.XPD.CHEX.GD.ZS,7.47836781,% of GDP,World Bank,2026-10-09
CZE,Czechia,2011,SH.XPD.CHEX.GD.ZS,7.47281456,% of GDP,World Bank,2026-10-09
CZE,Czechia,2012,SH.XPD.CHEX.GD.ZS,7.53974962,% of GDP,World Bank,2026-10-09
CZE,Czechia,2013,SH.XPD.CHEX.GD.ZS,7.44831276,% of GDP,World Bank,2026-10-09
CZE,Czechia,2014,SH.XPD.CHEX.GD.ZS,7.53919601,% of GDP,World Bank,2026-10-09
CZE,Czechia,2015,SH.XPD.CHEX.GD.ZS,7.29346752,% of GDP,World Bank,2026-10-09
CZE,Czechia,2016,SH.XPD.CHEX.GD.ZS,7.32258606,% of GDP,World Bank,2026-10-09
CZE,Czechia,2017,SH.XPD.CHEX.GD.ZS,7.24190664,% of GDP,World Bank,2026-10-09
CZE,Czechia,2018,SH.XPD.CHEX.GD.ZS,7.37173605,% of GDP,World Bank,2026-10-09
CZE,Czechia,2019,SH.XPD.CHEX.GD.ZS,7.48754358,% of GDP,World Bank,2026-10-09
CZE,Czechia,2020,SH.XPD.CHEX.GD.ZS,8.96995831,% of GDP,World Bank,2026-10-09
CZE,Czechia,2021,SH.XPD.CHEX.GD.ZS,9.15420723,% of GDP,World Bank,2026-10-09
CZE,Czechia,2022,SH.XPD.CHEX.GD.ZS,8.47063065,% of GDP,World Bank,2026-10-09
CZE,Czechia,2023,SH.XPD.CHEX.GD.ZS,8.42677402,% of GDP,World Bank,2026-10-09
CZE,Czechia,2024,SH.XPD.CHEX.GD.ZS,8.50710297,% of GDP,World Bank,2026-10-09
DEU,Germany,2010,SH.XPD.CHEX.GD.ZS,10.8311739,% of GDP,World Bank,2026-10-09
DEU,Germany,2011,SH.XPD.CHEX.GD.ZS,10.52106953,% of GDP,World Bank,2026-10-09
DEU,Germany,2012,SH.XPD.CHEX.GD.ZS,10.59356213,% of GDP,World Bank,2026-10-09
DEU,Germany,2013,SH.XPD.CHEX.GD.ZS,10.7432127,% of GDP,World Bank,2026-10-09
DEU,Germany,2014,SH.XPD.CHEX.GD.ZS,10.76819706,% of GDP,World Bank,2026-10-09
DEU,Germany,2015,SH.XPD.CHEX.GD.ZS,10.92317677,% of GDP,World Bank,2026-10-09
DEU,Germany,2016,SH.XPD.CHEX.GD.ZS,10.97133732,% of GDP,World Bank,2026-10-09
DEU,Germany,2017,SH.XPD.CHEX.GD.ZS,11.05091095,% of GDP,World Bank,2026-10-09
DEU,Germany,2018,SH.XPD.CHEX.GD.ZS,11.18380833,% of GDP,World Bank,2026-10-09
DEU,Germany,2019,SH.XPD.CHEX.GD.ZS,11.42805386,% of GDP,World Bank,2026-10-09
DEU,Germany,2020,SH.XPD.CHEX.GD.ZS,12.46780777,% of GDP,World Bank,2026-10-09
DEU,Germany,2021,SH.XPD.CHEX.GD.ZS,12.72403336,% of GDP,World Bank,2026-10-09
DEU,Germany,2022,SH.XPD.CHEX.GD.ZS,12.44708347,% of GDP,World Bank,2026-10-09
DEU,Germany,2023,SH.XPD.CHEX.GD.ZS,11.74428654,% of GDP,World Bank,2026-10-09
DEU,Germany,2024,SH.XPD.CHEX.GD.ZS,12.26655293,% of GDP,World Bank,2026-10-09
DNK,Denmark,2010,SH.XPD.CHEX.GD.ZS,10.59621811,% of GDP,World Bank,2026-10-09
DNK,Denmark,2011,SH.XPD.CHEX.GD.ZS,10.39758492,% of GDP,World Bank,2026-10-09
DNK,Denmark,2012,SH.XPD.CHEX.GD.ZS,10.53344631,% of GDP,World Bank,2026-10-09
DNK,Denmark,2013,SH.XPD.CHEX.GD.ZS,10.29778957,% of GDP,World Bank,2026-10-09
DNK,Denmark,2014,SH.XPD.CHEX.GD.ZS,10.31388664,% of GDP,World Bank,2026-10-09
DNK,Denmark,2015,SH.XPD.CHEX.GD.ZS,10.3754549,% of GDP,World Bank,2026-10-09
DNK,Denmark,2016,SH.XPD.CHEX.GD.ZS,10.28229332,% of GDP,World Bank,2026-10-09
DNK,Denmark,2017,SH.XPD.CHEX.GD.ZS,10.1137991,% of GDP,World Bank,2026-10-09
DNK,Denmark,2018,SH.XPD.CHEX.GD.ZS,10.14163208,% of GDP,World Bank,2026-10-09
DNK,Denmark,2019,SH.XPD.CHEX.GD.ZS,10.18468761,% of GDP,World Bank,2026-10-09
DNK,Denmark,2020,SH.XPD.CHEX.GD.ZS,10.69237614,% of GDP,World Bank,2026-10-09
DNK,Denmark,2021,SH.XPD.CHEX.GD.ZS,10.65575886,% of GDP,World Bank,2026-10-09
DNK,Denmark,2022,SH.XPD.CHEX.GD.ZS,9.47411346,% of GDP,World Bank,2026-10-09
DNK,Denmark,2023,SH.XPD.CHEX.GD.ZS,9.5572958,% of GDP,World Bank,2026-10-09
DNK,Denmark,2024,SH.XPD.CHEX.GD.ZS,9.38812923,% of GDP,World Bank,2026-10-09
ESP,Spain,2010,SH.XPD.CHEX.GD.ZS,9.16992569,% of GDP,World Bank,2026-10-09
ESP,Spain,2011,SH.XPD.CHEX.GD.ZS,9.21749687,% of GDP,World Bank,2026-10-09
ESP,Spain,2012,SH.XPD.CHEX.GD.ZS,9.2189045,% of GDP,World Bank,2026-10-09
ESP,Spain,2013,SH.XPD.CHEX.GD.ZS,9.13714981,% of GDP,World Bank,2026-10-09
ESP,Spain,2014,SH.XPD.CHEX.GD.ZS,9.1512289,% of GDP,World Bank,2026-10-09
ESP,Spain,2015,SH.XPD.CHEX.GD.ZS,9.17553329,% of GDP,World Bank,2026-10-09
ESP,Spain,2016,SH.XPD.CHEX.GD.ZS,8.88084984,% of GDP,World Bank,2026-10-09
ESP,Spain,2017,SH.XPD.CHEX.GD.ZS,9.0217495,% of GDP,World Bank,2026-10-09
ESP,Spain,2018,SH.XPD.CHEX.GD.ZS,9.07122517,% of GDP,World Bank,2026-10-09
ESP,Spain,2019,SH.XPD.CHEX.GD.ZS,9.21539497,% of GDP,World Bank,2026-10-09
ESP,Spain,2020,SH.XPD.CHEX.GD.ZS,10.79479218,% of GDP,World Bank,2026-10-09
ESP,Spain,2021,SH.XPD.CHEX.GD.ZS,10.34419918,% of GDP,World Bank,2026-10-09
ESP,Spain,2022,SH.XPD.CHEX.GD.ZS,9.6799593,% of GDP,World Bank,2026-10-09
ESP,Spain,2023,SH.XPD.CHEX.GD.ZS,9.2206583,% of GDP,World Bank,2026-10-09
EST,Estonia,2010,SH.XPD.CHEX.GD.ZS,6.59404182,% of GDP,World Bank,2026-10-09
EST,Estonia,2011,SH.XPD.CHEX.GD.ZS,6.05471659,% of GDP,World Bank,2026-10-09
EST,Estonia,2012,SH.XPD.CHEX.GD.ZS,6.03782082,% of GDP,World Bank,2026-10-09
EST,Estonia,2013,SH.XPD.CHEX.GD.ZS,6.19788504,% of GDP,World Bank,2026-10-09
EST,Estonia,2014,SH.XPD.CHEX.GD.ZS,6.26286125,% of GDP,World Bank,2026-10-09
EST,Estonia,2015,SH.XPD.CHEX.GD.ZS,6.52138662,% of GDP,World Bank,2026-10-09
EST,Estonia,2016,SH.XPD.CHEX.GD.ZS,6.56918621,% of GDP,World Bank,2026-10-09
EST,Estonia,2017,SH.XPD.CHEX.GD.ZS,6.46636105,% of GDP,World Bank,2026-10-09
EST,Estonia,2018,SH.XPD.CHEX.GD.ZS,6.56314421,% of GDP,World Bank,2026-10-09
EST,Estonia,2019,SH.XPD.CHEX.GD.ZS,6.64763546,% of GDP,World Bank,2026-10-09
EST,Estonia,2020,SH.XPD.CHEX.GD.ZS,7.47179365,% of GDP,World Bank,2026-10-09
EST,Estonia,2021,SH.XPD.CHEX.GD.ZS,7.47591066,% of GDP,World Bank,2026-10-09
EST,Estonia,2022,SH.XPD.CHEX.GD.ZS,6.93641424,% of GDP,World Bank,2026-10-09
EST,Estonia,2023,SH.XPD.CHEX.GD.ZS,7.47082138,% of GDP,World Bank,2026-10-09
EST,Estonia,2024,SH.XPD.CHEX.GD.ZS,7.83648062,% of GDP,World Bank,2026-10-09
EUU,European Union (aggregate),2010,SH.XPD.CHEX.GD.ZS,9.84090766528016,% of GDP,World Bank,2026-10-09
EUU,European Union (aggregate),2011,SH.XPD.CHEX.GD.ZS,9.77039206722476,% of GDP,World Bank,2026-10-09
EUU,European Union (aggregate),2012,SH.XPD.CHEX.GD.ZS,9.88290732858803,% of GDP,World Bank,2026-10-09
EUU,European Union (aggregate),2013,SH.XPD.CHEX.GD.ZS,9.92788298240445,% of GDP,World Bank,2026-10-09
EUU,European Union (aggregate),2014,SH.XPD.CHEX.GD.ZS,9.95490367936825,% of GDP,World Bank,2026-10-09
EUU,European Union (aggregate),2015,SH.XPD.CHEX.GD.ZS,9.90435202048574,% of GDP,World Bank,2026-10-09
EUU,European Union (aggregate),2016,SH.XPD.CHEX.GD.ZS,9.88833716120595,% of GDP,World Bank,2026-10-09
EUU,European Union (aggregate),2017,SH.XPD.CHEX.GD.ZS,9.85036406670765,% of GDP,World Bank,2026-10-09
EUU,European Union (aggregate),2018,SH.XPD.CHEX.GD.ZS,9.82989036363975,% of GDP,World Bank,2026-10-09
EUU,European Union (aggregate),2019,SH.XPD.CHEX.GD.ZS,9.8723711185958,% of GDP,World Bank,2026-10-09
EUU,European Union (aggregate),2020,SH.XPD.CHEX.GD.ZS,10.7994106667147,% of GDP,World Bank,2026-10-09
EUU,European Union (aggregate),2021,SH.XPD.CHEX.GD.ZS,10.8123235004203,% of GDP,World Bank,2026-10-09
EUU,European Union (aggregate),2022,SH.XPD.CHEX.GD.ZS,10.3013535917408,% of GDP,World Bank,2026-10-09
EUU,European Union (aggregate),2023,SH.XPD.CHEX.GD.ZS,9.99899300228438,% of GDP,World Bank,2026-10-09
EUU,European Union (aggregate),2024,SH.XPD.CHEX.GD.ZS,10.5422385397464,% of GDP,World Bank,2026-10-09
FIN,Finland,2010,SH.XPD.CHEX.GD.ZS,9.14183331,% of GDP,World Bank,2026-10-09
FIN,Finland,2011,SH.XPD.CHEX.GD.ZS,9.23903561,% of GDP,World Bank,2026-10-09
FIN,Finland,2012,SH.XPD.CHEX.GD.ZS,9.61732101,% of GDP,World Bank,2026-10-09
FIN,Finland,2013,SH.XPD.CHEX.GD.ZS,9.84504986,% of GDP,World Bank,2026-10-09
FIN,Finland,2014,SH.XPD.CHEX.GD.ZS,9.83066177,% of GDP,World Bank,2026-10-09
FIN,Finland,2015,SH.XPD.CHEX.GD.ZS,9.69998264,% of GDP,World Bank,2026-10-09
FIN,Finland,2016,SH.XPD.CHEX.GD.ZS,9.45625591,% of GDP,World Bank,2026-10-09
FIN,Finland,2017,SH.XPD.CHEX.GD.ZS,9.19148445,% of GDP,World Bank,2026-10-09
FIN,Finland,2018,SH.XPD.CHEX.GD.ZS,9.10587025,% of GDP,World Bank,2026-10-09
FIN,Finland,2019,SH.XPD.CHEX.GD.ZS,9.22295189,% of GDP,World Bank,2026-10-09
FIN,Finland,2020,SH.XPD.CHEX.GD.ZS,9.69977188,% of GDP,World Bank,2026-10-09
FIN,Finland,2021,SH.XPD.CHEX.GD.ZS,9.90969753,% of GDP,World Bank,2026-10-09
FIN,Finland,2022,SH.XPD.CHEX.GD.ZS,9.74152565,% of GDP,World Bank,2026-10-09
FIN,Finland,2023,SH.XPD.CHEX.GD.ZS,10.47389507,% of GDP,World Bank,2026-10-09
FRA,France,2010,SH.XPD.CHEX.GD.ZS,11.22430801,% of GDP,World Bank,2026-10-09
FRA,France,2011,SH.XPD.CHEX.GD.ZS,11.17601013,% of GDP,World Bank,2026-10-09
FRA,France,2012,SH.XPD.CHEX.GD.ZS,11.33749485,% of GDP,World Bank,2026-10-09
FRA,France,2013,SH.XPD.CHEX.GD.ZS,11.37891197,% of GDP,World Bank,2026-10-09
FRA,France,2014,SH.XPD.CHEX.GD.ZS,11.57935429,% of GDP,World Bank,2026-10-09
FRA,France,2015,SH.XPD.CHEX.GD.ZS,11.50032997,% of GDP,World Bank,2026-10-09
FRA,France,2016,SH.XPD.CHEX.GD.ZS,11.57036018,% of GDP,World Bank,2026-10-09
FRA,France,2017,SH.XPD.CHEX.GD.ZS,11.44944572,% of GDP,World Bank,2026-10-09
FRA,France,2018,SH.XPD.CHEX.GD.ZS,11.30847645,% of GDP,World Bank,2026-10-09
FRA,France,2019,SH.XPD.CHEX.GD.ZS,11.17058277,% of GDP,World Bank,2026-10-09
FRA,France,2020,SH.XPD.CHEX.GD.ZS,12.12949371,% of GDP,World Bank,2026-10-09
FRA,France,2021,SH.XPD.CHEX.GD.ZS,12.24894238,% of GDP,World Bank,2026-10-09
FRA,France,2022,SH.XPD.CHEX.GD.ZS,11.82888794,% of GDP,World Bank,2026-10-09
FRA,France,2023,SH.XPD.CHEX.GD.ZS,11.51974583,% of GDP,World Bank,2026-10-09
FRA,France,2024,SH.XPD.CHEX.GD.ZS,11.53530598,% of GDP,World Bank,2026-10-09
GRC,Greece,2010,SH.XPD.CHEX.GD.ZS,9.61952496,% of GDP,World Bank,2026-10-09
GRC,Greece,2011,SH.XPD.CHEX.GD.ZS,9.18577003,% of GDP,World Bank,2026-10-09
GRC,Greece,2012,SH.XPD.CHEX.GD.ZS,9.04327774,% of GDP,World Bank,2026-10-09
GRC,Greece,2013,SH.XPD.CHEX.GD.ZS,8.52183914,% of GDP,World Bank,2026-10-09
GRC,Greece,2014,SH.XPD.CHEX.GD.ZS,7.94358587,% of GDP,World Bank,2026-10-09
GRC,Greece,2015,SH.XPD.CHEX.GD.ZS,8.26719952,% of GDP,World Bank,2026-10-09
GRC,Greece,2016,SH.XPD.CHEX.GD.ZS,8.45097542,% of GDP,World Bank,2026-10-09
GRC,Greece,2017,SH.XPD.CHEX.GD.ZS,8.11336899,% of GDP,World Bank,2026-10-09
GRC,Greece,2018,SH.XPD.CHEX.GD.ZS,8.07267761,% of GDP,World Bank,2026-10-09
GRC,Greece,2019,SH.XPD.CHEX.GD.ZS,8.11709499,% of GDP,World Bank,2026-10-09
GRC,Greece,2020,SH.XPD.CHEX.GD.ZS,9.38074493,% of GDP,World Bank,2026-10-09
GRC,Greece,2021,SH.XPD.CHEX.GD.ZS,9.03178692,% of GDP,World Bank,2026-10-09
GRC,Greece,2022,SH.XPD.CHEX.GD.ZS,8.44938278,% of GDP,World Bank,2026-10-09
GRC,Greece,2023,SH.XPD.CHEX.GD.ZS,8.39367008,% of GDP,World Bank,2026-10-09
HRV,Croatia,2010,SH.XPD.CHEX.GD.ZS,7.94908857,% of GDP,World Bank,2026-10-09
HRV,Croatia,2011,SH.XPD.CHEX.GD.ZS,7.62508154,% of GDP,World Bank,2026-10-09
HRV,Croatia,2012,SH.XPD.CHEX.GD.ZS,7.63413,% of GDP,World Bank,2026-10-09
HRV,Croatia,2013,SH.XPD.CHEX.GD.ZS,6.37271595,% of GDP,World Bank,2026-10-09
HRV,Croatia,2014,SH.XPD.CHEX.GD.ZS,6.56612396,% of GDP,World Bank,2026-10-09
HRV,Croatia,2015,SH.XPD.CHEX.GD.ZS,6.65548038,% of GDP,World Bank,2026-10-09
HRV,Croatia,2016,SH.XPD.CHEX.GD.ZS,6.69167471,% of GDP,World Bank,2026-10-09
HRV,Croatia,2017,SH.XPD.CHEX.GD.ZS,6.62803125,% of GDP,World Bank,2026-10-09
HRV,Croatia,2018,SH.XPD.CHEX.GD.ZS,6.7136178,% of GDP,World Bank,2026-10-09
HRV,Croatia,2019,SH.XPD.CHEX.GD.ZS,6.78699923,% of GDP,World Bank,2026-10-09
HRV,Croatia,2020,SH.XPD.CHEX.GD.ZS,7.68352938,% of GDP,World Bank,2026-10-09
HRV,Croatia,2021,SH.XPD.CHEX.GD.ZS,8.08265686,% of GDP,World Bank,2026-10-09
HRV,Croatia,2022,SH.XPD.CHEX.GD.ZS,7.29636335,% of GDP,World Bank,2026-10-09
HRV,Croatia,2023,SH.XPD.CHEX.GD.ZS,7.14699411,% of GDP,World Bank,2026-10-09
HUN,Hungary,2010,SH.XPD.CHEX.GD.ZS,7.46420383,% of GDP,World Bank,2026-10-09
HUN,Hungary,2011,SH.XPD.CHEX.GD.ZS,7.49342251,% of GDP,World Bank,2026-10-09
HUN,Hungary,2012,SH.XPD.CHEX.GD.ZS,7.43047714,% of GDP,World Bank,2026-10-09
HUN,Hungary,2013,SH.XPD.CHEX.GD.ZS,7.23645353,% of GDP,World Bank,2026-10-09
HUN,Hungary,2014,SH.XPD.CHEX.GD.ZS,7.04192352,% of GDP,World Bank,2026-10-09
HUN,Hungary,2015,SH.XPD.CHEX.GD.ZS,6.8501935,% of GDP,World Bank,2026-10-09
HUN,Hungary,2016,SH.XPD.CHEX.GD.ZS,6.96752644,% of GDP,World Bank,2026-10-09
HUN,Hungary,2017,SH.XPD.CHEX.GD.ZS,6.73338366,% of GDP,World Bank,2026-10-09
HUN,Hungary,2018,SH.XPD.CHEX.GD.ZS,6.55460501,% of GDP,World Bank,2026-10-09
HUN,Hungary,2019,SH.XPD.CHEX.GD.ZS,6.24677849,% of GDP,World Bank,2026-10-09
HUN,Hungary,2020,SH.XPD.CHEX.GD.ZS,7.230515,% of GDP,World Bank,2026-10-09
HUN,Hungary,2021,SH.XPD.CHEX.GD.ZS,7.33524847,% of GDP,World Bank,2026-10-09
HUN,Hungary,2022,SH.XPD.CHEX.GD.ZS,6.6474123,% of GDP,World Bank,2026-10-09
HUN,Hungary,2023,SH.XPD.CHEX.GD.ZS,6.36868954,% of GDP,World Bank,2026-10-09
IRL,Ireland,2010,SH.XPD.CHEX.GD.ZS,10.52062798,% of GDP,World Bank,2026-10-09
IRL,Ireland,2011,SH.XPD.CHEX.GD.ZS,10.4888649,% of GDP,World Bank,2026-10-09
IRL,Ireland,2012,SH.XPD.CHEX.GD.ZS,10.47466946,% of GDP,World Bank,2026-10-09
IRL,Ireland,2013,SH.XPD.CHEX.GD.ZS,10.0333004,% of GDP,World Bank,2026-10-09
IRL,Ireland,2014,SH.XPD.CHEX.GD.ZS,9.23077869,% of GDP,World Bank,2026-10-09
IRL,Ireland,2015,SH.XPD.CHEX.GD.ZS,7.07827806,% of GDP,World Bank,2026-10-09
IRL,Ireland,2016,SH.XPD.CHEX.GD.ZS,7.3382206,% of GDP,World Bank,2026-10-09
IRL,Ireland,2017,SH.XPD.CHEX.GD.ZS,6.91718578,% of GDP,World Bank,2026-10-09
IRL,Ireland,2018,SH.XPD.CHEX.GD.ZS,6.74710846,% of GDP,World Bank,2026-10-09
IRL,Ireland,2019,SH.XPD.CHEX.GD.ZS,6.61860561,% of GDP,World Bank,2026-10-09
IRL,Ireland,2020,SH.XPD.CHEX.GD.ZS,6.97323275,% of GDP,World Bank,2026-10-09
IRL,Ireland,2021,SH.XPD.CHEX.GD.ZS,6.44113493,% of GDP,World Bank,2026-10-09
IRL,Ireland,2022,SH.XPD.CHEX.GD.ZS,6.02078247,% of GDP,World Bank,2026-10-09
IRL,Ireland,2023,SH.XPD.CHEX.GD.ZS,6.57538509,% of GDP,World Bank,2026-10-09
IRL,Ireland,2024,SH.XPD.CHEX.GD.ZS,6.85410833,% of GDP,World Bank,2026-10-09
ITA,Italy,2010,SH.XPD.CHEX.GD.ZS,8.87928963,% of GDP,World Bank,2026-10-09
ITA,Italy,2011,SH.XPD.CHEX.GD.ZS,8.728508,% of GDP,World Bank,2026-10-09
ITA,Italy,2012,SH.XPD.CHEX.GD.ZS,8.7983427,% of GDP,World Bank,2026-10-09
ITA,Italy,2013,SH.XPD.CHEX.GD.ZS,8.7897644,% of GDP,World Bank,2026-10-09
ITA,Italy,2014,SH.XPD.CHEX.GD.ZS,8.85913563,% of GDP,World Bank,2026-10-09
ITA,Italy,2015,SH.XPD.CHEX.GD.ZS,8.84596729,% of GDP,World Bank,2026-10-09
ITA,Italy,2016,SH.XPD.CHEX.GD.ZS,8.72043991,% of GDP,World Bank,2026-10-09
ITA,Italy,2017,SH.XPD.CHEX.GD.ZS,8.69060516,% of GDP,World Bank,2026-10-09
ITA,Italy,2018,SH.XPD.CHEX.GD.ZS,8.65467453,% of GDP,World Bank,2026-10-09
ITA,Italy,2019,SH.XPD.CHEX.GD.ZS,8.61536789,% of GDP,World Bank,2026-10-09
ITA,Italy,2020,SH.XPD.CHEX.GD.ZS,9.5643034,% of GDP,World Bank,2026-10-09
ITA,Italy,2021,SH.XPD.CHEX.GD.ZS,9.28164482,% of GDP,World Bank,2026-10-09
ITA,Italy,2022,SH.XPD.CHEX.GD.ZS,8.85022926,% of GDP,World Bank,2026-10-09
ITA,Italy,2023,SH.XPD.CHEX.GD.ZS,8.40559483,% of GDP,World Bank,2026-10-09
ITA,Italy,2024,SH.XPD.CHEX.GD.ZS,8.44437313,% of GDP,World Bank,2026-10-09
LTU,Lithuania,2010,SH.XPD.CHEX.GD.ZS,6.9058671,% of GDP,World Bank,2026-10-09
LTU,Lithuania,2011,SH.XPD.CHEX.GD.ZS,6.54017687,% of GDP,World Bank,2026-10-09
LTU,Lithuania,2012,SH.XPD.CHEX.GD.ZS,6.30798101,% of GDP,World Bank,2026-10-09
LTU,Lithuania,2013,SH.XPD.CHEX.GD.ZS,6.15501022,% of GDP,World Bank,2026-10-09
LTU,Lithuania,2014,SH.XPD.CHEX.GD.ZS,6.22244453,% of GDP,World Bank,2026-10-09
LTU,Lithuania,2015,SH.XPD.CHEX.GD.ZS,6.47396851,% of GDP,World Bank,2026-10-09
LTU,Lithuania,2016,SH.XPD.CHEX.GD.ZS,6.64928818,% of GDP,World Bank,2026-10-09
LTU,Lithuania,2017,SH.XPD.CHEX.GD.ZS,6.44472837,% of GDP,World Bank,2026-10-09
LTU,Lithuania,2018,SH.XPD.CHEX.GD.ZS,6.46896172,% of GDP,World Bank,2026-10-09
LTU,Lithuania,2019,SH.XPD.CHEX.GD.ZS,6.94472647,% of GDP,World Bank,2026-10-09
LTU,Lithuania,2020,SH.XPD.CHEX.GD.ZS,7.41619062,% of GDP,World Bank,2026-10-09
LTU,Lithuania,2021,SH.XPD.CHEX.GD.ZS,7.73210812,% of GDP,World Bank,2026-10-09
LTU,Lithuania,2022,SH.XPD.CHEX.GD.ZS,7.24367952,% of GDP,World Bank,2026-10-09
LTU,Lithuania,2023,SH.XPD.CHEX.GD.ZS,7.31801939,% of GDP,World Bank,2026-10-09
LTU,Lithuania,2024,SH.XPD.CHEX.GD.ZS,7.59519005,% of GDP,World Bank,2026-10-09
LUX,Luxembourg,2010,SH.XPD.CHEX.GD.ZS,6.66263008,% of GDP,World Bank,2026-10-09
LUX,Luxembourg,2011,SH.XPD.CHEX.GD.ZS,5.95225334,% of GDP,World Bank,2026-10-09
LUX,Luxembourg,2012,SH.XPD.CHEX.GD.ZS,5.29404306,% of GDP,World Bank,2026-10-09
LUX,Luxembourg,2013,SH.XPD.CHEX.GD.ZS,5.23557377,% of GDP,World Bank,2026-10-09
LUX,Luxembourg,2014,SH.XPD.CHEX.GD.ZS,5.23040915,% of GDP,World Bank,2026-10-09
LUX,Luxembourg,2015,SH.XPD.CHEX.GD.ZS,5.08113575,% of GDP,World Bank,2026-10-09
LUX,Luxembourg,2016,SH.XPD.CHEX.GD.ZS,5.07103872,% of GDP,World Bank,2026-10-09
LUX,Luxembourg,2017,SH.XPD.CHEX.GD.ZS,5.13535357,% of GDP,World Bank,2026-10-09
LUX,Luxembourg,2018,SH.XPD.CHEX.GD.ZS,5.27355194,% of GDP,World Bank,2026-10-09
LUX,Luxembourg,2019,SH.XPD.CHEX.GD.ZS,5.46640301,% of GDP,World Bank,2026-10-09
LUX,Luxembourg,2020,SH.XPD.CHEX.GD.ZS,5.7671175,% of GDP,World Bank,2026-10-09
LUX,Luxembourg,2021,SH.XPD.CHEX.GD.ZS,5.60806084,% of GDP,World Bank,2026-10-09
LUX,Luxembourg,2022,SH.XPD.CHEX.GD.ZS,5.60926914,% of GDP,World Bank,2026-10-09
LUX,Luxembourg,2023,SH.XPD.CHEX.GD.ZS,5.78777981,% of GDP,World Bank,2026-10-09
LUX,Luxembourg,2024,SH.XPD.CHEX.GD.ZS,5.89136267,% of GDP,World Bank,2026-10-09
LVA,Latvia,2010,SH.XPD.CHEX.GD.ZS,6.22420359,% of GDP,World Bank,2026-10-09
LVA,Latvia,2011,SH.XPD.CHEX.GD.ZS,5.91758251,% of GDP,World Bank,2026-10-09
LVA,Latvia,2012,SH.XPD.CHEX.GD.ZS,5.62075043,% of GDP,World Bank,2026-10-09
LVA,Latvia,2013,SH.XPD.CHEX.GD.ZS,5.60404825,% of GDP,World Bank,2026-10-09
LVA,Latvia,2014,SH.XPD.CHEX.GD.ZS,5.66363621,% of GDP,World Bank,2026-10-09
LVA,Latvia,2015,SH.XPD.CHEX.GD.ZS,5.84916782,% of GDP,World Bank,2026-10-09
LVA,Latvia,2016,SH.XPD.CHEX.GD.ZS,6.35184479,% of GDP,World Bank,2026-10-09
LVA,Latvia,2017,SH.XPD.CHEX.GD.ZS,6.18721867,% of GDP,World Bank,2026-10-09
LVA,Latvia,2018,SH.XPD.CHEX.GD.ZS,6.40854263,% of GDP,World Bank,2026-10-09
LVA,Latvia,2019,SH.XPD.CHEX.GD.ZS,6.86276913,% of GDP,World Bank,2026-10-09
LVA,Latvia,2020,SH.XPD.CHEX.GD.ZS,7.50587368,% of GDP,World Bank,2026-10-09
LVA,Latvia,2021,SH.XPD.CHEX.GD.ZS,9.4105072,% of GDP,World Bank,2026-10-09
LVA,Latvia,2022,SH.XPD.CHEX.GD.ZS,8.1044302,% of GDP,World Bank,2026-10-09
LVA,Latvia,2023,SH.XPD.CHEX.GD.ZS,7.27783823,% of GDP,World Bank,2026-10-09
MKD,North Macedonia,2010,SH.XPD.CHEX.GD.ZS,6.71369696,% of GDP,World Bank,2026-10-09
MKD,North Macedonia,2011,SH.XPD.CHEX.GD.ZS,6.51887369,% of GDP,World Bank,2026-10-09
MKD,North Macedonia,2012,SH.XPD.CHEX.GD.ZS,6.61468363,% of GDP,World Bank,2026-10-09
MKD,North Macedonia,2013,SH.XPD.CHEX.GD.ZS,6.71928358,% of GDP,World Bank,2026-10-09
MKD,North Macedonia,2014,SH.XPD.CHEX.GD.ZS,6.28993368,% of GDP,World Bank,2026-10-09
MKD,North Macedonia,2015,SH.XPD.CHEX.GD.ZS,6.34227896,% of GDP,World Bank,2026-10-09
MKD,North Macedonia,2016,SH.XPD.CHEX.GD.ZS,6.37943363,% of GDP,World Bank,2026-10-09
MKD,North Macedonia,2017,SH.XPD.CHEX.GD.ZS,6.43909454,% of GDP,World Bank,2026-10-09
MKD,North Macedonia,2018,SH.XPD.CHEX.GD.ZS,6.45699358,% of GDP,World Bank,2026-10-09
MKD,North Macedonia,2019,SH.XPD.CHEX.GD.ZS,7.06654119,% of GDP,World Bank,2026-10-09
MKD,North Macedonia,2020,SH.XPD.CHEX.GD.ZS,7.73212385,% of GDP,World Bank,2026-10-09
MKD,North Macedonia,2021,SH.XPD.CHEX.GD.ZS,8.41851234,% of GDP,World Bank,2026-10-09
MKD,North Macedonia,2022,SH.XPD.CHEX.GD.ZS,7.42164755,% of GDP,World Bank,2026-10-09
MKD,North Macedonia,2023,SH.XPD.CHEX.GD.ZS,7.42730284,% of GDP,World Bank,2026-10-09
MLT,Malta,2010,SH.XPD.CHEX.GD.ZS,7.89857197,% of GDP,World Bank,2026-10-09
MLT,Malta,2011,SH.XPD.CHEX.GD.ZS,8.31816673,% of GDP,World Bank,2026-10-09
MLT,Malta,2012,SH.XPD.CHEX.GD.ZS,8.24921417,% of GDP,World Bank,2026-10-09
MLT,Malta,2013,SH.XPD.CHEX.GD.ZS,8.30319595,% of GDP,World Bank,2026-10-09
MLT,Malta,2014,SH.XPD.CHEX.GD.ZS,8.88463974,% of GDP,World Bank,2026-10-09
MLT,Malta,2015,SH.XPD.CHEX.GD.ZS,8.70199776,% of GDP,World Bank,2026-10-09
MLT,Malta,2016,SH.XPD.CHEX.GD.ZS,8.69928074,% of GDP,World Bank,2026-10-09
MLT,Malta,2017,SH.XPD.CHEX.GD.ZS,8.31366253,% of GDP,World Bank,2026-10-09
MLT,Malta,2018,SH.XPD.CHEX.GD.ZS,8.11269569,% of GDP,World Bank,2026-10-09
MLT,Malta,2019,SH.XPD.CHEX.GD.ZS,8.89282227,% of GDP,World Bank,2026-10-09
MLT,Malta,2020,SH.XPD.CHEX.GD.ZS,9.85403538,% of GDP,World Bank,2026-10-09
MLT,Malta,2021,SH.XPD.CHEX.GD.ZS,9.52782059,% of GDP,World Bank,2026-10-09
MLT,Malta,2022,SH.XPD.CHEX.GD.ZS,9.09105396,% of GDP,World Bank,2026-10-09
MLT,Malta,2023,SH.XPD.CHEX.GD.ZS,8.84301376,% of GDP,World Bank,2026-10-09
MNE,Montenegro,2011,SH.XPD.CHEX.GD.ZS,7.96692181,% of GDP,World Bank,2026-10-09
MNE,Montenegro,2012,SH.XPD.CHEX.GD.ZS,8.29550457,% of GDP,World Bank,2026-10-09
MNE,Montenegro,2013,SH.XPD.CHEX.GD.ZS,8.47144604,% of GDP,World Bank,2026-10-09
MNE,Montenegro,2014,SH.XPD.CHEX.GD.ZS,8.00086784,% of GDP,World Bank,2026-10-09
MNE,Montenegro,2015,SH.XPD.CHEX.GD.ZS,9.02188778,% of GDP,World Bank,2026-10-09
MNE,Montenegro,2016,SH.XPD.CHEX.GD.ZS,8.63302994,% of GDP,World Bank,2026-10-09
MNE,Montenegro,2017,SH.XPD.CHEX.GD.ZS,7.98255396,% of GDP,World Bank,2026-10-09
MNE,Montenegro,2018,SH.XPD.CHEX.GD.ZS,8.34355545,% of GDP,World Bank,2026-10-09
MNE,Montenegro,2019,SH.XPD.CHEX.GD.ZS,8.32983208,% of GDP,World Bank,2026-10-09
MNE,Montenegro,2020,SH.XPD.CHEX.GD.ZS,11.42177582,% of GDP,World Bank,2026-10-09
MNE,Montenegro,2021,SH.XPD.CHEX.GD.ZS,10.55253506,% of GDP,World Bank,2026-10-09
MNE,Montenegro,2022,SH.XPD.CHEX.GD.ZS,10.19081783,% of GDP,World Bank,2026-10-09
MNE,Montenegro,2023,SH.XPD.CHEX.GD.ZS,9.6549921,% of GDP,World Bank,2026-10-09
NLD,Netherlands,2010,SH.XPD.CHEX.GD.ZS,10.09452248,% of GDP,World Bank,2026-10-09
NLD,Netherlands,2011,SH.XPD.CHEX.GD.ZS,10.14537811,% of GDP,World Bank,2026-10-09
NLD,Netherlands,2012,SH.XPD.CHEX.GD.ZS,10.45467281,% of GDP,World Bank,2026-10-09
NLD,Netherlands,2013,SH.XPD.CHEX.GD.ZS,10.50247383,% of GDP,World Bank,2026-10-09
NLD,Netherlands,2014,SH.XPD.CHEX.GD.ZS,10.45699596,% of GDP,World Bank,2026-10-09
NLD,Netherlands,2015,SH.XPD.CHEX.GD.ZS,10.18857956,% of GDP,World Bank,2026-10-09
NLD,Netherlands,2016,SH.XPD.CHEX.GD.ZS,9.89148426,% of GDP,World Bank,2026-10-09
NLD,Netherlands,2017,SH.XPD.CHEX.GD.ZS,9.93712521,% of GDP,World Bank,2026-10-09
NLD,Netherlands,2018,SH.XPD.CHEX.GD.ZS,9.85083961,% of GDP,World Bank,2026-10-09
NLD,Netherlands,2019,SH.XPD.CHEX.GD.ZS,9.93616295,% of GDP,World Bank,2026-10-09
NLD,Netherlands,2020,SH.XPD.CHEX.GD.ZS,10.94954681,% of GDP,World Bank,2026-10-09
NLD,Netherlands,2021,SH.XPD.CHEX.GD.ZS,11.13498974,% of GDP,World Bank,2026-10-09
NLD,Netherlands,2022,SH.XPD.CHEX.GD.ZS,10.03109169,% of GDP,World Bank,2026-10-09
NLD,Netherlands,2023,SH.XPD.CHEX.GD.ZS,9.83150005,% of GDP,World Bank,2026-10-09
NLD,Netherlands,2024,SH.XPD.CHEX.GD.ZS,10.00551128,% of GDP,World Bank,2026-10-09
POL,Poland,2010,SH.XPD.CHEX.GD.ZS,6.43533468,% of GDP,World Bank,2026-10-09
POL,Poland,2011,SH.XPD.CHEX.GD.ZS,6.24533606,% of GDP,World Bank,2026-10-09
POL,Poland,2012,SH.XPD.CHEX.GD.ZS,6.22854042,% of GDP,World Bank,2026-10-09
POL,Poland,2013,SH.XPD.CHEX.GD.ZS,6.44993687,% of GDP,World Bank,2026-10-09
POL,Poland,2014,SH.XPD.CHEX.GD.ZS,6.39059496,% of GDP,World Bank,2026-10-09
POL,Poland,2015,SH.XPD.CHEX.GD.ZS,6.36490345,% of GDP,World Bank,2026-10-09
POL,Poland,2016,SH.XPD.CHEX.GD.ZS,6.5470438,% of GDP,World Bank,2026-10-09
POL,Poland,2017,SH.XPD.CHEX.GD.ZS,6.53713226,% of GDP,World Bank,2026-10-09
POL,Poland,2018,SH.XPD.CHEX.GD.ZS,6.25094128,% of GDP,World Bank,2026-10-09
POL,Poland,2019,SH.XPD.CHEX.GD.ZS,6.38906956,% of GDP,World Bank,2026-10-09
POL,Poland,2020,SH.XPD.CHEX.GD.ZS,6.42739105,% of GDP,World Bank,2026-10-09
POL,Poland,2021,SH.XPD.CHEX.GD.ZS,6.3654809,% of GDP,World Bank,2026-10-09
POL,Poland,2022,SH.XPD.CHEX.GD.ZS,6.46619797,% of GDP,World Bank,2026-10-09
POL,Poland,2023,SH.XPD.CHEX.GD.ZS,7.13848782,% of GDP,World Bank,2026-10-09
POL,Poland,2024,SH.XPD.CHEX.GD.ZS,8.06380177,% of GDP,World Bank,2026-10-09
PRT,Portugal,2010,SH.XPD.CHEX.GD.ZS,10.01858425,% of GDP,World Bank,2026-10-09
PRT,Portugal,2011,SH.XPD.CHEX.GD.ZS,9.71847439,% of GDP,World Bank,2026-10-09
PRT,Portugal,2012,SH.XPD.CHEX.GD.ZS,9.64000225,% of GDP,World Bank,2026-10-09
PRT,Portugal,2013,SH.XPD.CHEX.GD.ZS,9.39476109,% of GDP,World Bank,2026-10-09
PRT,Portugal,2014,SH.XPD.CHEX.GD.ZS,9.33570766,% of GDP,World Bank,2026-10-09
PRT,Portugal,2015,SH.XPD.CHEX.GD.ZS,9.33309937,% of GDP,World Bank,2026-10-09
PRT,Portugal,2016,SH.XPD.CHEX.GD.ZS,9.39989281,% of GDP,World Bank,2026-10-09
PRT,Portugal,2017,SH.XPD.CHEX.GD.ZS,9.32668972,% of GDP,World Bank,2026-10-09
PRT,Portugal,2018,SH.XPD.CHEX.GD.ZS,9.42121029,% of GDP,World Bank,2026-10-09
PRT,Portugal,2019,SH.XPD.CHEX.GD.ZS,9.50868607,% of GDP,World Bank,2026-10-09
PRT,Portugal,2020,SH.XPD.CHEX.GD.ZS,10.52074051,% of GDP,World Bank,2026-10-09
PRT,Portugal,2021,SH.XPD.CHEX.GD.ZS,11.22031498,% of GDP,World Bank,2026-10-09
PRT,Portugal,2022,SH.XPD.CHEX.GD.ZS,10.5492239,% of GDP,World Bank,2026-10-09
PRT,Portugal,2023,SH.XPD.CHEX.GD.ZS,10.02761173,% of GDP,World Bank,2026-10-09
PRT,Portugal,2024,SH.XPD.CHEX.GD.ZS,10.24061108,% of GDP,World Bank,2026-10-09
ROU,Romania,2010,SH.XPD.CHEX.GD.ZS,5.63882685,% of GDP,World Bank,2026-10-09
ROU,Romania,2011,SH.XPD.CHEX.GD.ZS,4.47503996,% of GDP,World Bank,2026-10-09
ROU,Romania,2012,SH.XPD.CHEX.GD.ZS,4.50939083,% of GDP,World Bank,2026-10-09
ROU,Romania,2013,SH.XPD.CHEX.GD.ZS,5.2240696,% of GDP,World Bank,2026-10-09
ROU,Romania,2014,SH.XPD.CHEX.GD.ZS,5.0276823,% of GDP,World Bank,2026-10-09
ROU,Romania,2015,SH.XPD.CHEX.GD.ZS,4.94292021,% of GDP,World Bank,2026-10-09
ROU,Romania,2016,SH.XPD.CHEX.GD.ZS,5.08012772,% of GDP,World Bank,2026-10-09
ROU,Romania,2017,SH.XPD.CHEX.GD.ZS,5.18878555,% of GDP,World Bank,2026-10-09
ROU,Romania,2018,SH.XPD.CHEX.GD.ZS,5.51454878,% of GDP,World Bank,2026-10-09
ROU,Romania,2019,SH.XPD.CHEX.GD.ZS,5.69924641,% of GDP,World Bank,2026-10-09
ROU,Romania,2020,SH.XPD.CHEX.GD.ZS,6.20959711,% of GDP,World Bank,2026-10-09
ROU,Romania,2021,SH.XPD.CHEX.GD.ZS,6.45246983,% of GDP,World Bank,2026-10-09
ROU,Romania,2022,SH.XPD.CHEX.GD.ZS,5.79823256,% of GDP,World Bank,2026-10-09
ROU,Romania,2023,SH.XPD.CHEX.GD.ZS,5.70901489,% of GDP,World Bank,2026-10-09
SRB,Serbia,2010,SH.XPD.CHEX.GD.ZS,9.15153027,% of GDP,World Bank,2026-10-09
SRB,Serbia,2011,SH.XPD.CHEX.GD.ZS,8.75940418,% of GDP,World Bank,2026-10-09
SRB,Serbia,2012,SH.XPD.CHEX.GD.ZS,8.95716667,% of GDP,World Bank,2026-10-09
SRB,Serbia,2013,SH.XPD.CHEX.GD.ZS,8.93188286,% of GDP,World Bank,2026-10-09
SRB,Serbia,2014,SH.XPD.CHEX.GD.ZS,8.85966778,% of GDP,World Bank,2026-10-09
SRB,Serbia,2015,SH.XPD.CHEX.GD.ZS,8.46289921,% of GDP,World Bank,2026-10-09
SRB,Serbia,2016,SH.XPD.CHEX.GD.ZS,8.15184307,% of GDP,World Bank,2026-10-09
SRB,Serbia,2017,SH.XPD.CHEX.GD.ZS,7.89965153,% of GDP,World Bank,2026-10-09
SRB,Serbia,2018,SH.XPD.CHEX.GD.ZS,8.18469906,% of GDP,World Bank,2026-10-09
SRB,Serbia,2019,SH.XPD.CHEX.GD.ZS,8.28762531,% of GDP,World Bank,2026-10-09
SRB,Serbia,2020,SH.XPD.CHEX.GD.ZS,8.30643559,% of GDP,World Bank,2026-10-09
SRB,Serbia,2021,SH.XPD.CHEX.GD.ZS,9.23441029,% of GDP,World Bank,2026-10-09
SRB,Serbia,2022,SH.XPD.CHEX.GD.ZS,8.58397198,% of GDP,World Bank,2026-10-09
SRB,Serbia,2023,SH.XPD.CHEX.GD.ZS,8.03133774,% of GDP,World Bank,2026-10-09
SVK,Slovakia,2010,SH.XPD.CHEX.GD.ZS,7.67065239,% of GDP,World Bank,2026-10-09
SVK,Slovakia,2011,SH.XPD.CHEX.GD.ZS,7.31452227,% of GDP,World Bank,2026-10-09
SVK,Slovakia,2012,SH.XPD.CHEX.GD.ZS,7.52780581,% of GDP,World Bank,2026-10-09
SVK,Slovakia,2013,SH.XPD.CHEX.GD.ZS,7.48013163,% of GDP,World Bank,2026-10-09
SVK,Slovakia,2014,SH.XPD.CHEX.GD.ZS,6.86543369,% of GDP,World Bank,2026-10-09
SVK,Slovakia,2015,SH.XPD.CHEX.GD.ZS,6.74109745,% of GDP,World Bank,2026-10-09
SVK,Slovakia,2016,SH.XPD.CHEX.GD.ZS,7.06081343,% of GDP,World Bank,2026-10-09
SVK,Slovakia,2017,SH.XPD.CHEX.GD.ZS,6.73388767,% of GDP,World Bank,2026-10-09
SVK,Slovakia,2018,SH.XPD.CHEX.GD.ZS,6.63677502,% of GDP,World Bank,2026-10-09
SVK,Slovakia,2019,SH.XPD.CHEX.GD.ZS,6.91102982,% of GDP,World Bank,2026-10-09
SVK,Slovakia,2020,SH.XPD.CHEX.GD.ZS,7.06027794,% of GDP,World Bank,2026-10-09
SVK,Slovakia,2021,SH.XPD.CHEX.GD.ZS,7.62857914,% of GDP,World Bank,2026-10-09
SVK,Slovakia,2022,SH.XPD.CHEX.GD.ZS,7.70245218,% of GDP,World Bank,2026-10-09
SVK,Slovakia,2023,SH.XPD.CHEX.GD.ZS,7.35262203,% of GDP,World Bank,2026-10-09
SVN,Slovenia,2010,SH.XPD.CHEX.GD.ZS,8.63941956,% of GDP,World Bank,2026-10-09
SVN,Slovenia,2011,SH.XPD.CHEX.GD.ZS,8.60054302,% of GDP,World Bank,2026-10-09
SVN,Slovenia,2012,SH.XPD.CHEX.GD.ZS,8.79263687,% of GDP,World Bank,2026-10-09
SVN,Slovenia,2013,SH.XPD.CHEX.GD.ZS,8.84043884,% of GDP,World Bank,2026-10-09
SVN,Slovenia,2014,SH.XPD.CHEX.GD.ZS,8.58487225,% of GDP,World Bank,2026-10-09
SVN,Slovenia,2015,SH.XPD.CHEX.GD.ZS,8.57742882,% of GDP,World Bank,2026-10-09
SVN,Slovenia,2016,SH.XPD.CHEX.GD.ZS,8.5691185,% of GDP,World Bank,2026-10-09
SVN,Slovenia,2017,SH.XPD.CHEX.GD.ZS,8.2588892,% of GDP,World Bank,2026-10-09
SVN,Slovenia,2018,SH.XPD.CHEX.GD.ZS,8.35228634,% of GDP,World Bank,2026-10-09
SVN,Slovenia,2019,SH.XPD.CHEX.GD.ZS,8.56564522,% of GDP,World Bank,2026-10-09
SVN,Slovenia,2020,SH.XPD.CHEX.GD.ZS,9.48984432,% of GDP,World Bank,2026-10-09
SVN,Slovenia,2021,SH.XPD.CHEX.GD.ZS,9.52724361,% of GDP,World Bank,2026-10-09
SVN,Slovenia,2022,SH.XPD.CHEX.GD.ZS,9.62683296,% of GDP,World Bank,2026-10-09
SVN,Slovenia,2023,SH.XPD.CHEX.GD.ZS,9.30008888,% of GDP,World Bank,2026-10-09
SVN,Slovenia,2024,SH.XPD.CHEX.GD.ZS,9.87630939,% of GDP,World Bank,2026-10-09
SWE,Sweden,2010,SH.XPD.CHEX.GD.ZS,8.32384682,% of GDP,World Bank,2026-10-09
SWE,Sweden,2011,SH.XPD.CHEX.GD.ZS,10.50179005,% of GDP,World Bank,2026-10-09
SWE,Sweden,2012,SH.XPD.CHEX.GD.ZS,10.834198,% of GDP,World Bank,2026-10-09
SWE,Sweden,2013,SH.XPD.CHEX.GD.ZS,10.9872179,% of GDP,World Bank,2026-10-09
SWE,Sweden,2014,SH.XPD.CHEX.GD.ZS,11.07212639,% of GDP,World Bank,2026-10-09
SWE,Sweden,2015,SH.XPD.CHEX.GD.ZS,10.93069172,% of GDP,World Bank,2026-10-09
SWE,Sweden,2016,SH.XPD.CHEX.GD.ZS,10.95692444,% of GDP,World Bank,2026-10-09
SWE,Sweden,2017,SH.XPD.CHEX.GD.ZS,10.94730949,% of GDP,World Bank,2026-10-09
SWE,Sweden,2018,SH.XPD.CHEX.GD.ZS,11.09132671,% of GDP,World Bank,2026-10-09
SWE,Sweden,2019,SH.XPD.CHEX.GD.ZS,10.93444347,% of GDP,World Bank,2026-10-09
SWE,Sweden,2020,SH.XPD.CHEX.GD.ZS,11.42458725,% of GDP,World Bank,2026-10-09
SWE,Sweden,2021,SH.XPD.CHEX.GD.ZS,11.23013592,% of GDP,World Bank,2026-10-09
SWE,Sweden,2022,SH.XPD.CHEX.GD.ZS,10.85505676,% of GDP,World Bank,2026-10-09
SWE,Sweden,2023,SH.XPD.CHEX.GD.ZS,11.152915,% of GDP,World Bank,2026-10-09
SWE,Sweden,2024,SH.XPD.CHEX.GD.ZS,11.21510124,% of GDP,World Bank,2026-10-09
ALB,Albania,2012,SI.POV.GINI,29.0,index (0-100),World Bank,2026-10-09
ALB,Albania,2014,SI.POV.GINI,34.6,index (0-100),World Bank,2026-10-09
ALB,Albania,2015,SI.POV.GINI,32.8,index (0-100),World Bank,2026-10-09
ALB,Albania,2016,SI.POV.GINI,33.7,index (0-100),World Bank,2026-10-09
ALB,Albania,2017,SI.POV.GINI,33.1,index (0-100),World Bank,2026-10-09
ALB,Albania,2018,SI.POV.GINI,30.1,index (0-100),World Bank,2026-10-09
ALB,Albania,2019,SI.POV.GINI,30.1,index (0-100),World Bank,2026-10-09
ALB,Albania,2020,SI.POV.GINI,29.4,index (0-100),World Bank,2026-10-09
AUT,Austria,2010,SI.POV.GINI,30.3,index (0-100),World Bank,2026-10-09
AUT,Austria,2011,SI.POV.GINI,30.8,index (0-100),World Bank,2026-10-09
AUT,Austria,2012,SI.POV.GINI,30.5,index (0-100),World Bank,2026-10-09
AUT,Austria,2013,SI.POV.GINI,30.8,index (0-100),World Bank,2026-10-09
AUT,Austria,2014,SI.POV.GINI,30.5,index (0-100),World Bank,2026-10-09
AUT,Austria,2015,SI.POV.GINI,30.5,index (0-100),World Bank,2026-10-09
AUT,Austria,2016,SI.POV.GINI,30.8,index (0-100),World Bank,2026-10-09
AUT,Austria,2017,SI.POV.GINI,29.7,index (0-100),World Bank,2026-10-09
AUT,Austria,2018,SI.POV.GINI,30.8,index (0-100),World Bank,2026-10-09
AUT,Austria,2019,SI.POV.GINI,30.2,index (0-100),World Bank,2026-10-09
AUT,Austria,2020,SI.POV.GINI,29.8,index (0-100),World Bank,2026-10-09
AUT,Austria,2021,SI.POV.GINI,30.7,index (0-100),World Bank,2026-10-09
AUT,Austria,2022,SI.POV.GINI,30.9,index (0-100),World Bank,2026-10-09
AUT,Austria,2023,SI.POV.GINI,31.2,index (0-100),World Bank,2026-10-09
BEL,Belgium,2010,SI.POV.GINI,28.4,index (0-100),World Bank,2026-10-09
BEL,Belgium,2011,SI.POV.GINI,28.1,index (0-100),World Bank,2026-10-09
BEL,Belgium,2012,SI.POV.GINI,27.5,index (0-100),World Bank,2026-10-09
BEL,Belgium,2013,SI.POV.GINI,27.7,index (0-100),World Bank,2026-10-09
BEL,Belgium,2014,SI.POV.GINI,28.1,index (0-100),World Bank,2026-10-09
BEL,Belgium,2015,SI.POV.GINI,27.7,index (0-100),World Bank,2026-10-09
BEL,Belgium,2016,SI.POV.GINI,27.6,index (0-100),World Bank,2026-10-09
BEL,Belgium,2017,SI.POV.GINI,27.4,index (0-100),World Bank,2026-10-09
BEL,Belgium,2018,SI.POV.GINI,27.2,index (0-100),World Bank,2026-10-09
BEL,Belgium,2019,SI.POV.GINI,27.2,index (0-100),World Bank,2026-10-09
BEL,Belgium,2020,SI.POV.GINI,26.0,index (0-100),World Bank,2026-10-09
BEL,Belgium,2021,SI.POV.GINI,26.6,index (0-100),World Bank,2026-10-09
BEL,Belgium,2022,SI.POV.GINI,26.4,index (0-100),World Bank,2026-10-09
BEL,Belgium,2023,SI.POV.GINI,26.8,index (0-100),World Bank,2026-10-09
BGR,Bulgaria,2010,SI.POV.GINI,35.7,index (0-100),World Bank,2026-10-09
BGR,Bulgaria,2011,SI.POV.GINI,34.3,index (0-100),World Bank,2026-10-09
BGR,Bulgaria,2012,SI.POV.GINI,36.0,index (0-100),World Bank,2026-10-09
BGR,Bulgaria,2013,SI.POV.GINI,36.6,index (0-100),World Bank,2026-10-09
BGR,Bulgaria,2014,SI.POV.GINI,37.4,index (0-100),World Bank,2026-10-09
BGR,Bulgaria,2015,SI.POV.GINI,38.6,index (0-100),World Bank,2026-10-09
BGR,Bulgaria,2016,SI.POV.GINI,40.6,index (0-100),World Bank,2026-10-09
BGR,Bulgaria,2017,SI.POV.GINI,40.4,index (0-100),World Bank,2026-10-09
BGR,Bulgaria,2018,SI.POV.GINI,41.3,index (0-100),World Bank,2026-10-09
BGR,Bulgaria,2019,SI.POV.GINI,40.3,index (0-100),World Bank,2026-10-09
BGR,Bulgaria,2020,SI.POV.GINI,40.5,index (0-100),World Bank,2026-10-09
BGR,Bulgaria,2021,SI.POV.GINI,39.0,index (0-100),World Bank,2026-10-09
BGR,Bulgaria,2022,SI.POV.GINI,38.2,index (0-100),World Bank,2026-10-09
BGR,Bulgaria,2023,SI.POV.GINI,39.5,index (0-100),World Bank,2026-10-09
BIH,Bosnia and Herzegovina,2011,SI.POV.GINI,33.3,index (0-100),World Bank,2026-10-09
BIH,Bosnia and Herzegovina,2015,SI.POV.GINI,32.9,index (0-100),World Bank,2026-10-09
BIH,Bosnia and Herzegovina,2021,SI.POV.GINI,30.3,index (0-100),World Bank,2026-10-09
CYP,Cyprus,2010,SI.POV.GINI,31.5,index (0-100),World Bank,2026-10-09
CYP,Cyprus,2011,SI.POV.GINI,32.6,index (0-100),World Bank,2026-10-09
CYP,Cyprus,2012,SI.POV.GINI,34.3,index (0-100),World Bank,2026-10-09
CYP,Cyprus,2013,SI.POV.GINI,37.0,index (0-100),World Bank,2026-10-09
CYP,Cyprus,2014,SI.POV.GINI,35.6,index (0-100),World Bank,2026-10-09
CYP,Cyprus,2015,SI.POV.GINI,34.0,index (0-100),World Bank,2026-10-09
CYP,Cyprus,2016,SI.POV.GINI,32.9,index (0-100),World Bank,2026-10-09
CYP,Cyprus,2017,SI.POV.GINI,31.4,index (0-100),World Bank,2026-10-09
CYP,Cyprus,2018,SI.POV.GINI,32.7,index (0-100),World Bank,2026-10-09
CYP,Cyprus,2019,SI.POV.GINI,31.2,index (0-100),World Bank,2026-10-09
CYP,Cyprus,2020,SI.POV.GINI,31.7,index (0-100),World Bank,2026-10-09
CYP,Cyprus,2021,SI.POV.GINI,31.3,index (0-100),World Bank,2026-10-09
CYP,Cyprus,2022,SI.POV.GINI,31.5,index (0-100),World Bank,2026-10-09
CYP,Cyprus,2023,SI.POV.GINI,31.8,index (0-100),World Bank,2026-10-09
CZE,Czechia,2010,SI.POV.GINI,26.6,index (0-100),World Bank,2026-10-09
CZE,Czechia,2011,SI.POV.GINI,26.4,index (0-100),World Bank,2026-10-09
CZE,Czechia,2012,SI.POV.GINI,26.1,index (0-100),World Bank,2026-10-09
CZE,Czechia,2013,SI.POV.GINI,26.5,index (0-100),World Bank,2026-10-09
CZE,Czechia,2014,SI.POV.GINI,25.9,index (0-100),World Bank,2026-10-09
CZE,Czechia,2015,SI.POV.GINI,25.9,index (0-100),World Bank,2026-10-09
CZE,Czechia,2016,SI.POV.GINI,25.4,index (0-100),World Bank,2026-10-09
CZE,Czechia,2017,SI.POV.GINI,24.9,index (0-100),World Bank,2026-10-09
CZE,Czechia,2018,SI.POV.GINI,25.0,index (0-100),World Bank,2026-10-09
CZE,Czechia,2019,SI.POV.GINI,25.3,index (0-100),World Bank,2026-10-09
CZE,Czechia,2020,SI.POV.GINI,26.2,index (0-100),World Bank,2026-10-09
CZE,Czechia,2021,SI.POV.GINI,26.2,index (0-100),World Bank,2026-10-09
CZE,Czechia,2022,SI.POV.GINI,25.9,index (0-100),World Bank,2026-10-09
CZE,Czechia,2023,SI.POV.GINI,25.7,index (0-100),World Bank,2026-10-09
DEU,Germany,2010,SI.POV.GINI,30.2,index (0-100),World Bank,2026-10-09
DEU,Germany,2011,SI.POV.GINI,30.4,index (0-100),World Bank,2026-10-09
DEU,Germany,2012,SI.POV.GINI,30.9,index (0-100),World Bank,2026-10-09
DEU,Germany,2013,SI.POV.GINI,31.4,index (0-100),World Bank,2026-10-09
DEU,Germany,2014,SI.POV.GINI,30.8,index (0-100),World Bank,2026-10-09
DEU,Germany,2015,SI.POV.GINI,31.4,index (0-100),World Bank,2026-10-09
DEU,Germany,2016,SI.POV.GINI,31.3,index (0-100),World Bank,2026-10-09
DEU,Germany,2017,SI.POV.GINI,31.3,index (0-100),World Bank,2026-10-09
DEU,Germany,2018,SI.POV.GINI,31.9,index (0-100),World Bank,2026-10-09
DEU,Germany,2019,SI.POV.GINI,32.2,index (0-100),World Bank,2026-10-09
DEU,Germany,2020,SI.POV.GINI,32.5,index (0-100),World Bank,2026-10-09
DEU,Germany,2021,SI.POV.GINI,33.6,index (0-100),World Bank,2026-10-09
DEU,Germany,2022,SI.POV.GINI,33.7,index (0-100),World Bank,2026-10-09
DNK,Denmark,2010,SI.POV.GINI,27.2,index (0-100),World Bank,2026-10-09
DNK,Denmark,2011,SI.POV.GINI,27.3,index (0-100),World Bank,2026-10-09
DNK,Denmark,2012,SI.POV.GINI,27.8,index (0-100),World Bank,2026-10-09
DNK,Denmark,2013,SI.POV.GINI,28.5,index (0-100),World Bank,2026-10-09
DNK,Denmark,2014,SI.POV.GINI,28.4,index (0-100),World Bank,2026-10-09
DNK,Denmark,2015,SI.POV.GINI,28.2,index (0-100),World Bank,2026-10-09
DNK,Denmark,2016,SI.POV.GINI,28.2,index (0-100),World Bank,2026-10-09
DNK,Denmark,2017,SI.POV.GINI,28.7,index (0-100),World Bank,2026-10-09
DNK,Denmark,2018,SI.POV.GINI,28.2,index (0-100),World Bank,2026-10-09
DNK,Denmark,2019,SI.POV.GINI,27.7,index (0-100),World Bank,2026-10-09
DNK,Denmark,2020,SI.POV.GINI,27.5,index (0-100),World Bank,2026-10-09
DNK,Denmark,2021,SI.POV.GINI,28.3,index (0-100),World Bank,2026-10-09
DNK,Denmark,2022,SI.POV.GINI,29.3,index (0-100),World Bank,2026-10-09
DNK,Denmark,2023,SI.POV.GINI,29.9,index (0-100),World Bank,2026-10-09
ESP,Spain,2010,SI.POV.GINI,35.2,index (0-100),World Bank,2026-10-09
ESP,Spain,2011,SI.POV.GINI,35.7,index (0-100),World Bank,2026-10-09
ESP,Spain,2012,SI.POV.GINI,35.4,index (0-100),World Bank,2026-10-09
ESP,Spain,2013,SI.POV.GINI,36.2,index (0-100),World Bank,2026-10-09
ESP,Spain,2014,SI.POV.GINI,36.1,index (0-100),World Bank,2026-10-09
ESP,Spain,2015,SI.POV.GINI,36.2,index (0-100),World Bank,2026-10-09
ESP,Spain,2016,SI.POV.GINI,35.8,index (0-100),World Bank,2026-10-09
ESP,Spain,2017,SI.POV.GINI,34.7,index (0-100),World Bank,2026-10-09
ESP,Spain,2018,SI.POV.GINI,34.7,index (0-100),World Bank,2026-10-09
ESP,Spain,2019,SI.POV.GINI,34.3,index (0-100),World Bank,2026-10-09
ESP,Spain,2020,SI.POV.GINI,34.9,index (0-100),World Bank,2026-10-09
ESP,Spain,2021,SI.POV.GINI,33.9,index (0-100),World Bank,2026-10-09
ESP,Spain,2022,SI.POV.GINI,33.6,index (0-100),World Bank,2026-10-09
ESP,Spain,2023,SI.POV.GINI,33.4,index (0-100),World Bank,2026-10-09
EST,Estonia,2010,SI.POV.GINI,32.0,index (0-100),World Bank,2026-10-09
EST,Estonia,2011,SI.POV.GINI,32.5,index (0-100),World Bank,2026-10-09
EST,Estonia,2012,SI.POV.GINI,32.9,index (0-100),World Bank,2026-10-09
EST,Estonia,2013,SI.POV.GINI,35.1,index (0-100),World Bank,2026-10-09
EST,Estonia,2014,SI.POV.GINI,34.6,index (0-100),World Bank,2026-10-09
EST,Estonia,2015,SI.POV.GINI,32.7,index (0-100),World Bank,2026-10-09
EST,Estonia,2016,SI.POV.GINI,31.2,index (0-100),World Bank,2026-10-09
EST,Estonia,2017,SI.POV.GINI,30.4,index (0-100),World Bank,2026-10-09
EST,Estonia,2018,SI.POV.GINI,30.3,index (0-100),World Bank,2026-10-09
EST,Estonia,2019,SI.POV.GINI,30.8,index (0-100),World Bank,2026-10-09
EST,Estonia,2020,SI.POV.GINI,30.7,index (0-100),World Bank,2026-10-09
EST,Estonia,2021,SI.POV.GINI,31.8,index (0-100),World Bank,2026-10-09
EST,Estonia,2022,SI.POV.GINI,32.3,index (0-100),World Bank,2026-10-09
EST,Estonia,2023,SI.POV.GINI,30.7,index (0-100),World Bank,2026-10-09
FIN,Finland,2010,SI.POV.GINI,27.7,index (0-100),World Bank,2026-10-09
FIN,Finland,2011,SI.POV.GINI,27.6,index (0-100),World Bank,2026-10-09
FIN,Finland,2012,SI.POV.GINI,27.1,index (0-100),World Bank,2026-10-09
FIN,Finland,2013,SI.POV.GINI,27.2,index (0-100),World Bank,2026-10-09
FIN,Finland,2014,SI.POV.GINI,26.8,index (0-100),World Bank,2026-10-09
FIN,Finland,2015,SI.POV.GINI,27.1,index (0-100),World Bank,2026-10-09
FIN,Finland,2016,SI.POV.GINI,27.1,index (0-100),World Bank,2026-10-09
FIN,Finland,2017,SI.POV.GINI,27.4,index (0-100),World Bank,2026-10-09
FIN,Finland,2018,SI.POV.GINI,27.3,index (0-100),World Bank,2026-10-09
FIN,Finland,2019,SI.POV.GINI,27.7,index (0-100),World Bank,2026-10-09
FIN,Finland,2020,SI.POV.GINI,27.1,index (0-100),World Bank,2026-10-09
FIN,Finland,2021,SI.POV.GINI,27.7,index (0-100),World Bank,2026-10-09
FIN,Finland,2022,SI.POV.GINI,27.9,index (0-100),World Bank,2026-10-09
FIN,Finland,2023,SI.POV.GINI,27.4,index (0-100),World Bank,2026-10-09
FRA,France,2010,SI.POV.GINI,33.7,index (0-100),World Bank,2026-10-09
FRA,France,2011,SI.POV.GINI,33.3,index (0-100),World Bank,2026-10-09
FRA,France,2012,SI.POV.GINI,33.1,index (0-100),World Bank,2026-10-09
FRA,France,2013,SI.POV.GINI,32.5,index (0-100),World Bank,2026-10-09
FRA,France,2014,SI.POV.GINI,32.3,index (0-100),World Bank,2026-10-09
FRA,France,2015,SI.POV.GINI,32.7,index (0-100),World Bank,2026-10-09
FRA,France,2016,SI.POV.GINI,31.9,index (0-100),World Bank,2026-10-09
FRA,France,2017,SI.POV.GINI,31.6,index (0-100),World Bank,2026-10-09
FRA,France,2018,SI.POV.GINI,32.4,index (0-100),World Bank,2026-10-09
FRA,France,2019,SI.POV.GINI,31.2,index (0-100),World Bank,2026-10-09
FRA,France,2020,SI.POV.GINI,30.7,index (0-100),World Bank,2026-10-09
FRA,France,2021,SI.POV.GINI,31.5,index (0-100),World Bank,2026-10-09
FRA,France,2022,SI.POV.GINI,31.2,index (0-100),World Bank,2026-10-09
FRA,France,2023,SI.POV.GINI,31.8,index (0-100),World Bank,2026-10-09
GRC,Greece,2010,SI.POV.GINI,34.1,index (0-100),World Bank,2026-10-09
GRC,Greece,2011,SI.POV.GINI,34.8,index (0-100),World Bank,2026-10-09
GRC,Greece,2012,SI.POV.GINI,36.3,index (0-100),World Bank,2026-10-09
GRC,Greece,2013,SI.POV.GINI,36.1,index (0-100),World Bank,2026-10-09
GRC,Greece,2014,SI.POV.GINI,35.8,index (0-100),World Bank,2026-10-09
GRC,Greece,2015,SI.POV.GINI,36.0,index (0-100),World Bank,2026-10-09
GRC,Greece,2016,SI.POV.GINI,35.0,index (0-100),World Bank,2026-10-09
GRC,Greece,2017,SI.POV.GINI,34.4,index (0-100),World Bank,2026-10-09
GRC,Greece,2018,SI.POV.GINI,32.9,index (0-100),World Bank,2026-10-09
GRC,Greece,2019,SI.POV.GINI,33.1,index (0-100),World Bank,2026-10-09
GRC,Greece,2020,SI.POV.GINI,33.6,index (0-100),World Bank,2026-10-09
GRC,Greece,2021,SI.POV.GINI,32.9,index (0-100),World Bank,2026-10-09
GRC,Greece,2022,SI.POV.GINI,33.4,index (0-100),World Bank,2026-10-09
GRC,Greece,2023,SI.POV.GINI,33.4,index (0-100),World Bank,2026-10-09
HRV,Croatia,2010,SI.POV.GINI,32.4,index (0-100),World Bank,2026-10-09
HRV,Croatia,2011,SI.POV.GINI,32.3,index (0-100),World Bank,2026-10-09
HRV,Croatia,2012,SI.POV.GINI,32.5,index (0-100),World Bank,2026-10-09
HRV,Croatia,2013,SI.POV.GINI,32.0,index (0-100),World Bank,2026-10-09
HRV,Croatia,2014,SI.POV.GINI,32.1,index (0-100),World Bank,2026-10-09
HRV,Croatia,2015,SI.POV.GINI,31.1,index (0-100),World Bank,2026-10-09
HRV,Croatia,2016,SI.POV.GINI,30.9,index (0-100),World Bank,2026-10-09
HRV,Croatia,2017,SI.POV.GINI,30.4,index (0-100),World Bank,2026-10-09
HRV,Croatia,2018,SI.POV.GINI,29.7,index (0-100),World Bank,2026-10-09
HRV,Croatia,2019,SI.POV.GINI,28.9,index (0-100),World Bank,2026-10-09
HRV,Croatia,2020,SI.POV.GINI,29.5,index (0-100),World Bank,2026-10-09
HRV,Croatia,2021,SI.POV.GINI,28.9,index (0-100),World Bank,2026-10-09
HRV,Croatia,2022,SI.POV.GINI,30.0,index (0-100),World Bank,2026-10-09
HRV,Croatia,2023,SI.POV.GINI,30.1,index (0-100),World Bank,2026-10-09
HUN,Hungary,2010,SI.POV.GINI,29.4,index (0-100),World Bank,2026-10-09
HUN,Hungary,2011,SI.POV.GINI,29.2,index (0-100),World Bank,2026-10-09
HUN,Hungary,2012,SI.POV.GINI,30.8,index (0-100),World Bank,2026-10-09
HUN,Hungary,2013,SI.POV.GINI,31.5,index (0-100),World Bank,2026-10-09
HUN,Hungary,2014,SI.POV.GINI,30.9,index (0-100),World Bank,2026-10-09
HUN,Hungary,2015,SI.POV.GINI,30.4,index (0-100),World Bank,2026-10-09
HUN,Hungary,2016,SI.POV.GINI,30.3,index (0-100),World Bank,2026-10-09
HUN,Hungary,2017,SI.POV.GINI,30.6,index (0-100),World Bank,2026-10-09
IRL,Ireland,2010,SI.POV.GINI,32.3,index (0-100),World Bank,2026-10-09
IRL,Ireland,2011,SI.POV.GINI,32.9,index (0-100),World Bank,2026-10-09
IRL,Ireland,2012,SI.POV.GINI,33.2,index (0-100),World Bank,2026-10-09
IRL,Ireland,2013,SI.POV.GINI,33.5,index (0-100),World Bank,2026-10-09
IRL,Ireland,2014,SI.POV.GINI,31.9,index (0-100),World Bank,2026-10-09
IRL,Ireland,2015,SI.POV.GINI,31.8,index (0-100),World Bank,2026-10-09
IRL,Ireland,2016,SI.POV.GINI,32.8,index (0-100),World Bank,2026-10-09
IRL,Ireland,2017,SI.POV.GINI,31.4,index (0-100),World Bank,2026-10-09
IRL,Ireland,2018,SI.POV.GINI,30.6,index (0-100),World Bank,2026-10-09
IRL,Ireland,2019,SI.POV.GINI,30.3,index (0-100),World Bank,2026-10-09
IRL,Ireland,2020,SI.POV.GINI,29.2,index (0-100),World Bank,2026-10-09
IRL,Ireland,2021,SI.POV.GINI,29.4,index (0-100),World Bank,2026-10-09
IRL,Ireland,2022,SI.POV.GINI,29.9,index (0-100),World Bank,2026-10-09
IRL,Ireland,2023,SI.POV.GINI,29.0,index (0-100),World Bank,2026-10-09
ITA,Italy,2010,SI.POV.GINI,34.7,index (0-100),World Bank,2026-10-09
ITA,Italy,2011,SI.POV.GINI,35.1,index (0-100),World Bank,2026-10-09
ITA,Italy,2012,SI.POV.GINI,35.2,index (0-100),World Bank,2026-10-09
ITA,Italy,2013,SI.POV.GINI,34.9,index (0-100),World Bank,2026-10-09
ITA,Italy,2014,SI.POV.GINI,34.7,index (0-100),World Bank,2026-10-09
ITA,Italy,2015,SI.POV.GINI,35.4,index (0-100),World Bank,2026-10-09
ITA,Italy,2016,SI.POV.GINI,35.2,index (0-100),World Bank,2026-10-09
ITA,Italy,2017,SI.POV.GINI,35.9,index (0-100),World Bank,2026-10-09
ITA,Italy,2018,SI.POV.GINI,35.2,index (0-100),World Bank,2026-10-09
ITA,Italy,2019,SI.POV.GINI,34.6,index (0-100),World Bank,2026-10-09
ITA,Italy,2020,SI.POV.GINI,35.2,index (0-100),World Bank,2026-10-09
ITA,Italy,2021,SI.POV.GINI,34.8,index (0-100),World Bank,2026-10-09
ITA,Italy,2022,SI.POV.GINI,33.7,index (0-100),World Bank,2026-10-09
ITA,Italy,2023,SI.POV.GINI,34.3,index (0-100),World Bank,2026-10-09
LTU,Lithuania,2010,SI.POV.GINI,33.6,index (0-100),World Bank,2026-10-09
LTU,Lithuania,2011,SI.POV.GINI,32.5,index (0-100),World Bank,2026-10-09
LTU,Lithuania,2012,SI.POV.GINI,35.1,index (0-100),World Bank,2026-10-09
LTU,Lithuania,2013,SI.POV.GINI,35.3,index (0-100),World Bank,2026-10-09
LTU,Lithuania,2014,SI.POV.GINI,37.7,index (0-100),World Bank,2026-10-09
LTU,Lithuania,2015,SI.POV.GINI,37.4,index (0-100),World Bank,2026-10-09
LTU,Lithuania,2016,SI.POV.GINI,38.4,index (0-100),World Bank,2026-10-09
LTU,Lithuania,2017,SI.POV.GINI,37.3,index (0-100),World Bank,2026-10-09
LTU,Lithuania,2018,SI.POV.GINI,35.7,index (0-100),World Bank,2026-10-09
LTU,Lithuania,2019,SI.POV.GINI,35.3,index (0-100),World Bank,2026-10-09
LTU,Lithuania,2020,SI.POV.GINI,36.0,index (0-100),World Bank,2026-10-09
LTU,Lithuania,2021,SI.POV.GINI,36.7,index (0-100),World Bank,2026-10-09
LTU,Lithuania,2022,SI.POV.GINI,36.6,index (0-100),World Bank,2026-10-09
LTU,Lithuania,2023,SI.POV.GINI,36.0,index (0-100),World Bank,2026-10-09
LUX,Luxembourg,2010,SI.POV.GINI,30.5,index (0-100),World Bank,2026-10-09
LUX,Luxembourg,2011,SI.POV.GINI,32.1,index (0-100),World Bank,2026-10-09
LUX,Luxembourg,2012,SI.POV.GINI,34.3,index (0-100),World Bank,2026-10-09
LUX,Luxembourg,2013,SI.POV.GINI,32.0,index (0-100),World Bank,2026-10-09
LUX,Luxembourg,2014,SI.POV.GINI,31.2,index (0-100),World Bank,2026-10-09
LUX,Luxembourg,2015,SI.POV.GINI,32.9,index (0-100),World Bank,2026-10-09
LUX,Luxembourg,2016,SI.POV.GINI,31.7,index (0-100),World Bank,2026-10-09
LUX,Luxembourg,2017,SI.POV.GINI,34.5,index (0-100),World Bank,2026-10-09
LUX,Luxembourg,2018,SI.POV.GINI,35.4,index (0-100),World Bank,2026-10-09
LUX,Luxembourg,2019,SI.POV.GINI,34.2,index (0-100),World Bank,2026-10-09
LUX,Luxembourg,2020,SI.POV.GINI,33.4,index (0-100),World Bank,2026-10-09
LUX,Luxembourg,2021,SI.POV.GINI,32.7,index (0-100),World Bank,2026-10-09
LUX,Luxembourg,2022,SI.POV.GINI,34.1,index (0-100),World Bank,2026-10-09
LUX,Luxembourg,2023,SI.POV.GINI,33.6,index (0-100),World Bank,2026-10-09
LVA,Latvia,2010,SI.POV.GINI,35.0,index (0-100),World Bank,2026-10-09
LVA,Latvia,2011,SI.POV.GINI,35.8,index (0-100),World Bank,2026-10-09
LVA,Latvia,2012,SI.POV.GINI,35.2,index (0-100),World Bank,2026-10-09
LVA,Latvia,2013,SI.POV.GINI,35.5,index (0-100),World Bank,2026-10-09
LVA,Latvia,2014,SI.POV.GINI,35.1,index (0-100),World Bank,2026-10-09
LVA,Latvia,2015,SI.POV.GINI,34.2,index (0-100),World Bank,2026-10-09
LVA,Latvia,2016,SI.POV.GINI,34.3,index (0-100),World Bank,2026-10-09
LVA,Latvia,2017,SI.POV.GINI,35.6,index (0-100),World Bank,2026-10-09
LVA,Latvia,2018,SI.POV.GINI,35.1,index (0-100),World Bank,2026-10-09
LVA,Latvia,2019,SI.POV.GINI,34.5,index (0-100),World Bank,2026-10-09
LVA,Latvia,2020,SI.POV.GINI,35.7,index (0-100),World Bank,2026-10-09
LVA,Latvia,2021,SI.POV.GINI,34.3,index (0-100),World Bank,2026-10-09
LVA,Latvia,2022,SI.POV.GINI,33.7,index (0-100),World Bank,2026-10-09
LVA,Latvia,2023,SI.POV.GINI,34.0,index (0-100),World Bank,2026-10-09
MKD,North Macedonia,2010,SI.POV.GINI,40.1,index (0-100),World Bank,2026-10-09
MKD,North Macedonia,2011,SI.POV.GINI,39.4,index (0-100),World Bank,2026-10-09
MKD,North Macedonia,2012,SI.POV.GINI,38.1,index (0-100),World Bank,2026-10-09
MKD,North Macedonia,2013,SI.POV.GINI,36.2,index (0-100),World Bank,2026-10-09
MKD,North Macedonia,2014,SI.POV.GINI,35.2,index (0-100),World Bank,2026-10-09
MKD,North Macedonia,2015,SI.POV.GINI,35.6,index (0-100),World Bank,2026-10-09
MKD,North Macedonia,2016,SI.POV.GINI,34.5,index (0-100),World Bank,2026-10-09
MKD,North Macedonia,2017,SI.POV.GINI,34.2,index (0-100),World Bank,2026-10-09
MKD,North Macedonia,2018,SI.POV.GINI,33.0,index (0-100),World Bank,2026-10-09
MKD,North Macedonia,2019,SI.POV.GINI,33.5,index (0-100),World Bank,2026-10-09
MLT,Malta,2010,SI.POV.GINI,29.0,index (0-100),World Bank,2026-10-09
MLT,Malta,2011,SI.POV.GINI,29.1,index (0-100),World Bank,2026-10-09
MLT,Malta,2012,SI.POV.GINI,29.4,index (0-100),World Bank,2026-10-09
MLT,Malta,2013,SI.POV.GINI,28.8,index (0-100),World Bank,2026-10-09
MLT,Malta,2014,SI.POV.GINI,29.0,index (0-100),World Bank,2026-10-09
MLT,Malta,2015,SI.POV.GINI,29.4,index (0-100),World Bank,2026-10-09
MLT,Malta,2016,SI.POV.GINI,29.1,index (0-100),World Bank,2026-10-09
MLT,Malta,2017,SI.POV.GINI,29.2,index (0-100),World Bank,2026-10-09
MLT,Malta,2018,SI.POV.GINI,28.7,index (0-100),World Bank,2026-10-09
MLT,Malta,2019,SI.POV.GINI,31.0,index (0-100),World Bank,2026-10-09
MLT,Malta,2020,SI.POV.GINI,31.4,index (0-100),World Bank,2026-10-09
MLT,Malta,2021,SI.POV.GINI,31.6,index (0-100),World Bank,2026-10-09
MLT,Malta,2022,SI.POV.GINI,34.6,index (0-100),World Bank,2026-10-09
MLT,Malta,2023,SI.POV.GINI,31.8,index (0-100),World Bank,2026-10-09
MNE,Montenegro,2010,SI.POV.GINI,28.9,index (0-100),World Bank,2026-10-09
MNE,Montenegro,2011,SI.POV.GINI,30.8,index (0-100),World Bank,2026-10-09
MNE,Montenegro,2012,SI.POV.GINI,41.2,index (0-100),World Bank,2026-10-09
MNE,Montenegro,2013,SI.POV.GINI,39.0,index (0-100),World Bank,2026-10-09
MNE,Montenegro,2014,SI.POV.GINI,38.8,index (0-100),World Bank,2026-10-09
MNE,Montenegro,2015,SI.POV.GINI,39.0,index (0-100),World Bank,2026-10-09
MNE,Montenegro,2016,SI.POV.GINI,38.5,index (0-100),World Bank,2026-10-09
MNE,Montenegro,2017,SI.POV.GINI,36.9,index (0-100),World Bank,2026-10-09
MNE,Montenegro,2018,SI.POV.GINI,36.8,index (0-100),World Bank,2026-10-09
MNE,Montenegro,2019,SI.POV.GINI,35.7,index (0-100),World Bank,2026-10-09
MNE,Montenegro,2020,SI.POV.GINI,35.4,index (0-100),World Bank,2026-10-09
MNE,Montenegro,2021,SI.POV.GINI,34.3,index (0-100),World Bank,2026-10-09
NLD,Netherlands,2010,SI.POV.GINI,27.8,index (0-100),World Bank,2026-10-09
NLD,Netherlands,2011,SI.POV.GINI,27.8,index (0-100),World Bank,2026-10-09
NLD,Netherlands,2012,SI.POV.GINI,27.6,index (0-100),World Bank,2026-10-09
NLD,Netherlands,2013,SI.POV.GINI,28.1,index (0-100),World Bank,2026-10-09
NLD,Netherlands,2014,SI.POV.GINI,28.6,index (0-100),World Bank,2026-10-09
NLD,Netherlands,2015,SI.POV.GINI,28.2,index (0-100),World Bank,2026-10-09
NLD,Netherlands,2016,SI.POV.GINI,28.2,index (0-100),World Bank,2026-10-09
NLD,Netherlands,2017,SI.POV.GINI,28.5,index (0-100),World Bank,2026-10-09
NLD,Netherlands,2018,SI.POV.GINI,28.1,index (0-100),World Bank,2026-10-09
NLD,Netherlands,2019,SI.POV.GINI,29.2,index (0-100),World Bank,2026-10-09
NLD,Netherlands,2020,SI.POV.GINI,26.0,index (0-100),World Bank,2026-10-09
NLD,Netherlands,2021,SI.POV.GINI,25.7,index (0-100),World Bank,2026-10-09
POL,Poland,2010,SI.POV.GINI,33.2,index (0-100),World Bank,2026-10-09
POL,Poland,2011,SI.POV.GINI,33.2,index (0-100),World Bank,2026-10-09
POL,Poland,2012,SI.POV.GINI,33.0,index (0-100),World Bank,2026-10-09
POL,Poland,2013,SI.POV.GINI,33.1,index (0-100),World Bank,2026-10-09
POL,Poland,2014,SI.POV.GINI,32.8,index (0-100),World Bank,2026-10-09
POL,Poland,2015,SI.POV.GINI,31.8,index (0-100),World Bank,2026-10-09
POL,Poland,2016,SI.POV.GINI,31.2,index (0-100),World Bank,2026-10-09
POL,Poland,2017,SI.POV.GINI,29.7,index (0-100),World Bank,2026-10-09
POL,Poland,2018,SI.POV.GINI,30.2,index (0-100),World Bank,2026-10-09
POL,Poland,2019,SI.POV.GINI,28.8,index (0-100),World Bank,2026-10-09
POL,Poland,2020,SI.POV.GINI,28.5,index (0-100),World Bank,2026-10-09
POL,Poland,2021,SI.POV.GINI,28.5,index (0-100),World Bank,2026-10-09
POL,Poland,2022,SI.POV.GINI,28.9,index (0-100),World Bank,2026-10-09
POL,Poland,2023,SI.POV.GINI,28.5,index (0-100),World Bank,2026-10-09
PRT,Portugal,2010,SI.POV.GINI,35.8,index (0-100),World Bank,2026-10-09
PRT,Portugal,2011,SI.POV.GINI,36.3,index (0-100),World Bank,2026-10-09
PRT,Portugal,2012,SI.POV.GINI,36.0,index (0-100),World Bank,2026-10-09
PRT,Portugal,2013,SI.POV.GINI,36.2,index (0-100),World Bank,2026-10-09
PRT,Portugal,2014,SI.POV.GINI,35.6,index (0-100),World Bank,2026-10-09
PRT,Portugal,2015,SI.POV.GINI,35.5,index (0-100),World Bank,2026-10-09
PRT,Portugal,2016,SI.POV.GINI,35.2,index (0-100),World Bank,2026-10-09
PRT,Portugal,2017,SI.POV.GINI,33.8,index (0-100),World Bank,2026-10-09
PRT,Portugal,2018,SI.POV.GINI,33.5,index (0-100),World Bank,2026-10-09
PRT,Portugal,2019,SI.POV.GINI,32.8,index (0-100),World Bank,2026-10-09
PRT,Portugal,2020,SI.POV.GINI,34.7,index (0-100),World Bank,2026-10-09
PRT,Portugal,2021,SI.POV.GINI,34.6,index (0-100),World Bank,2026-10-09
PRT,Portugal,2022,SI.POV.GINI,36.3,index (0-100),World Bank,2026-10-09
PRT,Portugal,2023,SI.POV.GINI,33.9,index (0-100),World Bank,2026-10-09
ROU,Romania,2010,SI.POV.GINI,35.5,index (0-100),World Bank,2026-10-09
ROU,Romania,2011,SI.POV.GINI,35.9,index (0-100),World Bank,2026-10-09
ROU,Romania,2012,SI.POV.GINI,36.5,index (0-100),World Bank,2026-10-09
ROU,Romania,2013,SI.POV.GINI,36.9,index (0-100),World Bank,2026-10-09
ROU,Romania,2014,SI.POV.GINI,36.0,index (0-100),World Bank,2026-10-09
ROU,Romania,2015,SI.POV.GINI,35.9,index (0-100),World Bank,2026-10-09
ROU,Romania,2016,SI.POV.GINI,34.4,index (0-100),World Bank,2026-10-09
ROU,Romania,2017,SI.POV.GINI,36.0,index (0-100),World Bank,2026-10-09
ROU,Romania,2018,SI.POV.GINI,35.8,index (0-100),World Bank,2026-10-09
ROU,Romania,2019,SI.POV.GINI,34.8,index (0-100),World Bank,2026-10-09
ROU,Romania,2020,SI.POV.GINI,34.6,index (0-100),World Bank,2026-10-09
ROU,Romania,2021,SI.POV.GINI,33.9,index (0-100),World Bank,2026-10-09
ROU,Romania,2022,SI.POV.GINI,32.3,index (0-100),World Bank,2026-10-09
ROU,Romania,2023,SI.POV.GINI,29.8,index (0-100),World Bank,2026-10-09
SRB,Serbia,2010,SI.POV.GINI,29.0,index (0-100),World Bank,2026-10-09
SRB,Serbia,2012,SI.POV.GINI,39.9,index (0-100),World Bank,2026-10-09
SRB,Serbia,2013,SI.POV.GINI,39.4,index (0-100),World Bank,2026-10-09
SRB,Serbia,2014,SI.POV.GINI,40.4,index (0-100),World Bank,2026-10-09
SRB,Serbia,2015,SI.POV.GINI,40.5,index (0-100),World Bank,2026-10-09
SRB,Serbia,2016,SI.POV.GINI,38.8,index (0-100),World Bank,2026-10-09
SRB,Serbia,2017,SI.POV.GINI,36.1,index (0-100),World Bank,2026-10-09
SRB,Serbia,2018,SI.POV.GINI,35.0,index (0-100),World Bank,2026-10-09
SRB,Serbia,2019,SI.POV.GINI,34.5,index (0-100),World Bank,2026-10-09
SRB,Serbia,2020,SI.POV.GINI,35.0,index (0-100),World Bank,2026-10-09
SRB,Serbia,2021,SI.POV.GINI,33.1,index (0-100),World Bank,2026-10-09
SRB,Serbia,2022,SI.POV.GINI,32.8,index (0-100),World Bank,2026-10-09
SRB,Serbia,2023,SI.POV.GINI,32.8,index (0-100),World Bank,2026-10-09
SVK,Slovakia,2010,SI.POV.GINI,27.3,index (0-100),World Bank,2026-10-09
SVK,Slovakia,2011,SI.POV.GINI,26.5,index (0-100),World Bank,2026-10-09
SVK,Slovakia,2012,SI.POV.GINI,26.1,index (0-100),World Bank,2026-10-09
SVK,Slovakia,2013,SI.POV.GINI,28.1,index (0-100),World Bank,2026-10-09
SVK,Slovakia,2014,SI.POV.GINI,26.1,index (0-100),World Bank,2026-10-09
SVK,Slovakia,2015,SI.POV.GINI,26.5,index (0-100),World Bank,2026-10-09
SVK,Slovakia,2016,SI.POV.GINI,25.2,index (0-100),World Bank,2026-10-09
SVK,Slovakia,2017,SI.POV.GINI,23.2,index (0-100),World Bank,2026-10-09
SVK,Slovakia,2018,SI.POV.GINI,25.0,index (0-100),World Bank,2026-10-09
SVK,Slovakia,2019,SI.POV.GINI,23.2,index (0-100),World Bank,2026-10-09
SVK,Slovakia,2020,SI.POV.GINI,24.2,index (0-100),World Bank,2026-10-09
SVK,Slovakia,2021,SI.POV.GINI,24.1,index (0-100),World Bank,2026-10-09
SVK,Slovakia,2022,SI.POV.GINI,24.1,index (0-100),World Bank,2026-10-09
SVK,Slovakia,2023,SI.POV.GINI,23.8,index (0-100),World Bank,2026-10-09
SVN,Slovenia,2010,SI.POV.GINI,24.9,index (0-100),World Bank,2026-10-09
SVN,Slovenia,2011,SI.POV.GINI,24.9,index (0-100),World Bank,2026-10-09
SVN,Slovenia,2012,SI.POV.GINI,25.6,index (0-100),World Bank,2026-10-09
SVN,Slovenia,2013,SI.POV.GINI,26.2,index (0-100),World Bank,2026-10-09
SVN,Slovenia,2014,SI.POV.GINI,25.7,index (0-100),World Bank,2026-10-09
SVN,Slovenia,2015,SI.POV.GINI,25.4,index (0-100),World Bank,2026-10-09
SVN,Slovenia,2016,SI.POV.GINI,24.8,index (0-100),World Bank,2026-10-09
SVN,Slovenia,2017,SI.POV.GINI,24.2,index (0-100),World Bank,2026-10-09
SVN,Slovenia,2018,SI.POV.GINI,24.6,index (0-100),World Bank,2026-10-09
SVN,Slovenia,2019,SI.POV.GINI,24.4,index (0-100),World Bank,2026-10-09
SVN,Slovenia,2020,SI.POV.GINI,24.0,index (0-100),World Bank,2026-10-09
SVN,Slovenia,2021,SI.POV.GINI,24.3,index (0-100),World Bank,2026-10-09
SVN,Slovenia,2022,SI.POV.GINI,24.3,index (0-100),World Bank,2026-10-09
SVN,Slovenia,2023,SI.POV.GINI,24.7,index (0-100),World Bank,2026-10-09
SWE,Sweden,2010,SI.POV.GINI,27.7,index (0-100),World Bank,2026-10-09
SWE,Sweden,2011,SI.POV.GINI,27.6,index (0-100),World Bank,2026-10-09
SWE,Sweden,2012,SI.POV.GINI,27.6,index (0-100),World Bank,2026-10-09
SWE,Sweden,2013,SI.POV.GINI,28.8,index (0-100),World Bank,2026-10-09
SWE,Sweden,2014,SI.POV.GINI,28.4,index (0-100),World Bank,2026-10-09
SWE,Sweden,2015,SI.POV.GINI,29.2,index (0-100),World Bank,2026-10-09
SWE,Sweden,2016,SI.POV.GINI,29.6,index (0-100),World Bank,2026-10-09
SWE,Sweden,2017,SI.POV.GINI,28.8,index (0-100),World Bank,2026-10-09
SWE,Sweden,2018,SI.POV.GINI,30.0,index (0-100),World Bank,2026-10-09
SWE,Sweden,2019,SI.POV.GINI,29.3,index (0-100),World Bank,2026-10-09
SWE,Sweden,2020,SI.POV.GINI,28.9,index (0-100),World Bank,2026-10-09
SWE,Sweden,2021,SI.POV.GINI,29.8,index (0-100),World Bank,2026-10-09
SWE,Sweden,2022,SI.POV.GINI,31.6,index (0-100),World Bank,2026-10-09
SWE,Sweden,2023,SI.POV.GINI,29.3,index (0-100),World Bank,2026-10-09
ALB,Albania,2010,SL.TLF.CACT.FE.ZS,46.835,% of female population 15+,World Bank,2026-10-09
ALB,Albania,2011,SL.TLF.CACT.FE.ZS,52.561,% of female population 15+,World Bank,2026-10-09
ALB,Albania,2012,SL.TLF.CACT.FE.ZS,48.936,% of female population 15+,World Bank,2026-10-09
ALB,Albania,2013,SL.TLF.CACT.FE.ZS,43.783,% of female population 15+,World Bank,2026-10-09
ALB,Albania,2014,SL.TLF.CACT.FE.ZS,43.958,% of female population 15+,World Bank,2026-10-09
ALB,Albania,2015,SL.TLF.CACT.FE.ZS,47.117,% of female population 15+,World Bank,2026-10-09
ALB,Albania,2016,SL.TLF.CACT.FE.ZS,49.888,% of female population 15+,World Bank,2026-10-09
ALB,Albania,2017,SL.TLF.CACT.FE.ZS,49.736,% of female population 15+,World Bank,2026-10-09
ALB,Albania,2018,SL.TLF.CACT.FE.ZS,51.406,% of female population 15+,World Bank,2026-10-09
ALB,Albania,2019,SL.TLF.CACT.FE.ZS,52.931,% of female population 15+,World Bank,2026-10-09
ALB,Albania,2020,SL.TLF.CACT.FE.ZS,52.252,% of female population 15+,World Bank,2026-10-09
ALB,Albania,2021,SL.TLF.CACT.FE.ZS,52.523,% of female population 15+,World Bank,2026-10-09
ALB,Albania,2022,SL.TLF.CACT.FE.ZS,56.407,% of female population 15+,World Bank,2026-10-09
ALB,Albania,2023,SL.TLF.CACT.FE.ZS,57.963,% of female population 15+,World Bank,2026-10-09
ALB,Albania,2024,SL.TLF.CACT.FE.ZS,58.154,% of female population 15+,World Bank,2026-10-09
ALB,Albania,2025,SL.TLF.CACT.FE.ZS,58.567,% of female population 15+,World Bank,2026-10-09
AUT,Austria,2010,SL.TLF.CACT.FE.ZS,53.648,% of female population 15+,World Bank,2026-10-09
AUT,Austria,2011,SL.TLF.CACT.FE.ZS,53.942,% of female population 15+,World Bank,2026-10-09
AUT,Austria,2012,SL.TLF.CACT.FE.ZS,54.446,% of female population 15+,World Bank,2026-10-09
AUT,Austria,2013,SL.TLF.CACT.FE.ZS,54.711,% of female population 15+,World Bank,2026-10-09
AUT,Austria,2014,SL.TLF.CACT.FE.ZS,54.763,% of female population 15+,World Bank,2026-10-09
AUT,Austria,2015,SL.TLF.CACT.FE.ZS,54.827,% of female population 15+,World Bank,2026-10-09
AUT,Austria,2016,SL.TLF.CACT.FE.ZS,55.349,% of female population 15+,World Bank,2026-10-09
AUT,Austria,2017,SL.TLF.CACT.FE.ZS,55.351,% of female population 15+,World Bank,2026-10-09
AUT,Austria,2018,SL.TLF.CACT.FE.ZS,55.426,% of female population 15+,World Bank,2026-10-09
AUT,Austria,2019,SL.TLF.CACT.FE.ZS,55.514,% of female population 15+,World Bank,2026-10-09
AUT,Austria,2020,SL.TLF.CACT.FE.ZS,55.224,% of female population 15+,World Bank,2026-10-09
AUT,Austria,2021,SL.TLF.CACT.FE.ZS,55.35,% of female population 15+,World Bank,2026-10-09
AUT,Austria,2022,SL.TLF.CACT.FE.ZS,55.688,% of female population 15+,World Bank,2026-10-09
AUT,Austria,2023,SL.TLF.CACT.FE.ZS,55.812,% of female population 15+,World Bank,2026-10-09
AUT,Austria,2024,SL.TLF.CACT.FE.ZS,55.408,% of female population 15+,World Bank,2026-10-09
AUT,Austria,2025,SL.TLF.CACT.FE.ZS,55.059,% of female population 15+,World Bank,2026-10-09
BEL,Belgium,2010,SL.TLF.CACT.FE.ZS,47.774,% of female population 15+,World Bank,2026-10-09
BEL,Belgium,2011,SL.TLF.CACT.FE.ZS,47.103,% of female population 15+,World Bank,2026-10-09
BEL,Belgium,2012,SL.TLF.CACT.FE.ZS,47.155,% of female population 15+,World Bank,2026-10-09
BEL,Belgium,2013,SL.TLF.CACT.FE.ZS,47.804,% of female population 15+,World Bank,2026-10-09
BEL,Belgium,2014,SL.TLF.CACT.FE.ZS,48.125,% of female population 15+,World Bank,2026-10-09
BEL,Belgium,2015,SL.TLF.CACT.FE.ZS,48.045,% of female population 15+,World Bank,2026-10-09
BEL,Belgium,2016,SL.TLF.CACT.FE.ZS,47.81,% of female population 15+,World Bank,2026-10-09
BEL,Belgium,2017,SL.TLF.CACT.FE.ZS,47.974,% of female population 15+,World Bank,2026-10-09
BEL,Belgium,2018,SL.TLF.CACT.FE.ZS,48.769,% of female population 15+,World Bank,2026-10-09
BEL,Belgium,2019,SL.TLF.CACT.FE.ZS,49.097,% of female population 15+,World Bank,2026-10-09
BEL,Belgium,2020,SL.TLF.CACT.FE.ZS,48.659,% of female population 15+,World Bank,2026-10-09
BEL,Belgium,2021,SL.TLF.CACT.FE.ZS,49.367,% of female population 15+,World Bank,2026-10-09
BEL,Belgium,2022,SL.TLF.CACT.FE.ZS,50.029,% of female population 15+,World Bank,2026-10-09
BEL,Belgium,2023,SL.TLF.CACT.FE.ZS,49.834,% of female population 15+,World Bank,2026-10-09
BEL,Belgium,2024,SL.TLF.CACT.FE.ZS,49.97,% of female population 15+,World Bank,2026-10-09
BEL,Belgium,2025,SL.TLF.CACT.FE.ZS,49.78,% of female population 15+,World Bank,2026-10-09
BGR,Bulgaria,2010,SL.TLF.CACT.FE.ZS,47.819,% of female population 15+,World Bank,2026-10-09
BGR,Bulgaria,2011,SL.TLF.CACT.FE.ZS,47.2,% of female population 15+,World Bank,2026-10-09
BGR,Bulgaria,2012,SL.TLF.CACT.FE.ZS,47.958,% of female population 15+,World Bank,2026-10-09
BGR,Bulgaria,2013,SL.TLF.CACT.FE.ZS,48.534,% of female population 15+,World Bank,2026-10-09
BGR,Bulgaria,2014,SL.TLF.CACT.FE.ZS,48.389,% of female population 15+,World Bank,2026-10-09
BGR,Bulgaria,2015,SL.TLF.CACT.FE.ZS,48.725,% of female population 15+,World Bank,2026-10-09
BGR,Bulgaria,2016,SL.TLF.CACT.FE.ZS,47.437,% of female population 15+,World Bank,2026-10-09
BGR,Bulgaria,2017,SL.TLF.CACT.FE.ZS,49.604,% of female population 15+,World Bank,2026-10-09
BGR,Bulgaria,2018,SL.TLF.CACT.FE.ZS,49.175,% of female population 15+,World Bank,2026-10-09
BGR,Bulgaria,2019,SL.TLF.CACT.FE.ZS,50.385,% of female population 15+,World Bank,2026-10-09
BGR,Bulgaria,2020,SL.TLF.CACT.FE.ZS,49.517,% of female population 15+,World Bank,2026-10-09
BGR,Bulgaria,2021,SL.TLF.CACT.FE.ZS,49.193,% of female population 15+,World Bank,2026-10-09
BGR,Bulgaria,2022,SL.TLF.CACT.FE.ZS,50.802,% of female population 15+,World Bank,2026-10-09
BGR,Bulgaria,2023,SL.TLF.CACT.FE.ZS,51.029,% of female population 15+,World Bank,2026-10-09
BGR,Bulgaria,2024,SL.TLF.CACT.FE.ZS,50.487,% of female population 15+,World Bank,2026-10-09
BGR,Bulgaria,2025,SL.TLF.CACT.FE.ZS,50.376,% of female population 15+,World Bank,2026-10-09
BIH,Bosnia and Herzegovina,2010,SL.TLF.CACT.FE.ZS,40.214,% of female population 15+,World Bank,2026-10-09
BIH,Bosnia and Herzegovina,2011,SL.TLF.CACT.FE.ZS,39.774,% of female population 15+,World Bank,2026-10-09
BIH,Bosnia and Herzegovina,2012,SL.TLF.CACT.FE.ZS,39.563,% of female population 15+,World Bank,2026-10-09
BIH,Bosnia and Herzegovina,2013,SL.TLF.CACT.FE.ZS,39.306,% of female population 15+,World Bank,2026-10-09
BIH,Bosnia and Herzegovina,2014,SL.TLF.CACT.FE.ZS,38.994,% of female population 15+,World Bank,2026-10-09
BIH,Bosnia and Herzegovina,2015,SL.TLF.CACT.FE.ZS,38.824,% of female population 15+,World Bank,2026-10-09
BIH,Bosnia and Herzegovina,2016,SL.TLF.CACT.FE.ZS,38.632,% of female population 15+,World Bank,2026-10-09
BIH,Bosnia and Herzegovina,2017,SL.TLF.CACT.FE.ZS,38.558,% of female population 15+,World Bank,2026-10-09
BIH,Bosnia and Herzegovina,2018,SL.TLF.CACT.FE.ZS,38.384,% of female population 15+,World Bank,2026-10-09
BIH,Bosnia and Herzegovina,2019,SL.TLF.CACT.FE.ZS,38.209,% of female population 15+,World Bank,2026-10-09
BIH,Bosnia and Herzegovina,2020,SL.TLF.CACT.FE.ZS,37.115,% of female population 15+,World Bank,2026-10-09
BIH,Bosnia and Herzegovina,2021,SL.TLF.CACT.FE.ZS,37.416,% of female population 15+,World Bank,2026-10-09
BIH,Bosnia and Herzegovina,2022,SL.TLF.CACT.FE.ZS,38.537,% of female population 15+,World Bank,2026-10-09
BIH,Bosnia and Herzegovina,2023,SL.TLF.CACT.FE.ZS,39.533,% of female population 15+,World Bank,2026-10-09
BIH,Bosnia and Herzegovina,2024,SL.TLF.CACT.FE.ZS,39.399,% of female population 15+,World Bank,2026-10-09
BIH,Bosnia and Herzegovina,2025,SL.TLF.CACT.FE.ZS,39.241,% of female population 15+,World Bank,2026-10-09
CYP,Cyprus,2010,SL.TLF.CACT.FE.ZS,57.839,% of female population 15+,World Bank,2026-10-09
CYP,Cyprus,2011,SL.TLF.CACT.FE.ZS,57.516,% of female population 15+,World Bank,2026-10-09
CYP,Cyprus,2012,SL.TLF.CACT.FE.ZS,57.202,% of female population 15+,World Bank,2026-10-09
CYP,Cyprus,2013,SL.TLF.CACT.FE.ZS,57.37,% of female population 15+,World Bank,2026-10-09
CYP,Cyprus,2014,SL.TLF.CACT.FE.ZS,58.944,% of female population 15+,World Bank,2026-10-09
CYP,Cyprus,2015,SL.TLF.CACT.FE.ZS,59.097,% of female population 15+,World Bank,2026-10-09
CYP,Cyprus,2016,SL.TLF.CACT.FE.ZS,58.281,% of female population 15+,World Bank,2026-10-09
CYP,Cyprus,2017,SL.TLF.CACT.FE.ZS,58.922,% of female population 15+,World Bank,2026-10-09
CYP,Cyprus,2018,SL.TLF.CACT.FE.ZS,59.627,% of female population 15+,World Bank,2026-10-09
CYP,Cyprus,2019,SL.TLF.CACT.FE.ZS,60.096,% of female population 15+,World Bank,2026-10-09
CYP,Cyprus,2020,SL.TLF.CACT.FE.ZS,59.05,% of female population 15+,World Bank,2026-10-09
CYP,Cyprus,2021,SL.TLF.CACT.FE.ZS,59.534,% of female population 15+,World Bank,2026-10-09
CYP,Cyprus,2022,SL.TLF.CACT.FE.ZS,61.219,% of female population 15+,World Bank,2026-10-09
CYP,Cyprus,2023,SL.TLF.CACT.FE.ZS,62.495,% of female population 15+,World Bank,2026-10-09
CYP,Cyprus,2024,SL.TLF.CACT.FE.ZS,61.408,% of female population 15+,World Bank,2026-10-09
CYP,Cyprus,2025,SL.TLF.CACT.FE.ZS,61.213,% of female population 15+,World Bank,2026-10-09
CZE,Czechia,2010,SL.TLF.CACT.FE.ZS,49.231,% of female population 15+,World Bank,2026-10-09
CZE,Czechia,2011,SL.TLF.CACT.FE.ZS,49.472,% of female population 15+,World Bank,2026-10-09
CZE,Czechia,2012,SL.TLF.CACT.FE.ZS,50.041,% of female population 15+,World Bank,2026-10-09
CZE,Czechia,2013,SL.TLF.CACT.FE.ZS,50.888,% of female population 15+,World Bank,2026-10-09
CZE,Czechia,2014,SL.TLF.CACT.FE.ZS,50.803,% of female population 15+,World Bank,2026-10-09
CZE,Czechia,2015,SL.TLF.CACT.FE.ZS,51.187,% of female population 15+,World Bank,2026-10-09
CZE,Czechia,2016,SL.TLF.CACT.FE.ZS,51.735,% of female population 15+,World Bank,2026-10-09
CZE,Czechia,2017,SL.TLF.CACT.FE.ZS,52.114,% of female population 15+,World Bank,2026-10-09
CZE,Czechia,2018,SL.TLF.CACT.FE.ZS,52.559,% of female population 15+,World Bank,2026-10-09
CZE,Czechia,2019,SL.TLF.CACT.FE.ZS,52.3,% of female population 15+,World Bank,2026-10-09
CZE,Czechia,2020,SL.TLF.CACT.FE.ZS,51.463,% of female population 15+,World Bank,2026-10-09
CZE,Czechia,2021,SL.TLF.CACT.FE.ZS,51.555,% of female population 15+,World Bank,2026-10-09
CZE,Czechia,2022,SL.TLF.CACT.FE.ZS,52.191,% of female population 15+,World Bank,2026-10-09
CZE,Czechia,2023,SL.TLF.CACT.FE.ZS,53.241,% of female population 15+,World Bank,2026-10-09
CZE,Czechia,2024,SL.TLF.CACT.FE.ZS,53.656,% of female population 15+,World Bank,2026-10-09
CZE,Czechia,2025,SL.TLF.CACT.FE.ZS,53.456,% of female population 15+,World Bank,2026-10-09
DEU,Germany,2010,SL.TLF.CACT.FE.ZS,52.528,% of female population 15+,World Bank,2026-10-09
DEU,Germany,2011,SL.TLF.CACT.FE.ZS,53.71,% of female population 15+,World Bank,2026-10-09
DEU,Germany,2012,SL.TLF.CACT.FE.ZS,53.68,% of female population 15+,World Bank,2026-10-09
DEU,Germany,2013,SL.TLF.CACT.FE.ZS,54.194,% of female population 15+,World Bank,2026-10-09
DEU,Germany,2014,SL.TLF.CACT.FE.ZS,54.468,% of female population 15+,World Bank,2026-10-09
DEU,Germany,2015,SL.TLF.CACT.FE.ZS,54.441,% of female population 15+,World Bank,2026-10-09
DEU,Germany,2016,SL.TLF.CACT.FE.ZS,54.808,% of female population 15+,World Bank,2026-10-09
DEU,Germany,2017,SL.TLF.CACT.FE.ZS,55.138,% of female population 15+,World Bank,2026-10-09
DEU,Germany,2018,SL.TLF.CACT.FE.ZS,55.211,% of female population 15+,World Bank,2026-10-09
DEU,Germany,2019,SL.TLF.CACT.FE.ZS,55.709,% of female population 15+,World Bank,2026-10-09
DEU,Germany,2020,SL.TLF.CACT.FE.ZS,55.113,% of female population 15+,World Bank,2026-10-09
DEU,Germany,2021,SL.TLF.CACT.FE.ZS,55.018,% of female population 15+,World Bank,2026-10-09
DEU,Germany,2022,SL.TLF.CACT.FE.ZS,55.538,% of female population 15+,World Bank,2026-10-09
DEU,Germany,2023,SL.TLF.CACT.FE.ZS,55.821,% of female population 15+,World Bank,2026-10-09
DEU,Germany,2024,SL.TLF.CACT.FE.ZS,55.622,% of female population 15+,World Bank,2026-10-09
DEU,Germany,2025,SL.TLF.CACT.FE.ZS,55.288,% of female population 15+,World Bank,2026-10-09
DNK,Denmark,2010,SL.TLF.CACT.FE.ZS,58.97,% of female population 15+,World Bank,2026-10-09
DNK,Denmark,2011,SL.TLF.CACT.FE.ZS,58.71,% of female population 15+,World Bank,2026-10-09
DNK,Denmark,2012,SL.TLF.CACT.FE.ZS,58.281,% of female population 15+,World Bank,2026-10-09
DNK,Denmark,2013,SL.TLF.CACT.FE.ZS,57.679,% of female population 15+,World Bank,2026-10-09
DNK,Denmark,2014,SL.TLF.CACT.FE.ZS,57.097,% of female population 15+,World Bank,2026-10-09
DNK,Denmark,2015,SL.TLF.CACT.FE.ZS,56.837,% of female population 15+,World Bank,2026-10-09
DNK,Denmark,2016,SL.TLF.CACT.FE.ZS,57.677,% of female population 15+,World Bank,2026-10-09
DNK,Denmark,2017,SL.TLF.CACT.FE.ZS,57.739,% of female population 15+,World Bank,2026-10-09
DNK,Denmark,2018,SL.TLF.CACT.FE.ZS,57.649,% of female population 15+,World Bank,2026-10-09
DNK,Denmark,2019,SL.TLF.CACT.FE.ZS,58.06,% of female population 15+,World Bank,2026-10-09
DNK,Denmark,2020,SL.TLF.CACT.FE.ZS,57.886,% of female population 15+,World Bank,2026-10-09
DNK,Denmark,2021,SL.TLF.CACT.FE.ZS,58.161,% of female population 15+,World Bank,2026-10-09
DNK,Denmark,2022,SL.TLF.CACT.FE.ZS,59.551,% of female population 15+,World Bank,2026-10-09
DNK,Denmark,2023,SL.TLF.CACT.FE.ZS,59.812,% of female population 15+,World Bank,2026-10-09
DNK,Denmark,2024,SL.TLF.CACT.FE.ZS,60.902,% of female population 15+,World Bank,2026-10-09
DNK,Denmark,2025,SL.TLF.CACT.FE.ZS,60.792,% of female population 15+,World Bank,2026-10-09
ESP,Spain,2010,SL.TLF.CACT.FE.ZS,51.711,% of female population 15+,World Bank,2026-10-09
ESP,Spain,2011,SL.TLF.CACT.FE.ZS,52.29,% of female population 15+,World Bank,2026-10-09
ESP,Spain,2012,SL.TLF.CACT.FE.ZS,52.895,% of female population 15+,World Bank,2026-10-09
ESP,Spain,2013,SL.TLF.CACT.FE.ZS,52.831,% of female population 15+,World Bank,2026-10-09
ESP,Spain,2014,SL.TLF.CACT.FE.ZS,52.629,% of female population 15+,World Bank,2026-10-09
ESP,Spain,2015,SL.TLF.CACT.FE.ZS,52.62,% of female population 15+,World Bank,2026-10-09
ESP,Spain,2016,SL.TLF.CACT.FE.ZS,52.485,% of female population 15+,World Bank,2026-10-09
ESP,Spain,2017,SL.TLF.CACT.FE.ZS,52.281,% of female population 15+,World Bank,2026-10-09
ESP,Spain,2018,SL.TLF.CACT.FE.ZS,51.873,% of female population 15+,World Bank,2026-10-09
ESP,Spain,2019,SL.TLF.CACT.FE.ZS,52.039,% of female population 15+,World Bank,2026-10-09
ESP,Spain,2020,SL.TLF.CACT.FE.ZS,50.922,% of female population 15+,World Bank,2026-10-09
ESP,Spain,2021,SL.TLF.CACT.FE.ZS,52.177,% of female population 15+,World Bank,2026-10-09
ESP,Spain,2022,SL.TLF.CACT.FE.ZS,52.281,% of female population 15+,World Bank,2026-10-09
ESP,Spain,2023,SL.TLF.CACT.FE.ZS,52.773,% of female population 15+,World Bank,2026-10-09
ESP,Spain,2024,SL.TLF.CACT.FE.ZS,53.195,% of female population 15+,World Bank,2026-10-09
ESP,Spain,2025,SL.TLF.CACT.FE.ZS,52.825,% of female population 15+,World Bank,2026-10-09
EST,Estonia,2010,SL.TLF.CACT.FE.ZS,55.069,% of female population 15+,World Bank,2026-10-09
EST,Estonia,2011,SL.TLF.CACT.FE.ZS,55.617,% of female population 15+,World Bank,2026-10-09
EST,Estonia,2012,SL.TLF.CACT.FE.ZS,55.38,% of female population 15+,World Bank,2026-10-09
EST,Estonia,2013,SL.TLF.CACT.FE.ZS,55.341,% of female population 15+,World Bank,2026-10-09
EST,Estonia,2014,SL.TLF.CACT.FE.ZS,54.54,% of female population 15+,World Bank,2026-10-09
EST,Estonia,2015,SL.TLF.CACT.FE.ZS,55.747,% of female population 15+,World Bank,2026-10-09
EST,Estonia,2016,SL.TLF.CACT.FE.ZS,56.295,% of female population 15+,World Bank,2026-10-09
EST,Estonia,2017,SL.TLF.CACT.FE.ZS,57.006,% of female population 15+,World Bank,2026-10-09
EST,Estonia,2018,SL.TLF.CACT.FE.ZS,57.281,% of female population 15+,World Bank,2026-10-09
EST,Estonia,2019,SL.TLF.CACT.FE.ZS,57.34,% of female population 15+,World Bank,2026-10-09
EST,Estonia,2020,SL.TLF.CACT.FE.ZS,57.133,% of female population 15+,World Bank,2026-10-09
EST,Estonia,2021,SL.TLF.CACT.FE.ZS,57.777,% of female population 15+,World Bank,2026-10-09
EST,Estonia,2022,SL.TLF.CACT.FE.ZS,60.138,% of female population 15+,World Bank,2026-10-09
EST,Estonia,2023,SL.TLF.CACT.FE.ZS,61.049,% of female population 15+,World Bank,2026-10-09
EST,Estonia,2024,SL.TLF.CACT.FE.ZS,61.258,% of female population 15+,World Bank,2026-10-09
EST,Estonia,2025,SL.TLF.CACT.FE.ZS,60.984,% of female population 15+,World Bank,2026-10-09
EUU,European Union (aggregate),2010,SL.TLF.CACT.FE.ZS,49.3325907280392,% of female population 15+,World Bank,2026-10-09
EUU,European Union (aggregate),2011,SL.TLF.CACT.FE.ZS,49.5712083837619,% of female population 15+,World Bank,2026-10-09
EUU,European Union (aggregate),2012,SL.TLF.CACT.FE.ZS,49.9701063040754,% of female population 15+,World Bank,2026-10-09
EUU,European Union (aggregate),2013,SL.TLF.CACT.FE.ZS,50.1041149468768,% of female population 15+,World Bank,2026-10-09
EUU,European Union (aggregate),2014,SL.TLF.CACT.FE.ZS,50.2327670599766,% of female population 15+,World Bank,2026-10-09
EUU,European Union (aggregate),2015,SL.TLF.CACT.FE.ZS,50.2881483598504,% of female population 15+,World Bank,2026-10-09
EUU,European Union (aggregate),2016,SL.TLF.CACT.FE.ZS,50.4648030294592,% of female population 15+,World Bank,2026-10-09
EUU,European Union (aggregate),2017,SL.TLF.CACT.FE.ZS,50.7052712896773,% of female population 15+,World Bank,2026-10-09
EUU,European Union (aggregate),2018,SL.TLF.CACT.FE.ZS,50.8086800267743,% of female population 15+,World Bank,2026-10-09
EUU,European Union (aggregate),2019,SL.TLF.CACT.FE.ZS,50.9563983949262,% of female population 15+,World Bank,2026-10-09
EUU,European Union (aggregate),2020,SL.TLF.CACT.FE.ZS,50.2947202876465,% of female population 15+,World Bank,2026-10-09
EUU,European Union (aggregate),2021,SL.TLF.CACT.FE.ZS,50.9889237972271,% of female population 15+,World Bank,2026-10-09
EUU,European Union (aggregate),2022,SL.TLF.CACT.FE.ZS,51.5700692630048,% of female population 15+,World Bank,2026-10-09
EUU,European Union (aggregate),2023,SL.TLF.CACT.FE.ZS,51.9690117680907,% of female population 15+,World Bank,2026-10-09
EUU,European Union (aggregate),2024,SL.TLF.CACT.FE.ZS,51.8737033852374,% of female population 15+,World Bank,2026-10-09
EUU,European Union (aggregate),2025,SL.TLF.CACT.FE.ZS,51.6146262531769,% of female population 15+,World Bank,2026-10-09
FIN,Finland,2010,SL.TLF.CACT.FE.ZS,55.871,% of female population 15+,World Bank,2026-10-09
FIN,Finland,2011,SL.TLF.CACT.FE.ZS,55.743,% of female population 15+,World Bank,2026-10-09
FIN,Finland,2012,SL.TLF.CACT.FE.ZS,55.865,% of female population 15+,World Bank,2026-10-09
FIN,Finland,2013,SL.TLF.CACT.FE.ZS,55.568,% of female population 15+,World Bank,2026-10-09
FIN,Finland,2014,SL.TLF.CACT.FE.ZS,55.297,% of female population 15+,World Bank,2026-10-09
FIN,Finland,2015,SL.TLF.CACT.FE.ZS,55.407,% of female population 15+,World Bank,2026-10-09
FIN,Finland,2016,SL.TLF.CACT.FE.ZS,54.982,% of female population 15+,World Bank,2026-10-09
FIN,Finland,2017,SL.TLF.CACT.FE.ZS,55.027,% of female population 15+,World Bank,2026-10-09
FIN,Finland,2018,SL.TLF.CACT.FE.ZS,55.688,% of female population 15+,World Bank,2026-10-09
FIN,Finland,2019,SL.TLF.CACT.FE.ZS,55.677,% of female population 15+,World Bank,2026-10-09
FIN,Finland,2020,SL.TLF.CACT.FE.ZS,55.175,% of female population 15+,World Bank,2026-10-09
FIN,Finland,2021,SL.TLF.CACT.FE.ZS,55.927,% of female population 15+,World Bank,2026-10-09
FIN,Finland,2022,SL.TLF.CACT.FE.ZS,57.267,% of female population 15+,World Bank,2026-10-09
FIN,Finland,2023,SL.TLF.CACT.FE.ZS,57.489,% of female population 15+,World Bank,2026-10-09
FIN,Finland,2024,SL.TLF.CACT.FE.ZS,56.668,% of female population 15+,World Bank,2026-10-09
FIN,Finland,2025,SL.TLF.CACT.FE.ZS,56.493,% of female population 15+,World Bank,2026-10-09
FRA,France,2010,SL.TLF.CACT.FE.ZS,51.083,% of female population 15+,World Bank,2026-10-09
FRA,France,2011,SL.TLF.CACT.FE.ZS,50.995,% of female population 15+,World Bank,2026-10-09
FRA,France,2012,SL.TLF.CACT.FE.ZS,51.196,% of female population 15+,World Bank,2026-10-09
FRA,France,2013,SL.TLF.CACT.FE.ZS,51.318,% of female population 15+,World Bank,2026-10-09
FRA,France,2014,SL.TLF.CACT.FE.ZS,51.012,% of female population 15+,World Bank,2026-10-09
FRA,France,2015,SL.TLF.CACT.FE.ZS,50.957,% of female population 15+,World Bank,2026-10-09
FRA,France,2016,SL.TLF.CACT.FE.ZS,50.83,% of female population 15+,World Bank,2026-10-09
FRA,France,2017,SL.TLF.CACT.FE.ZS,50.625,% of female population 15+,World Bank,2026-10-09
FRA,France,2018,SL.TLF.CACT.FE.ZS,50.813,% of female population 15+,World Bank,2026-10-09
FRA,France,2019,SL.TLF.CACT.FE.ZS,50.615,% of female population 15+,World Bank,2026-10-09
FRA,France,2020,SL.TLF.CACT.FE.ZS,50.05,% of female population 15+,World Bank,2026-10-09
FRA,France,2021,SL.TLF.CACT.FE.ZS,51.605,% of female population 15+,World Bank,2026-10-09
FRA,France,2022,SL.TLF.CACT.FE.ZS,51.862,% of female population 15+,World Bank,2026-10-09
FRA,France,2023,SL.TLF.CACT.FE.ZS,52.108,% of female population 15+,World Bank,2026-10-09
FRA,France,2024,SL.TLF.CACT.FE.ZS,51.773,% of female population 15+,World Bank,2026-10-09
FRA,France,2025,SL.TLF.CACT.FE.ZS,51.48,% of female population 15+,World Bank,2026-10-09
GRC,Greece,2010,SL.TLF.CACT.FE.ZS,43.229,% of female population 15+,World Bank,2026-10-09
GRC,Greece,2011,SL.TLF.CACT.FE.ZS,43.077,% of female population 15+,World Bank,2026-10-09
GRC,Greece,2012,SL.TLF.CACT.FE.ZS,43.383,% of female population 15+,World Bank,2026-10-09
GRC,Greece,2013,SL.TLF.CACT.FE.ZS,43.172,% of female population 15+,World Bank,2026-10-09
GRC,Greece,2014,SL.TLF.CACT.FE.ZS,43.517,% of female population 15+,World Bank,2026-10-09
GRC,Greece,2015,SL.TLF.CACT.FE.ZS,44.028,% of female population 15+,World Bank,2026-10-09
GRC,Greece,2016,SL.TLF.CACT.FE.ZS,44.091,% of female population 15+,World Bank,2026-10-09
GRC,Greece,2017,SL.TLF.CACT.FE.ZS,43.828,% of female population 15+,World Bank,2026-10-09
GRC,Greece,2018,SL.TLF.CACT.FE.ZS,43.387,% of female population 15+,World Bank,2026-10-09
GRC,Greece,2019,SL.TLF.CACT.FE.ZS,43.513,% of female population 15+,World Bank,2026-10-09
GRC,Greece,2020,SL.TLF.CACT.FE.ZS,42.721,% of female population 15+,World Bank,2026-10-09
GRC,Greece,2021,SL.TLF.CACT.FE.ZS,43.261,% of female population 15+,World Bank,2026-10-09
GRC,Greece,2022,SL.TLF.CACT.FE.ZS,44.413,% of female population 15+,World Bank,2026-10-09
GRC,Greece,2023,SL.TLF.CACT.FE.ZS,44.646,% of female population 15+,World Bank,2026-10-09
GRC,Greece,2024,SL.TLF.CACT.FE.ZS,45.027,% of female population 15+,World Bank,2026-10-09
GRC,Greece,2025,SL.TLF.CACT.FE.ZS,44.666,% of female population 15+,World Bank,2026-10-09
HRV,Croatia,2010,SL.TLF.CACT.FE.ZS,46.029,% of female population 15+,World Bank,2026-10-09
HRV,Croatia,2011,SL.TLF.CACT.FE.ZS,44.475,% of female population 15+,World Bank,2026-10-09
HRV,Croatia,2012,SL.TLF.CACT.FE.ZS,44.466,% of female population 15+,World Bank,2026-10-09
HRV,Croatia,2013,SL.TLF.CACT.FE.ZS,44.453,% of female population 15+,World Bank,2026-10-09
HRV,Croatia,2014,SL.TLF.CACT.FE.ZS,46.252,% of female population 15+,World Bank,2026-10-09
HRV,Croatia,2015,SL.TLF.CACT.FE.ZS,46.662,% of female population 15+,World Bank,2026-10-09
HRV,Croatia,2016,SL.TLF.CACT.FE.ZS,45.148,% of female population 15+,World Bank,2026-10-09
HRV,Croatia,2017,SL.TLF.CACT.FE.ZS,45.236,% of female population 15+,World Bank,2026-10-09
HRV,Croatia,2018,SL.TLF.CACT.FE.ZS,45.012,% of female population 15+,World Bank,2026-10-09
HRV,Croatia,2019,SL.TLF.CACT.FE.ZS,44.78,% of female population 15+,World Bank,2026-10-09
HRV,Croatia,2020,SL.TLF.CACT.FE.ZS,44.447,% of female population 15+,World Bank,2026-10-09
HRV,Croatia,2021,SL.TLF.CACT.FE.ZS,45.869,% of female population 15+,World Bank,2026-10-09
HRV,Croatia,2022,SL.TLF.CACT.FE.ZS,46.975,% of female population 15+,World Bank,2026-10-09
HRV,Croatia,2023,SL.TLF.CACT.FE.ZS,47.139,% of female population 15+,World Bank,2026-10-09
HRV,Croatia,2024,SL.TLF.CACT.FE.ZS,47.541,% of female population 15+,World Bank,2026-10-09
HRV,Croatia,2025,SL.TLF.CACT.FE.ZS,47.377,% of female population 15+,World Bank,2026-10-09
HUN,Hungary,2010,SL.TLF.CACT.FE.ZS,46.638,% of female population 15+,World Bank,2026-10-09
HUN,Hungary,2011,SL.TLF.CACT.FE.ZS,46.838,% of female population 15+,World Bank,2026-10-09
HUN,Hungary,2012,SL.TLF.CACT.FE.ZS,47.455,% of female population 15+,World Bank,2026-10-09
HUN,Hungary,2013,SL.TLF.CACT.FE.ZS,47.736,% of female population 15+,World Bank,2026-10-09
HUN,Hungary,2014,SL.TLF.CACT.FE.ZS,48.884,% of female population 15+,World Bank,2026-10-09
HUN,Hungary,2015,SL.TLF.CACT.FE.ZS,49.901,% of female population 15+,World Bank,2026-10-09
HUN,Hungary,2016,SL.TLF.CACT.FE.ZS,50.839,% of female population 15+,World Bank,2026-10-09
HUN,Hungary,2017,SL.TLF.CACT.FE.ZS,51.062,% of female population 15+,World Bank,2026-10-09
HUN,Hungary,2018,SL.TLF.CACT.FE.ZS,51.527,% of female population 15+,World Bank,2026-10-09
HUN,Hungary,2019,SL.TLF.CACT.FE.ZS,51.339,% of female population 15+,World Bank,2026-10-09
HUN,Hungary,2020,SL.TLF.CACT.FE.ZS,51.34,% of female population 15+,World Bank,2026-10-09
HUN,Hungary,2021,SL.TLF.CACT.FE.ZS,52.211,% of female population 15+,World Bank,2026-10-09
HUN,Hungary,2022,SL.TLF.CACT.FE.ZS,53.057,% of female population 15+,World Bank,2026-10-09
HUN,Hungary,2023,SL.TLF.CACT.FE.ZS,53.995,% of female population 15+,World Bank,2026-10-09
HUN,Hungary,2024,SL.TLF.CACT.FE.ZS,54.398,% of female population 15+,World Bank,2026-10-09
HUN,Hungary,2025,SL.TLF.CACT.FE.ZS,54.312,% of female population 15+,World Bank,2026-10-09
IRL,Ireland,2010,SL.TLF.CACT.FE.ZS,55.247,% of female population 15+,World Bank,2026-10-09
IRL,Ireland,2011,SL.TLF.CACT.FE.ZS,54.93,% of female population 15+,World Bank,2026-10-09
IRL,Ireland,2012,SL.TLF.CACT.FE.ZS,54.719,% of female population 15+,World Bank,2026-10-09
IRL,Ireland,2013,SL.TLF.CACT.FE.ZS,55.227,% of female population 15+,World Bank,2026-10-09
IRL,Ireland,2014,SL.TLF.CACT.FE.ZS,54.884,% of female population 15+,World Bank,2026-10-09
IRL,Ireland,2015,SL.TLF.CACT.FE.ZS,54.809,% of female population 15+,World Bank,2026-10-09
IRL,Ireland,2016,SL.TLF.CACT.FE.ZS,55.533,% of female population 15+,World Bank,2026-10-09
IRL,Ireland,2017,SL.TLF.CACT.FE.ZS,55.589,% of female population 15+,World Bank,2026-10-09
IRL,Ireland,2018,SL.TLF.CACT.FE.ZS,55.999,% of female population 15+,World Bank,2026-10-09
IRL,Ireland,2019,SL.TLF.CACT.FE.ZS,56.207,% of female population 15+,World Bank,2026-10-09
IRL,Ireland,2020,SL.TLF.CACT.FE.ZS,55.055,% of female population 15+,World Bank,2026-10-09
IRL,Ireland,2021,SL.TLF.CACT.FE.ZS,57.851,% of female population 15+,World Bank,2026-10-09
IRL,Ireland,2022,SL.TLF.CACT.FE.ZS,59.114,% of female population 15+,World Bank,2026-10-09
IRL,Ireland,2023,SL.TLF.CACT.FE.ZS,60.155,% of female population 15+,World Bank,2026-10-09
IRL,Ireland,2024,SL.TLF.CACT.FE.ZS,59.838,% of female population 15+,World Bank,2026-10-09
IRL,Ireland,2025,SL.TLF.CACT.FE.ZS,59.755,% of female population 15+,World Bank,2026-10-09
ITA,Italy,2010,SL.TLF.CACT.FE.ZS,37.881,% of female population 15+,World Bank,2026-10-09
ITA,Italy,2011,SL.TLF.CACT.FE.ZS,38.069,% of female population 15+,World Bank,2026-10-09
ITA,Italy,2012,SL.TLF.CACT.FE.ZS,39.368,% of female population 15+,World Bank,2026-10-09
ITA,Italy,2013,SL.TLF.CACT.FE.ZS,39.323,% of female population 15+,World Bank,2026-10-09
ITA,Italy,2014,SL.TLF.CACT.FE.ZS,39.746,% of female population 15+,World Bank,2026-10-09
ITA,Italy,2015,SL.TLF.CACT.FE.ZS,39.391,% of female population 15+,World Bank,2026-10-09
ITA,Italy,2016,SL.TLF.CACT.FE.ZS,40.069,% of female population 15+,World Bank,2026-10-09
ITA,Italy,2017,SL.TLF.CACT.FE.ZS,40.578,% of female population 15+,World Bank,2026-10-09
ITA,Italy,2018,SL.TLF.CACT.FE.ZS,40.777,% of female population 15+,World Bank,2026-10-09
ITA,Italy,2019,SL.TLF.CACT.FE.ZS,40.908,% of female population 15+,World Bank,2026-10-09
ITA,Italy,2020,SL.TLF.CACT.FE.ZS,39.501,% of female population 15+,World Bank,2026-10-09
ITA,Italy,2021,SL.TLF.CACT.FE.ZS,39.884,% of female population 15+,World Bank,2026-10-09
ITA,Italy,2022,SL.TLF.CACT.FE.ZS,40.517,% of female population 15+,World Bank,2026-10-09
ITA,Italy,2023,SL.TLF.CACT.FE.ZS,41.312,% of female population 15+,World Bank,2026-10-09
ITA,Italy,2024,SL.TLF.CACT.FE.ZS,41.03,% of female population 15+,World Bank,2026-10-09
ITA,Italy,2025,SL.TLF.CACT.FE.ZS,40.806,% of female population 15+,World Bank,2026-10-09
LTU,Lithuania,2010,SL.TLF.CACT.FE.ZS,52.31,% of female population 15+,World Bank,2026-10-09
LTU,Lithuania,2011,SL.TLF.CACT.FE.ZS,52.699,% of female population 15+,World Bank,2026-10-09
LTU,Lithuania,2012,SL.TLF.CACT.FE.ZS,53.2,% of female population 15+,World Bank,2026-10-09
LTU,Lithuania,2013,SL.TLF.CACT.FE.ZS,52.927,% of female population 15+,World Bank,2026-10-09
LTU,Lithuania,2014,SL.TLF.CACT.FE.ZS,53.871,% of female population 15+,World Bank,2026-10-09
LTU,Lithuania,2015,SL.TLF.CACT.FE.ZS,54.428,% of female population 15+,World Bank,2026-10-09
LTU,Lithuania,2016,SL.TLF.CACT.FE.ZS,55.606,% of female population 15+,World Bank,2026-10-09
LTU,Lithuania,2017,SL.TLF.CACT.FE.ZS,55.821,% of female population 15+,World Bank,2026-10-09
LTU,Lithuania,2018,SL.TLF.CACT.FE.ZS,56.494,% of female population 15+,World Bank,2026-10-09
LTU,Lithuania,2019,SL.TLF.CACT.FE.ZS,57.226,% of female population 15+,World Bank,2026-10-09
LTU,Lithuania,2020,SL.TLF.CACT.FE.ZS,57.363,% of female population 15+,World Bank,2026-10-09
LTU,Lithuania,2021,SL.TLF.CACT.FE.ZS,57.369,% of female population 15+,World Bank,2026-10-09
LTU,Lithuania,2022,SL.TLF.CACT.FE.ZS,58.035,% of female population 15+,World Bank,2026-10-09
LTU,Lithuania,2023,SL.TLF.CACT.FE.ZS,57.914,% of female population 15+,World Bank,2026-10-09
LTU,Lithuania,2024,SL.TLF.CACT.FE.ZS,57.86,% of female population 15+,World Bank,2026-10-09
LTU,Lithuania,2025,SL.TLF.CACT.FE.ZS,57.668,% of female population 15+,World Bank,2026-10-09
LUX,Luxembourg,2010,SL.TLF.CACT.FE.ZS,48.847,% of female population 15+,World Bank,2026-10-09
LUX,Luxembourg,2011,SL.TLF.CACT.FE.ZS,49.499,% of female population 15+,World Bank,2026-10-09
LUX,Luxembourg,2012,SL.TLF.CACT.FE.ZS,51.173,% of female population 15+,World Bank,2026-10-09
LUX,Luxembourg,2013,SL.TLF.CACT.FE.ZS,51.459,% of female population 15+,World Bank,2026-10-09
LUX,Luxembourg,2014,SL.TLF.CACT.FE.ZS,52.214,% of female population 15+,World Bank,2026-10-09
LUX,Luxembourg,2015,SL.TLF.CACT.FE.ZS,54.247,% of female population 15+,World Bank,2026-10-09
LUX,Luxembourg,2016,SL.TLF.CACT.FE.ZS,53.625,% of female population 15+,World Bank,2026-10-09
LUX,Luxembourg,2017,SL.TLF.CACT.FE.ZS,54.011,% of female population 15+,World Bank,2026-10-09
LUX,Luxembourg,2018,SL.TLF.CACT.FE.ZS,54.798,% of female population 15+,World Bank,2026-10-09
LUX,Luxembourg,2019,SL.TLF.CACT.FE.ZS,54.933,% of female population 15+,World Bank,2026-10-09
LUX,Luxembourg,2020,SL.TLF.CACT.FE.ZS,55.927,% of female population 15+,World Bank,2026-10-09
LUX,Luxembourg,2021,SL.TLF.CACT.FE.ZS,56.929,% of female population 15+,World Bank,2026-10-09
LUX,Luxembourg,2022,SL.TLF.CACT.FE.ZS,56.998,% of female population 15+,World Bank,2026-10-09
LUX,Luxembourg,2023,SL.TLF.CACT.FE.ZS,57.196,% of female population 15+,World Bank,2026-10-09
LUX,Luxembourg,2024,SL.TLF.CACT.FE.ZS,57.645,% of female population 15+,World Bank,2026-10-09
LUX,Luxembourg,2025,SL.TLF.CACT.FE.ZS,57.474,% of female population 15+,World Bank,2026-10-09
LVA,Latvia,2010,SL.TLF.CACT.FE.ZS,53.73,% of female population 15+,World Bank,2026-10-09
LVA,Latvia,2011,SL.TLF.CACT.FE.ZS,52.909,% of female population 15+,World Bank,2026-10-09
LVA,Latvia,2012,SL.TLF.CACT.FE.ZS,54.088,% of female population 15+,World Bank,2026-10-09
LVA,Latvia,2013,SL.TLF.CACT.FE.ZS,53.773,% of female population 15+,World Bank,2026-10-09
LVA,Latvia,2014,SL.TLF.CACT.FE.ZS,53.301,% of female population 15+,World Bank,2026-10-09
LVA,Latvia,2015,SL.TLF.CACT.FE.ZS,54.029,% of female population 15+,World Bank,2026-10-09
LVA,Latvia,2016,SL.TLF.CACT.FE.ZS,54.863,% of female population 15+,World Bank,2026-10-09
LVA,Latvia,2017,SL.TLF.CACT.FE.ZS,55.064,% of female population 15+,World Bank,2026-10-09
LVA,Latvia,2018,SL.TLF.CACT.FE.ZS,55.639,% of female population 15+,World Bank,2026-10-09
LVA,Latvia,2019,SL.TLF.CACT.FE.ZS,55.474,% of female population 15+,World Bank,2026-10-09
LVA,Latvia,2020,SL.TLF.CACT.FE.ZS,55.844,% of female population 15+,World Bank,2026-10-09
LVA,Latvia,2021,SL.TLF.CACT.FE.ZS,54.167,% of female population 15+,World Bank,2026-10-09
LVA,Latvia,2022,SL.TLF.CACT.FE.ZS,55.299,% of female population 15+,World Bank,2026-10-09
LVA,Latvia,2023,SL.TLF.CACT.FE.ZS,55.436,% of female population 15+,World Bank,2026-10-09
LVA,Latvia,2024,SL.TLF.CACT.FE.ZS,55.516,% of female population 15+,World Bank,2026-10-09
LVA,Latvia,2025,SL.TLF.CACT.FE.ZS,55.248,% of female population 15+,World Bank,2026-10-09
MKD,North Macedonia,2010,SL.TLF.CACT.FE.ZS,40.714,% of female population 15+,World Bank,2026-10-09
MKD,North Macedonia,2011,SL.TLF.CACT.FE.ZS,42.815,% of female population 15+,World Bank,2026-10-09
MKD,North Macedonia,2012,SL.TLF.CACT.FE.ZS,42.408,% of female population 15+,World Bank,2026-10-09
MKD,North Macedonia,2013,SL.TLF.CACT.FE.ZS,43.551,% of female population 15+,World Bank,2026-10-09
MKD,North Macedonia,2014,SL.TLF.CACT.FE.ZS,42.995,% of female population 15+,World Bank,2026-10-09
MKD,North Macedonia,2015,SL.TLF.CACT.FE.ZS,42.307,% of female population 15+,World Bank,2026-10-09
MKD,North Macedonia,2016,SL.TLF.CACT.FE.ZS,41.114,% of female population 15+,World Bank,2026-10-09
MKD,North Macedonia,2017,SL.TLF.CACT.FE.ZS,41.241,% of female population 15+,World Bank,2026-10-09
MKD,North Macedonia,2018,SL.TLF.CACT.FE.ZS,41.277,% of female population 15+,World Bank,2026-10-09
MKD,North Macedonia,2019,SL.TLF.CACT.FE.ZS,42.856,% of female population 15+,World Bank,2026-10-09
MKD,North Macedonia,2020,SL.TLF.CACT.FE.ZS,41.861,% of female population 15+,World Bank,2026-10-09
MKD,North Macedonia,2021,SL.TLF.CACT.FE.ZS,40.931,% of female population 15+,World Bank,2026-10-09
MKD,North Macedonia,2022,SL.TLF.CACT.FE.ZS,42.206,% of female population 15+,World Bank,2026-10-09
MKD,North Macedonia,2023,SL.TLF.CACT.FE.ZS,42.158,% of female population 15+,World Bank,2026-10-09
MKD,North Macedonia,2024,SL.TLF.CACT.FE.ZS,42.884,% of female population 15+,World Bank,2026-10-09
MKD,North Macedonia,2025,SL.TLF.CACT.FE.ZS,42.742,% of female population 15+,World Bank,2026-10-09
MLT,Malta,2010,SL.TLF.CACT.FE.ZS,34.347,% of female population 15+,World Bank,2026-10-09
MLT,Malta,2011,SL.TLF.CACT.FE.ZS,35.559,% of female population 15+,World Bank,2026-10-09
MLT,Malta,2012,SL.TLF.CACT.FE.ZS,38.681,% of female population 15+,World Bank,2026-10-09
MLT,Malta,2013,SL.TLF.CACT.FE.ZS,40.724,% of female population 15+,World Bank,2026-10-09
MLT,Malta,2014,SL.TLF.CACT.FE.ZS,42.259,% of female population 15+,World Bank,2026-10-09
MLT,Malta,2015,SL.TLF.CACT.FE.ZS,43.02,% of female population 15+,World Bank,2026-10-09
MLT,Malta,2016,SL.TLF.CACT.FE.ZS,44.653,% of female population 15+,World Bank,2026-10-09
MLT,Malta,2017,SL.TLF.CACT.FE.ZS,46.159,% of female population 15+,World Bank,2026-10-09
MLT,Malta,2018,SL.TLF.CACT.FE.ZS,48.214,% of female population 15+,World Bank,2026-10-09
MLT,Malta,2019,SL.TLF.CACT.FE.ZS,49.326,% of female population 15+,World Bank,2026-10-09
MLT,Malta,2020,SL.TLF.CACT.FE.ZS,51.25,% of female population 15+,World Bank,2026-10-09
MLT,Malta,2021,SL.TLF.CACT.FE.ZS,52.216,% of female population 15+,World Bank,2026-10-09
MLT,Malta,2022,SL.TLF.CACT.FE.ZS,55.307,% of female population 15+,World Bank,2026-10-09
MLT,Malta,2023,SL.TLF.CACT.FE.ZS,55.525,% of female population 15+,World Bank,2026-10-09
MLT,Malta,2024,SL.TLF.CACT.FE.ZS,55.894,% of female population 15+,World Bank,2026-10-09
MLT,Malta,2025,SL.TLF.CACT.FE.ZS,55.799,% of female population 15+,World Bank,2026-10-09
MNE,Montenegro,2010,SL.TLF.CACT.FE.ZS,41.589,% of female population 15+,World Bank,2026-10-09
MNE,Montenegro,2011,SL.TLF.CACT.FE.ZS,41.589,% of female population 15+,World Bank,2026-10-09
MNE,Montenegro,2012,SL.TLF.CACT.FE.ZS,42.801,% of female population 15+,World Bank,2026-10-09
MNE,Montenegro,2013,SL.TLF.CACT.FE.ZS,42.866,% of female population 15+,World Bank,2026-10-09
MNE,Montenegro,2014,SL.TLF.CACT.FE.ZS,45.008,% of female population 15+,World Bank,2026-10-09
MNE,Montenegro,2015,SL.TLF.CACT.FE.ZS,46.123,% of female population 15+,World Bank,2026-10-09
MNE,Montenegro,2016,SL.TLF.CACT.FE.ZS,45.699,% of female population 15+,World Bank,2026-10-09
MNE,Montenegro,2017,SL.TLF.CACT.FE.ZS,45.296,% of female population 15+,World Bank,2026-10-09
MNE,Montenegro,2018,SL.TLF.CACT.FE.ZS,45.52,% of female population 15+,World Bank,2026-10-09
MNE,Montenegro,2019,SL.TLF.CACT.FE.ZS,46.888,% of female population 15+,World Bank,2026-10-09
MNE,Montenegro,2020,SL.TLF.CACT.FE.ZS,43.343,% of female population 15+,World Bank,2026-10-09
MNE,Montenegro,2021,SL.TLF.CACT.FE.ZS,41.433,% of female population 15+,World Bank,2026-10-09
MNE,Montenegro,2022,SL.TLF.CACT.FE.ZS,48.489,% of female population 15+,World Bank,2026-10-09
MNE,Montenegro,2023,SL.TLF.CACT.FE.ZS,51.777,% of female population 15+,World Bank,2026-10-09
MNE,Montenegro,2024,SL.TLF.CACT.FE.ZS,51.429,% of female population 15+,World Bank,2026-10-09
MNE,Montenegro,2025,SL.TLF.CACT.FE.ZS,51.246,% of female population 15+,World Bank,2026-10-09
NLD,Netherlands,2010,SL.TLF.CACT.FE.ZS,60.276,% of female population 15+,World Bank,2026-10-09
NLD,Netherlands,2011,SL.TLF.CACT.FE.ZS,60.534,% of female population 15+,World Bank,2026-10-09
NLD,Netherlands,2012,SL.TLF.CACT.FE.ZS,61.08,% of female population 15+,World Bank,2026-10-09
NLD,Netherlands,2013,SL.TLF.CACT.FE.ZS,61.038,% of female population 15+,World Bank,2026-10-09
NLD,Netherlands,2014,SL.TLF.CACT.FE.ZS,60.271,% of female population 15+,World Bank,2026-10-09
NLD,Netherlands,2015,SL.TLF.CACT.FE.ZS,60.755,% of female population 15+,World Bank,2026-10-09
NLD,Netherlands,2016,SL.TLF.CACT.FE.ZS,60.816,% of female population 15+,World Bank,2026-10-09
NLD,Netherlands,2017,SL.TLF.CACT.FE.ZS,60.887,% of female population 15+,World Bank,2026-10-09
NLD,Netherlands,2018,SL.TLF.CACT.FE.ZS,61.139,% of female population 15+,World Bank,2026-10-09
NLD,Netherlands,2019,SL.TLF.CACT.FE.ZS,61.656,% of female population 15+,World Bank,2026-10-09
NLD,Netherlands,2020,SL.TLF.CACT.FE.ZS,61.776,% of female population 15+,World Bank,2026-10-09
NLD,Netherlands,2021,SL.TLF.CACT.FE.ZS,61.894,% of female population 15+,World Bank,2026-10-09
NLD,Netherlands,2022,SL.TLF.CACT.FE.ZS,62.565,% of female population 15+,World Bank,2026-10-09
NLD,Netherlands,2023,SL.TLF.CACT.FE.ZS,63.079,% of female population 15+,World Bank,2026-10-09
NLD,Netherlands,2024,SL.TLF.CACT.FE.ZS,62.882,% of female population 15+,World Bank,2026-10-09
NLD,Netherlands,2025,SL.TLF.CACT.FE.ZS,62.71,% of female population 15+,World Bank,2026-10-09
POL,Poland,2010,SL.TLF.CACT.FE.ZS,48.879,% of female population 15+,World Bank,2026-10-09
POL,Poland,2011,SL.TLF.CACT.FE.ZS,48.967,% of female population 15+,World Bank,2026-10-09
POL,Poland,2012,SL.TLF.CACT.FE.ZS,49.354,% of female population 15+,World Bank,2026-10-09
POL,Poland,2013,SL.TLF.CACT.FE.ZS,49.227,% of female population 15+,World Bank,2026-10-09
POL,Poland,2014,SL.TLF.CACT.FE.ZS,49.534,% of female population 15+,World Bank,2026-10-09
POL,Poland,2015,SL.TLF.CACT.FE.ZS,49.527,% of female population 15+,World Bank,2026-10-09
POL,Poland,2016,SL.TLF.CACT.FE.ZS,49.64,% of female population 15+,World Bank,2026-10-09
POL,Poland,2017,SL.TLF.CACT.FE.ZS,49.757,% of female population 15+,World Bank,2026-10-09
POL,Poland,2018,SL.TLF.CACT.FE.ZS,49.857,% of female population 15+,World Bank,2026-10-09
POL,Poland,2019,SL.TLF.CACT.FE.ZS,49.596,% of female population 15+,World Bank,2026-10-09
POL,Poland,2020,SL.TLF.CACT.FE.ZS,49.333,% of female population 15+,World Bank,2026-10-09
POL,Poland,2021,SL.TLF.CACT.FE.ZS,50.969,% of female population 15+,World Bank,2026-10-09
POL,Poland,2022,SL.TLF.CACT.FE.ZS,51.594,% of female population 15+,World Bank,2026-10-09
POL,Poland,2023,SL.TLF.CACT.FE.ZS,52.209,% of female population 15+,World Bank,2026-10-09
POL,Poland,2024,SL.TLF.CACT.FE.ZS,51.913,% of female population 15+,World Bank,2026-10-09
POL,Poland,2025,SL.TLF.CACT.FE.ZS,51.612,% of female population 15+,World Bank,2026-10-09
PRT,Portugal,2010,SL.TLF.CACT.FE.ZS,55.835,% of female population 15+,World Bank,2026-10-09
PRT,Portugal,2011,SL.TLF.CACT.FE.ZS,54.621,% of female population 15+,World Bank,2026-10-09
PRT,Portugal,2012,SL.TLF.CACT.FE.ZS,54.674,% of female population 15+,World Bank,2026-10-09
PRT,Portugal,2013,SL.TLF.CACT.FE.ZS,54.157,% of female population 15+,World Bank,2026-10-09
PRT,Portugal,2014,SL.TLF.CACT.FE.ZS,53.777,% of female population 15+,World Bank,2026-10-09
PRT,Portugal,2015,SL.TLF.CACT.FE.ZS,53.7,% of female population 15+,World Bank,2026-10-09
PRT,Portugal,2016,SL.TLF.CACT.FE.ZS,53.484,% of female population 15+,World Bank,2026-10-09
PRT,Portugal,2017,SL.TLF.CACT.FE.ZS,54.028,% of female population 15+,World Bank,2026-10-09
PRT,Portugal,2018,SL.TLF.CACT.FE.ZS,54.337,% of female population 15+,World Bank,2026-10-09
PRT,Portugal,2019,SL.TLF.CACT.FE.ZS,54.511,% of female population 15+,World Bank,2026-10-09
PRT,Portugal,2020,SL.TLF.CACT.FE.ZS,53.157,% of female population 15+,World Bank,2026-10-09
PRT,Portugal,2021,SL.TLF.CACT.FE.ZS,52.886,% of female population 15+,World Bank,2026-10-09
PRT,Portugal,2022,SL.TLF.CACT.FE.ZS,53.799,% of female population 15+,World Bank,2026-10-09
PRT,Portugal,2023,SL.TLF.CACT.FE.ZS,54.719,% of female population 15+,World Bank,2026-10-09
PRT,Portugal,2024,SL.TLF.CACT.FE.ZS,54.888,% of female population 15+,World Bank,2026-10-09
PRT,Portugal,2025,SL.TLF.CACT.FE.ZS,54.628,% of female population 15+,World Bank,2026-10-09
ROU,Romania,2010,SL.TLF.CACT.FE.ZS,41.865,% of female population 15+,World Bank,2026-10-09
ROU,Romania,2011,SL.TLF.CACT.FE.ZS,41.865,% of female population 15+,World Bank,2026-10-09
ROU,Romania,2012,SL.TLF.CACT.FE.ZS,41.763,% of female population 15+,World Bank,2026-10-09
ROU,Romania,2013,SL.TLF.CACT.FE.ZS,41.706,% of female population 15+,World Bank,2026-10-09
ROU,Romania,2014,SL.TLF.CACT.FE.ZS,42.049,% of female population 15+,World Bank,2026-10-09
ROU,Romania,2015,SL.TLF.CACT.FE.ZS,42.473,% of female population 15+,World Bank,2026-10-09
ROU,Romania,2016,SL.TLF.CACT.FE.ZS,42.123,% of female population 15+,World Bank,2026-10-09
ROU,Romania,2017,SL.TLF.CACT.FE.ZS,43.175,% of female population 15+,World Bank,2026-10-09
ROU,Romania,2018,SL.TLF.CACT.FE.ZS,42.932,% of female population 15+,World Bank,2026-10-09
ROU,Romania,2019,SL.TLF.CACT.FE.ZS,42.958,% of female population 15+,World Bank,2026-10-09
ROU,Romania,2020,SL.TLF.CACT.FE.ZS,42.742,% of female population 15+,World Bank,2026-10-09
ROU,Romania,2021,SL.TLF.CACT.FE.ZS,42.751,% of female population 15+,World Bank,2026-10-09
ROU,Romania,2022,SL.TLF.CACT.FE.ZS,43.223,% of female population 15+,World Bank,2026-10-09
ROU,Romania,2023,SL.TLF.CACT.FE.ZS,42.172,% of female population 15+,World Bank,2026-10-09
ROU,Romania,2024,SL.TLF.CACT.FE.ZS,41.904,% of female population 15+,World Bank,2026-10-09
ROU,Romania,2025,SL.TLF.CACT.FE.ZS,41.807,% of female population 15+,World Bank,2026-10-09
SRB,Serbia,2010,SL.TLF.CACT.FE.ZS,41.802,% of female population 15+,World Bank,2026-10-09
SRB,Serbia,2011,SL.TLF.CACT.FE.ZS,41.669,% of female population 15+,World Bank,2026-10-09
SRB,Serbia,2012,SL.TLF.CACT.FE.ZS,42.013,% of female population 15+,World Bank,2026-10-09
SRB,Serbia,2013,SL.TLF.CACT.FE.ZS,43.063,% of female population 15+,World Bank,2026-10-09
SRB,Serbia,2014,SL.TLF.CACT.FE.ZS,43.683,% of female population 15+,World Bank,2026-10-09
SRB,Serbia,2015,SL.TLF.CACT.FE.ZS,43.295,% of female population 15+,World Bank,2026-10-09
SRB,Serbia,2016,SL.TLF.CACT.FE.ZS,45.271,% of female population 15+,World Bank,2026-10-09
SRB,Serbia,2017,SL.TLF.CACT.FE.ZS,46.067,% of female population 15+,World Bank,2026-10-09
SRB,Serbia,2018,SL.TLF.CACT.FE.ZS,46.379,% of female population 15+,World Bank,2026-10-09
SRB,Serbia,2019,SL.TLF.CACT.FE.ZS,46.746,% of female population 15+,World Bank,2026-10-09
SRB,Serbia,2020,SL.TLF.CACT.FE.ZS,46.159,% of female population 15+,World Bank,2026-10-09
SRB,Serbia,2021,SL.TLF.CACT.FE.ZS,49.002,% of female population 15+,World Bank,2026-10-09
SRB,Serbia,2022,SL.TLF.CACT.FE.ZS,50.142,% of female population 15+,World Bank,2026-10-09
SRB,Serbia,2023,SL.TLF.CACT.FE.ZS,51.414,% of female population 15+,World Bank,2026-10-09
SRB,Serbia,2024,SL.TLF.CACT.FE.ZS,52.619,% of female population 15+,World Bank,2026-10-09
SRB,Serbia,2025,SL.TLF.CACT.FE.ZS,52.629,% of female population 15+,World Bank,2026-10-09
SVK,Slovakia,2010,SL.TLF.CACT.FE.ZS,50.554,% of female population 15+,World Bank,2026-10-09
SVK,Slovakia,2011,SL.TLF.CACT.FE.ZS,50.155,% of female population 15+,World Bank,2026-10-09
SVK,Slovakia,2012,SL.TLF.CACT.FE.ZS,50.648,% of female population 15+,World Bank,2026-10-09
SVK,Slovakia,2013,SL.TLF.CACT.FE.ZS,50.988,% of female population 15+,World Bank,2026-10-09
SVK,Slovakia,2014,SL.TLF.CACT.FE.ZS,52.008,% of female population 15+,World Bank,2026-10-09
SVK,Slovakia,2015,SL.TLF.CACT.FE.ZS,51.931,% of female population 15+,World Bank,2026-10-09
SVK,Slovakia,2016,SL.TLF.CACT.FE.ZS,52.511,% of female population 15+,World Bank,2026-10-09
SVK,Slovakia,2017,SL.TLF.CACT.FE.ZS,52.626,% of female population 15+,World Bank,2026-10-09
SVK,Slovakia,2018,SL.TLF.CACT.FE.ZS,52.241,% of female population 15+,World Bank,2026-10-09
SVK,Slovakia,2019,SL.TLF.CACT.FE.ZS,52.171,% of female population 15+,World Bank,2026-10-09
SVK,Slovakia,2020,SL.TLF.CACT.FE.ZS,51.796,% of female population 15+,World Bank,2026-10-09
SVK,Slovakia,2021,SL.TLF.CACT.FE.ZS,54.62,% of female population 15+,World Bank,2026-10-09
SVK,Slovakia,2022,SL.TLF.CACT.FE.ZS,55.692,% of female population 15+,World Bank,2026-10-09
SVK,Slovakia,2023,SL.TLF.CACT.FE.ZS,55.698,% of female population 15+,World Bank,2026-10-09
SVK,Slovakia,2024,SL.TLF.CACT.FE.ZS,55.464,% of female population 15+,World Bank,2026-10-09
SVK,Slovakia,2025,SL.TLF.CACT.FE.ZS,55.127,% of female population 15+,World Bank,2026-10-09
SVN,Slovenia,2010,SL.TLF.CACT.FE.ZS,53.142,% of female population 15+,World Bank,2026-10-09
SVN,Slovenia,2011,SL.TLF.CACT.FE.ZS,52.351,% of female population 15+,World Bank,2026-10-09
SVN,Slovenia,2012,SL.TLF.CACT.FE.ZS,52.321,% of female population 15+,World Bank,2026-10-09
SVN,Slovenia,2013,SL.TLF.CACT.FE.ZS,51.929,% of female population 15+,World Bank,2026-10-09
SVN,Slovenia,2014,SL.TLF.CACT.FE.ZS,52.531,% of female population 15+,World Bank,2026-10-09
SVN,Slovenia,2015,SL.TLF.CACT.FE.ZS,52.275,% of female population 15+,World Bank,2026-10-09
SVN,Slovenia,2016,SL.TLF.CACT.FE.ZS,52.113,% of female population 15+,World Bank,2026-10-09
SVN,Slovenia,2017,SL.TLF.CACT.FE.ZS,53.539,% of female population 15+,World Bank,2026-10-09
SVN,Slovenia,2018,SL.TLF.CACT.FE.ZS,53.719,% of female population 15+,World Bank,2026-10-09
SVN,Slovenia,2019,SL.TLF.CACT.FE.ZS,53.382,% of female population 15+,World Bank,2026-10-09
SVN,Slovenia,2020,SL.TLF.CACT.FE.ZS,53.105,% of female population 15+,World Bank,2026-10-09
SVN,Slovenia,2021,SL.TLF.CACT.FE.ZS,53.467,% of female population 15+,World Bank,2026-10-09
SVN,Slovenia,2022,SL.TLF.CACT.FE.ZS,53.875,% of female population 15+,World Bank,2026-10-09
SVN,Slovenia,2023,SL.TLF.CACT.FE.ZS,52.986,% of female population 15+,World Bank,2026-10-09
SVN,Slovenia,2024,SL.TLF.CACT.FE.ZS,52.644,% of female population 15+,World Bank,2026-10-09
SVN,Slovenia,2025,SL.TLF.CACT.FE.ZS,52.297,% of female population 15+,World Bank,2026-10-09
SWE,Sweden,2010,SL.TLF.CACT.FE.ZS,58.976,% of female population 15+,World Bank,2026-10-09
SWE,Sweden,2011,SL.TLF.CACT.FE.ZS,59.526,% of female population 15+,World Bank,2026-10-09
SWE,Sweden,2012,SL.TLF.CACT.FE.ZS,59.719,% of female population 15+,World Bank,2026-10-09
SWE,Sweden,2013,SL.TLF.CACT.FE.ZS,60.127,% of female population 15+,World Bank,2026-10-09
SWE,Sweden,2014,SL.TLF.CACT.FE.ZS,60.279,% of female population 15+,World Bank,2026-10-09
SWE,Sweden,2015,SL.TLF.CACT.FE.ZS,60.562,% of female population 15+,World Bank,2026-10-09
SWE,Sweden,2016,SL.TLF.CACT.FE.ZS,60.691,% of female population 15+,World Bank,2026-10-09
SWE,Sweden,2017,SL.TLF.CACT.FE.ZS,61.036,% of female population 15+,World Bank,2026-10-09
SWE,Sweden,2018,SL.TLF.CACT.FE.ZS,61.259,% of female population 15+,World Bank,2026-10-09
SWE,Sweden,2019,SL.TLF.CACT.FE.ZS,61.315,% of female population 15+,World Bank,2026-10-09
SWE,Sweden,2020,SL.TLF.CACT.FE.ZS,60.587,% of female population 15+,World Bank,2026-10-09
SWE,Sweden,2021,SL.TLF.CACT.FE.ZS,60.704,% of female population 15+,World Bank,2026-10-09
SWE,Sweden,2022,SL.TLF.CACT.FE.ZS,61.05,% of female population 15+,World Bank,2026-10-09
SWE,Sweden,2023,SL.TLF.CACT.FE.ZS,61.685,% of female population 15+,World Bank,2026-10-09
SWE,Sweden,2024,SL.TLF.CACT.FE.ZS,61.68,% of female population 15+,World Bank,2026-10-09
SWE,Sweden,2025,SL.TLF.CACT.FE.ZS,61.537,% of female population 15+,World Bank,2026-10-09
ALB,Albania,2010,SL.UEM.1524.ZS,30.867,% of labour force aged 15-24,World Bank,2026-10-09
ALB,Albania,2011,SL.UEM.1524.ZS,22.697,% of labour force aged 15-24,World Bank,2026-10-09
ALB,Albania,2012,SL.UEM.1524.ZS,28.871,% of labour force aged 15-24,World Bank,2026-10-09
ALB,Albania,2013,SL.UEM.1524.ZS,31.207,% of labour force aged 15-24,World Bank,2026-10-09
ALB,Albania,2014,SL.UEM.1524.ZS,39.554,% of labour force aged 15-24,World Bank,2026-10-09
ALB,Albania,2015,SL.UEM.1524.ZS,39.628,% of labour force aged 15-24,World Bank,2026-10-09
ALB,Albania,2016,SL.UEM.1524.ZS,35.918,% of labour force aged 15-24,World Bank,2026-10-09
ALB,Albania,2017,SL.UEM.1524.ZS,31.184,% of labour force aged 15-24,World Bank,2026-10-09
ALB,Albania,2018,SL.UEM.1524.ZS,28.109,% of labour force aged 15-24,World Bank,2026-10-09
ALB,Albania,2019,SL.UEM.1524.ZS,26.942,% of labour force aged 15-24,World Bank,2026-10-09
ALB,Albania,2020,SL.UEM.1524.ZS,26.422,% of labour force aged 15-24,World Bank,2026-10-09
ALB,Albania,2021,SL.UEM.1524.ZS,27.089,% of labour force aged 15-24,World Bank,2026-10-09
ALB,Albania,2022,SL.UEM.1524.ZS,24.543,% of labour force aged 15-24,World Bank,2026-10-09
ALB,Albania,2023,SL.UEM.1524.ZS,25.41,% of labour force aged 15-24,World Bank,2026-10-09
ALB,Albania,2024,SL.UEM.1524.ZS,25.582,% of labour force aged 15-24,World Bank,2026-10-09
ALB,Albania,2025,SL.UEM.1524.ZS,25.567,% of labour force aged 15-24,World Bank,2026-10-09
AUT,Austria,2010,SL.UEM.1524.ZS,9.673,% of labour force aged 15-24,World Bank,2026-10-09
AUT,Austria,2011,SL.UEM.1524.ZS,9.173,% of labour force aged 15-24,World Bank,2026-10-09
AUT,Austria,2012,SL.UEM.1524.ZS,9.561,% of labour force aged 15-24,World Bank,2026-10-09
AUT,Austria,2013,SL.UEM.1524.ZS,9.767,% of labour force aged 15-24,World Bank,2026-10-09
AUT,Austria,2014,SL.UEM.1524.ZS,10.508,% of labour force aged 15-24,World Bank,2026-10-09
AUT,Austria,2015,SL.UEM.1524.ZS,10.91,% of labour force aged 15-24,World Bank,2026-10-09
AUT,Austria,2016,SL.UEM.1524.ZS,11.424,% of labour force aged 15-24,World Bank,2026-10-09
AUT,Austria,2017,SL.UEM.1524.ZS,9.971,% of labour force aged 15-24,World Bank,2026-10-09
AUT,Austria,2018,SL.UEM.1524.ZS,9.572,% of labour force aged 15-24,World Bank,2026-10-09
AUT,Austria,2019,SL.UEM.1524.ZS,8.767,% of labour force aged 15-24,World Bank,2026-10-09
AUT,Austria,2020,SL.UEM.1524.ZS,10.325,% of labour force aged 15-24,World Bank,2026-10-09
AUT,Austria,2021,SL.UEM.1524.ZS,12.023,% of labour force aged 15-24,World Bank,2026-10-09
AUT,Austria,2022,SL.UEM.1524.ZS,10.327,% of labour force aged 15-24,World Bank,2026-10-09
AUT,Austria,2023,SL.UEM.1524.ZS,10.98,% of labour force aged 15-24,World Bank,2026-10-09
AUT,Austria,2024,SL.UEM.1524.ZS,10.428,% of labour force aged 15-24,World Bank,2026-10-09
AUT,Austria,2025,SL.UEM.1524.ZS,10.998,% of labour force aged 15-24,World Bank,2026-10-09
BEL,Belgium,2010,SL.UEM.1524.ZS,22.391,% of labour force aged 15-24,World Bank,2026-10-09
BEL,Belgium,2011,SL.UEM.1524.ZS,18.724,% of labour force aged 15-24,World Bank,2026-10-09
BEL,Belgium,2012,SL.UEM.1524.ZS,19.738,% of labour force aged 15-24,World Bank,2026-10-09
BEL,Belgium,2013,SL.UEM.1524.ZS,23.689,% of labour force aged 15-24,World Bank,2026-10-09
BEL,Belgium,2014,SL.UEM.1524.ZS,23.225,% of labour force aged 15-24,World Bank,2026-10-09
BEL,Belgium,2015,SL.UEM.1524.ZS,22.125,% of labour force aged 15-24,World Bank,2026-10-09
BEL,Belgium,2016,SL.UEM.1524.ZS,20.108,% of labour force aged 15-24,World Bank,2026-10-09
BEL,Belgium,2017,SL.UEM.1524.ZS,19.236,% of labour force aged 15-24,World Bank,2026-10-09
BEL,Belgium,2018,SL.UEM.1524.ZS,15.748,% of labour force aged 15-24,World Bank,2026-10-09
BEL,Belgium,2019,SL.UEM.1524.ZS,14.236,% of labour force aged 15-24,World Bank,2026-10-09
BEL,Belgium,2020,SL.UEM.1524.ZS,15.326,% of labour force aged 15-24,World Bank,2026-10-09
BEL,Belgium,2021,SL.UEM.1524.ZS,18.206,% of labour force aged 15-24,World Bank,2026-10-09
BEL,Belgium,2022,SL.UEM.1524.ZS,16.41,% of labour force aged 15-24,World Bank,2026-10-09
BEL,Belgium,2023,SL.UEM.1524.ZS,16.119,% of labour force aged 15-24,World Bank,2026-10-09
BEL,Belgium,2024,SL.UEM.1524.ZS,17.343,% of labour force aged 15-24,World Bank,2026-10-09
BEL,Belgium,2025,SL.UEM.1524.ZS,17.777,% of labour force aged 15-24,World Bank,2026-10-09
BGR,Bulgaria,2010,SL.UEM.1524.ZS,21.95,% of labour force aged 15-24,World Bank,2026-10-09
BGR,Bulgaria,2011,SL.UEM.1524.ZS,25.056,% of labour force aged 15-24,World Bank,2026-10-09
BGR,Bulgaria,2012,SL.UEM.1524.ZS,28.11,% of labour force aged 15-24,World Bank,2026-10-09
BGR,Bulgaria,2013,SL.UEM.1524.ZS,28.374,% of labour force aged 15-24,World Bank,2026-10-09
BGR,Bulgaria,2014,SL.UEM.1524.ZS,23.774,% of labour force aged 15-24,World Bank,2026-10-09
BGR,Bulgaria,2015,SL.UEM.1524.ZS,21.653,% of labour force aged 15-24,World Bank,2026-10-09
BGR,Bulgaria,2016,SL.UEM.1524.ZS,17.224,% of labour force aged 15-24,World Bank,2026-10-09
BGR,Bulgaria,2017,SL.UEM.1524.ZS,12.927,% of labour force aged 15-24,World Bank,2026-10-09
BGR,Bulgaria,2018,SL.UEM.1524.ZS,12.676,% of labour force aged 15-24,World Bank,2026-10-09
BGR,Bulgaria,2019,SL.UEM.1524.ZS,8.777,% of labour force aged 15-24,World Bank,2026-10-09
BGR,Bulgaria,2020,SL.UEM.1524.ZS,14.143,% of labour force aged 15-24,World Bank,2026-10-09
BGR,Bulgaria,2021,SL.UEM.1524.ZS,15.701,% of labour force aged 15-24,World Bank,2026-10-09
BGR,Bulgaria,2022,SL.UEM.1524.ZS,10.582,% of labour force aged 15-24,World Bank,2026-10-09
BGR,Bulgaria,2023,SL.UEM.1524.ZS,12.049,% of labour force aged 15-24,World Bank,2026-10-09
BGR,Bulgaria,2024,SL.UEM.1524.ZS,12.493,% of labour force aged 15-24,World Bank,2026-10-09
BGR,Bulgaria,2025,SL.UEM.1524.ZS,10.152,% of labour force aged 15-24,World Bank,2026-10-09
BIH,Bosnia and Herzegovina,2010,SL.UEM.1524.ZS,59.665,% of labour force aged 15-24,World Bank,2026-10-09
BIH,Bosnia and Herzegovina,2011,SL.UEM.1524.ZS,59.568,% of labour force aged 15-24,World Bank,2026-10-09
BIH,Bosnia and Herzegovina,2012,SL.UEM.1524.ZS,65.019,% of labour force aged 15-24,World Bank,2026-10-09
BIH,Bosnia and Herzegovina,2013,SL.UEM.1524.ZS,60.919,% of labour force aged 15-24,World Bank,2026-10-09
BIH,Bosnia and Herzegovina,2014,SL.UEM.1524.ZS,64.598,% of labour force aged 15-24,World Bank,2026-10-09
BIH,Bosnia and Herzegovina,2015,SL.UEM.1524.ZS,65.239,% of labour force aged 15-24,World Bank,2026-10-09
BIH,Bosnia and Herzegovina,2016,SL.UEM.1524.ZS,56.261,% of labour force aged 15-24,World Bank,2026-10-09
BIH,Bosnia and Herzegovina,2017,SL.UEM.1524.ZS,47.925,% of labour force aged 15-24,World Bank,2026-10-09
BIH,Bosnia and Herzegovina,2018,SL.UEM.1524.ZS,40.535,% of labour force aged 15-24,World Bank,2026-10-09
BIH,Bosnia and Herzegovina,2019,SL.UEM.1524.ZS,35.263,% of labour force aged 15-24,World Bank,2026-10-09
BIH,Bosnia and Herzegovina,2020,SL.UEM.1524.ZS,37.924,% of labour force aged 15-24,World Bank,2026-10-09
BIH,Bosnia and Herzegovina,2021,SL.UEM.1524.ZS,35.816,% of labour force aged 15-24,World Bank,2026-10-09
BIH,Bosnia and Herzegovina,2022,SL.UEM.1524.ZS,31.728,% of labour force aged 15-24,World Bank,2026-10-09
BIH,Bosnia and Herzegovina,2023,SL.UEM.1524.ZS,27.27,% of labour force aged 15-24,World Bank,2026-10-09
BIH,Bosnia and Herzegovina,2024,SL.UEM.1524.ZS,27.334,% of labour force aged 15-24,World Bank,2026-10-09
BIH,Bosnia and Herzegovina,2025,SL.UEM.1524.ZS,28.201,% of labour force aged 15-24,World Bank,2026-10-09
CYP,Cyprus,2010,SL.UEM.1524.ZS,15.852,% of labour force aged 15-24,World Bank,2026-10-09
CYP,Cyprus,2011,SL.UEM.1524.ZS,21.156,% of labour force aged 15-24,World Bank,2026-10-09
CYP,Cyprus,2012,SL.UEM.1524.ZS,27.244,% of labour force aged 15-24,World Bank,2026-10-09
CYP,Cyprus,2013,SL.UEM.1524.ZS,38.083,% of labour force aged 15-24,World Bank,2026-10-09
CYP,Cyprus,2014,SL.UEM.1524.ZS,35.516,% of labour force aged 15-24,World Bank,2026-10-09
CYP,Cyprus,2015,SL.UEM.1524.ZS,32.539,% of labour force aged 15-24,World Bank,2026-10-09
CYP,Cyprus,2016,SL.UEM.1524.ZS,28.902,% of labour force aged 15-24,World Bank,2026-10-09
CYP,Cyprus,2017,SL.UEM.1524.ZS,25.013,% of labour force aged 15-24,World Bank,2026-10-09
CYP,Cyprus,2018,SL.UEM.1524.ZS,20.654,% of labour force aged 15-24,World Bank,2026-10-09
CYP,Cyprus,2019,SL.UEM.1524.ZS,16.856,% of labour force aged 15-24,World Bank,2026-10-09
CYP,Cyprus,2020,SL.UEM.1524.ZS,18.491,% of labour force aged 15-24,World Bank,2026-10-09
CYP,Cyprus,2021,SL.UEM.1524.ZS,17.173,% of labour force aged 15-24,World Bank,2026-10-09
CYP,Cyprus,2022,SL.UEM.1524.ZS,18.707,% of labour force aged 15-24,World Bank,2026-10-09
CYP,Cyprus,2023,SL.UEM.1524.ZS,16.22,% of labour force aged 15-24,World Bank,2026-10-09
CYP,Cyprus,2024,SL.UEM.1524.ZS,12.857,% of labour force aged 15-24,World Bank,2026-10-09
CYP,Cyprus,2025,SL.UEM.1524.ZS,12.709,% of labour force aged 15-24,World Bank,2026-10-09
CZE,Czechia,2010,SL.UEM.1524.ZS,18.356,% of labour force aged 15-24,World Bank,2026-10-09
CZE,Czechia,2011,SL.UEM.1524.ZS,18.077,% of labour force aged 15-24,World Bank,2026-10-09
CZE,Czechia,2012,SL.UEM.1524.ZS,19.508,% of labour force aged 15-24,World Bank,2026-10-09
CZE,Czechia,2013,SL.UEM.1524.ZS,18.958,% of labour force aged 15-24,World Bank,2026-10-09
CZE,Czechia,2014,SL.UEM.1524.ZS,15.841,% of labour force aged 15-24,World Bank,2026-10-09
CZE,Czechia,2015,SL.UEM.1524.ZS,12.582,% of labour force aged 15-24,World Bank,2026-10-09
CZE,Czechia,2016,SL.UEM.1524.ZS,10.488,% of labour force aged 15-24,World Bank,2026-10-09
CZE,Czechia,2017,SL.UEM.1524.ZS,7.936,% of labour force aged 15-24,World Bank,2026-10-09
CZE,Czechia,2018,SL.UEM.1524.ZS,6.714,% of labour force aged 15-24,World Bank,2026-10-09
CZE,Czechia,2019,SL.UEM.1524.ZS,5.615,% of labour force aged 15-24,World Bank,2026-10-09
CZE,Czechia,2020,SL.UEM.1524.ZS,7.936,% of labour force aged 15-24,World Bank,2026-10-09
CZE,Czechia,2021,SL.UEM.1524.ZS,8.134,% of labour force aged 15-24,World Bank,2026-10-09
CZE,Czechia,2022,SL.UEM.1524.ZS,6.72,% of labour force aged 15-24,World Bank,2026-10-09
CZE,Czechia,2023,SL.UEM.1524.ZS,8.507,% of labour force aged 15-24,World Bank,2026-10-09
CZE,Czechia,2024,SL.UEM.1524.ZS,9.2,% of labour force aged 15-24,World Bank,2026-10-09
CZE,Czechia,2025,SL.UEM.1524.ZS,9.219,% of labour force aged 15-24,World Bank,2026-10-09
DEU,Germany,2010,SL.UEM.1524.ZS,10.416,% of labour force aged 15-24,World Bank,2026-10-09
DEU,Germany,2011,SL.UEM.1524.ZS,8.927,% of labour force aged 15-24,World Bank,2026-10-09
DEU,Germany,2012,SL.UEM.1524.ZS,8.119,% of labour force aged 15-24,World Bank,2026-10-09
DEU,Germany,2013,SL.UEM.1524.ZS,7.825,% of labour force aged 15-24,World Bank,2026-10-09
DEU,Germany,2014,SL.UEM.1524.ZS,7.612,% of labour force aged 15-24,World Bank,2026-10-09
DEU,Germany,2015,SL.UEM.1524.ZS,7.328,% of labour force aged 15-24,World Bank,2026-10-09
DEU,Germany,2016,SL.UEM.1524.ZS,7.079,% of labour force aged 15-24,World Bank,2026-10-09
DEU,Germany,2017,SL.UEM.1524.ZS,6.77,% of labour force aged 15-24,World Bank,2026-10-09
DEU,Germany,2018,SL.UEM.1524.ZS,6.22,% of labour force aged 15-24,World Bank,2026-10-09
DEU,Germany,2019,SL.UEM.1524.ZS,5.859,% of labour force aged 15-24,World Bank,2026-10-09
DEU,Germany,2020,SL.UEM.1524.ZS,7.862,% of labour force aged 15-24,World Bank,2026-10-09
DEU,Germany,2021,SL.UEM.1524.ZS,6.665,% of labour force aged 15-24,World Bank,2026-10-09
DEU,Germany,2022,SL.UEM.1524.ZS,6.049,% of labour force aged 15-24,World Bank,2026-10-09
DEU,Germany,2023,SL.UEM.1524.ZS,6.02,% of labour force aged 15-24,World Bank,2026-10-09
DEU,Germany,2024,SL.UEM.1524.ZS,6.604,% of labour force aged 15-24,World Bank,2026-10-09
DEU,Germany,2025,SL.UEM.1524.ZS,6.862,% of labour force aged 15-24,World Bank,2026-10-09
DNK,Denmark,2010,SL.UEM.1524.ZS,15.554,% of labour force aged 15-24,World Bank,2026-10-09
DNK,Denmark,2011,SL.UEM.1524.ZS,16.306,% of labour force aged 15-24,World Bank,2026-10-09
DNK,Denmark,2012,SL.UEM.1524.ZS,15.775,% of labour force aged 15-24,World Bank,2026-10-09
DNK,Denmark,2013,SL.UEM.1524.ZS,14.774,% of labour force aged 15-24,World Bank,2026-10-09
DNK,Denmark,2014,SL.UEM.1524.ZS,14.196,% of labour force aged 15-24,World Bank,2026-10-09
DNK,Denmark,2015,SL.UEM.1524.ZS,12.152,% of labour force aged 15-24,World Bank,2026-10-09
DNK,Denmark,2016,SL.UEM.1524.ZS,12.147,% of labour force aged 15-24,World Bank,2026-10-09
DNK,Denmark,2017,SL.UEM.1524.ZS,12.384,% of labour force aged 15-24,World Bank,2026-10-09
DNK,Denmark,2018,SL.UEM.1524.ZS,10.52,% of labour force aged 15-24,World Bank,2026-10-09
DNK,Denmark,2019,SL.UEM.1524.ZS,10.041,% of labour force aged 15-24,World Bank,2026-10-09
DNK,Denmark,2020,SL.UEM.1524.ZS,11.634,% of labour force aged 15-24,World Bank,2026-10-09
DNK,Denmark,2021,SL.UEM.1524.ZS,10.8,% of labour force aged 15-24,World Bank,2026-10-09
DNK,Denmark,2022,SL.UEM.1524.ZS,10.533,% of labour force aged 15-24,World Bank,2026-10-09
DNK,Denmark,2023,SL.UEM.1524.ZS,11.499,% of labour force aged 15-24,World Bank,2026-10-09
DNK,Denmark,2024,SL.UEM.1524.ZS,11.786,% of labour force aged 15-24,World Bank,2026-10-09
DNK,Denmark,2025,SL.UEM.1524.ZS,11.737,% of labour force aged 15-24,World Bank,2026-10-09
ESP,Spain,2010,SL.UEM.1524.ZS,41.453,% of labour force aged 15-24,World Bank,2026-10-09
ESP,Spain,2011,SL.UEM.1524.ZS,46.158,% of labour force aged 15-24,World Bank,2026-10-09
ESP,Spain,2012,SL.UEM.1524.ZS,52.829,% of labour force aged 15-24,World Bank,2026-10-09
ESP,Spain,2013,SL.UEM.1524.ZS,55.444,% of labour force aged 15-24,World Bank,2026-10-09
ESP,Spain,2014,SL.UEM.1524.ZS,53.169,% of labour force aged 15-24,World Bank,2026-10-09
ESP,Spain,2015,SL.UEM.1524.ZS,48.353,% of labour force aged 15-24,World Bank,2026-10-09
ESP,Spain,2016,SL.UEM.1524.ZS,44.445,% of labour force aged 15-24,World Bank,2026-10-09
ESP,Spain,2017,SL.UEM.1524.ZS,38.594,% of labour force aged 15-24,World Bank,2026-10-09
ESP,Spain,2018,SL.UEM.1524.ZS,34.362,% of labour force aged 15-24,World Bank,2026-10-09
ESP,Spain,2019,SL.UEM.1524.ZS,32.555,% of labour force aged 15-24,World Bank,2026-10-09
ESP,Spain,2020,SL.UEM.1524.ZS,38.312,% of labour force aged 15-24,World Bank,2026-10-09
ESP,Spain,2021,SL.UEM.1524.ZS,34.999,% of labour force aged 15-24,World Bank,2026-10-09
ESP,Spain,2022,SL.UEM.1524.ZS,29.713,% of labour force aged 15-24,World Bank,2026-10-09
ESP,Spain,2023,SL.UEM.1524.ZS,28.747,% of labour force aged 15-24,World Bank,2026-10-09
ESP,Spain,2024,SL.UEM.1524.ZS,26.631,% of labour force aged 15-24,World Bank,2026-10-09
ESP,Spain,2025,SL.UEM.1524.ZS,24.745,% of labour force aged 15-24,World Bank,2026-10-09
EST,Estonia,2010,SL.UEM.1524.ZS,32.938,% of labour force aged 15-24,World Bank,2026-10-09
EST,Estonia,2011,SL.UEM.1524.ZS,22.386,% of labour force aged 15-24,World Bank,2026-10-09
EST,Estonia,2012,SL.UEM.1524.ZS,20.862,% of labour force aged 15-24,World Bank,2026-10-09
EST,Estonia,2013,SL.UEM.1524.ZS,18.704,% of labour force aged 15-24,World Bank,2026-10-09
EST,Estonia,2014,SL.UEM.1524.ZS,14.975,% of labour force aged 15-24,World Bank,2026-10-09
EST,Estonia,2015,SL.UEM.1524.ZS,14.342,% of labour force aged 15-24,World Bank,2026-10-09
EST,Estonia,2016,SL.UEM.1524.ZS,14.125,% of labour force aged 15-24,World Bank,2026-10-09
EST,Estonia,2017,SL.UEM.1524.ZS,12.176,% of labour force aged 15-24,World Bank,2026-10-09
EST,Estonia,2018,SL.UEM.1524.ZS,12.076,% of labour force aged 15-24,World Bank,2026-10-09
EST,Estonia,2019,SL.UEM.1524.ZS,11.623,% of labour force aged 15-24,World Bank,2026-10-09
EST,Estonia,2020,SL.UEM.1524.ZS,18.417,% of labour force aged 15-24,World Bank,2026-10-09
EST,Estonia,2021,SL.UEM.1524.ZS,16.622,% of labour force aged 15-24,World Bank,2026-10-09
EST,Estonia,2022,SL.UEM.1524.ZS,18.392,% of labour force aged 15-24,World Bank,2026-10-09
EST,Estonia,2023,SL.UEM.1524.ZS,17.207,% of labour force aged 15-24,World Bank,2026-10-09
EST,Estonia,2024,SL.UEM.1524.ZS,19.256,% of labour force aged 15-24,World Bank,2026-10-09
EST,Estonia,2025,SL.UEM.1524.ZS,19.695,% of labour force aged 15-24,World Bank,2026-10-09
EUU,European Union (aggregate),2010,SL.UEM.1524.ZS,22.9366329839002,% of labour force aged 15-24,World Bank,2026-10-09
EUU,European Union (aggregate),2011,SL.UEM.1524.ZS,23.7340277566384,% of labour force aged 15-24,World Bank,2026-10-09
EUU,European Union (aggregate),2012,SL.UEM.1524.ZS,25.9520308445522,% of labour force aged 15-24,World Bank,2026-10-09
EUU,European Union (aggregate),2013,SL.UEM.1524.ZS,26.9403504407271,% of labour force aged 15-24,World Bank,2026-10-09
EUU,European Union (aggregate),2014,SL.UEM.1524.ZS,25.9642724003625,% of labour force aged 15-24,World Bank,2026-10-09
EUU,European Union (aggregate),2015,SL.UEM.1524.ZS,24.2216014196442,% of labour force aged 15-24,World Bank,2026-10-09
EUU,European Union (aggregate),2016,SL.UEM.1524.ZS,22.4110498486414,% of labour force aged 15-24,World Bank,2026-10-09
EUU,European Union (aggregate),2017,SL.UEM.1524.ZS,20.0928174545564,% of labour force aged 15-24,World Bank,2026-10-09
EUU,European Union (aggregate),2018,SL.UEM.1524.ZS,18.1130222214078,% of labour force aged 15-24,World Bank,2026-10-09
EUU,European Union (aggregate),2019,SL.UEM.1524.ZS,16.9775189160847,% of labour force aged 15-24,World Bank,2026-10-09
EUU,European Union (aggregate),2020,SL.UEM.1524.ZS,19.0143153030688,% of labour force aged 15-24,World Bank,2026-10-09
EUU,European Union (aggregate),2021,SL.UEM.1524.ZS,18.7377401369435,% of labour force aged 15-24,World Bank,2026-10-09
EUU,European Union (aggregate),2022,SL.UEM.1524.ZS,16.3648450965567,% of labour force aged 15-24,World Bank,2026-10-09
EUU,European Union (aggregate),2023,SL.UEM.1524.ZS,16.231917872558,% of labour force aged 15-24,World Bank,2026-10-09
EUU,European Union (aggregate),2024,SL.UEM.1524.ZS,16.2391862334408,% of labour force aged 15-24,World Bank,2026-10-09
EUU,European Union (aggregate),2025,SL.UEM.1524.ZS,16.198576943376,% of labour force aged 15-24,World Bank,2026-10-09
FIN,Finland,2010,SL.UEM.1524.ZS,21.288,% of labour force aged 15-24,World Bank,2026-10-09
FIN,Finland,2011,SL.UEM.1524.ZS,19.934,% of labour force aged 15-24,World Bank,2026-10-09
FIN,Finland,2012,SL.UEM.1524.ZS,18.868,% of labour force aged 15-24,World Bank,2026-10-09
FIN,Finland,2013,SL.UEM.1524.ZS,19.817,% of labour force aged 15-24,World Bank,2026-10-09
FIN,Finland,2014,SL.UEM.1524.ZS,20.454,% of labour force aged 15-24,World Bank,2026-10-09
FIN,Finland,2015,SL.UEM.1524.ZS,22.304,% of labour force aged 15-24,World Bank,2026-10-09
FIN,Finland,2016,SL.UEM.1524.ZS,20.057,% of labour force aged 15-24,World Bank,2026-10-09
FIN,Finland,2017,SL.UEM.1524.ZS,20.041,% of labour force aged 15-24,World Bank,2026-10-09
FIN,Finland,2018,SL.UEM.1524.ZS,16.958,% of labour force aged 15-24,World Bank,2026-10-09
FIN,Finland,2019,SL.UEM.1524.ZS,17.128,% of labour force aged 15-24,World Bank,2026-10-09
FIN,Finland,2020,SL.UEM.1524.ZS,21.193,% of labour force aged 15-24,World Bank,2026-10-09
FIN,Finland,2021,SL.UEM.1524.ZS,17.058,% of labour force aged 15-24,World Bank,2026-10-09
FIN,Finland,2022,SL.UEM.1524.ZS,14.138,% of labour force aged 15-24,World Bank,2026-10-09
FIN,Finland,2023,SL.UEM.1524.ZS,16.106,% of labour force aged 15-24,World Bank,2026-10-09
FIN,Finland,2024,SL.UEM.1524.ZS,18.68,% of labour force aged 15-24,World Bank,2026-10-09
FIN,Finland,2025,SL.UEM.1524.ZS,21.479,% of labour force aged 15-24,World Bank,2026-10-09
FRA,France,2010,SL.UEM.1524.ZS,23.592,% of labour force aged 15-24,World Bank,2026-10-09
FRA,France,2011,SL.UEM.1524.ZS,23.018,% of labour force aged 15-24,World Bank,2026-10-09
FRA,France,2012,SL.UEM.1524.ZS,24.949,% of labour force aged 15-24,World Bank,2026-10-09
FRA,France,2013,SL.UEM.1524.ZS,24.363,% of labour force aged 15-24,World Bank,2026-10-09
FRA,France,2014,SL.UEM.1524.ZS,24.828,% of labour force aged 15-24,World Bank,2026-10-09
FRA,France,2015,SL.UEM.1524.ZS,25.262,% of labour force aged 15-24,World Bank,2026-10-09
FRA,France,2016,SL.UEM.1524.ZS,24.938,% of labour force aged 15-24,World Bank,2026-10-09
FRA,France,2017,SL.UEM.1524.ZS,22.572,% of labour force aged 15-24,World Bank,2026-10-09
FRA,France,2018,SL.UEM.1524.ZS,20.953,% of labour force aged 15-24,World Bank,2026-10-09
FRA,France,2019,SL.UEM.1524.ZS,19.929,% of labour force aged 15-24,World Bank,2026-10-09
FRA,France,2020,SL.UEM.1524.ZS,20.398,% of labour force aged 15-24,World Bank,2026-10-09
FRA,France,2021,SL.UEM.1524.ZS,19.252,% of labour force aged 15-24,World Bank,2026-10-09
FRA,France,2022,SL.UEM.1524.ZS,17.856,% of labour force aged 15-24,World Bank,2026-10-09
FRA,France,2023,SL.UEM.1524.ZS,17.419,% of labour force aged 15-24,World Bank,2026-10-09
FRA,France,2024,SL.UEM.1524.ZS,18.603,% of labour force aged 15-24,World Bank,2026-10-09
FRA,France,2025,SL.UEM.1524.ZS,18.89,% of labour force aged 15-24,World Bank,2026-10-09
GRC,Greece,2010,SL.UEM.1524.ZS,33.005,% of labour force aged 15-24,World Bank,2026-10-09
GRC,Greece,2011,SL.UEM.1524.ZS,44.951,% of labour force aged 15-24,World Bank,2026-10-09
GRC,Greece,2012,SL.UEM.1524.ZS,55.656,% of labour force aged 15-24,World Bank,2026-10-09
GRC,Greece,2013,SL.UEM.1524.ZS,58.491,% of labour force aged 15-24,World Bank,2026-10-09
GRC,Greece,2014,SL.UEM.1524.ZS,52.645,% of labour force aged 15-24,World Bank,2026-10-09
GRC,Greece,2015,SL.UEM.1524.ZS,49.731,% of labour force aged 15-24,World Bank,2026-10-09
GRC,Greece,2016,SL.UEM.1524.ZS,47.223,% of labour force aged 15-24,World Bank,2026-10-09
GRC,Greece,2017,SL.UEM.1524.ZS,43.392,% of labour force aged 15-24,World Bank,2026-10-09
GRC,Greece,2018,SL.UEM.1524.ZS,40.011,% of labour force aged 15-24,World Bank,2026-10-09
GRC,Greece,2019,SL.UEM.1524.ZS,34.754,% of labour force aged 15-24,World Bank,2026-10-09
GRC,Greece,2020,SL.UEM.1524.ZS,33.74,% of labour force aged 15-24,World Bank,2026-10-09
GRC,Greece,2021,SL.UEM.1524.ZS,35.39,% of labour force aged 15-24,World Bank,2026-10-09
GRC,Greece,2022,SL.UEM.1524.ZS,31.29,% of labour force aged 15-24,World Bank,2026-10-09
GRC,Greece,2023,SL.UEM.1524.ZS,26.543,% of labour force aged 15-24,World Bank,2026-10-09
GRC,Greece,2024,SL.UEM.1524.ZS,22.375,% of labour force aged 15-24,World Bank,2026-10-09
GRC,Greece,2025,SL.UEM.1524.ZS,21.389,% of labour force aged 15-24,World Bank,2026-10-09
HRV,Croatia,2010,SL.UEM.1524.ZS,32.355,% of labour force aged 15-24,World Bank,2026-10-09
HRV,Croatia,2011,SL.UEM.1524.ZS,36.666,% of labour force aged 15-24,World Bank,2026-10-09
HRV,Croatia,2012,SL.UEM.1524.ZS,42.512,% of labour force aged 15-24,World Bank,2026-10-09
HRV,Croatia,2013,SL.UEM.1524.ZS,50.488,% of labour force aged 15-24,World Bank,2026-10-09
HRV,Croatia,2014,SL.UEM.1524.ZS,45.703,% of labour force aged 15-24,World Bank,2026-10-09
HRV,Croatia,2015,SL.UEM.1524.ZS,42.31,% of labour force aged 15-24,World Bank,2026-10-09
HRV,Croatia,2016,SL.UEM.1524.ZS,30.949,% of labour force aged 15-24,World Bank,2026-10-09
HRV,Croatia,2017,SL.UEM.1524.ZS,27.425,% of labour force aged 15-24,World Bank,2026-10-09
HRV,Croatia,2018,SL.UEM.1524.ZS,23.509,% of labour force aged 15-24,World Bank,2026-10-09
HRV,Croatia,2019,SL.UEM.1524.ZS,16.71,% of labour force aged 15-24,World Bank,2026-10-09
HRV,Croatia,2020,SL.UEM.1524.ZS,20.673,% of labour force aged 15-24,World Bank,2026-10-09
HRV,Croatia,2021,SL.UEM.1524.ZS,21.542,% of labour force aged 15-24,World Bank,2026-10-09
HRV,Croatia,2022,SL.UEM.1524.ZS,17.744,% of labour force aged 15-24,World Bank,2026-10-09
HRV,Croatia,2023,SL.UEM.1524.ZS,18.91,% of labour force aged 15-24,World Bank,2026-10-09
HRV,Croatia,2024,SL.UEM.1524.ZS,16.479,% of labour force aged 15-24,World Bank,2026-10-09
HRV,Croatia,2025,SL.UEM.1524.ZS,16.474,% of labour force aged 15-24,World Bank,2026-10-09
HUN,Hungary,2010,SL.UEM.1524.ZS,26.392,% of labour force aged 15-24,World Bank,2026-10-09
HUN,Hungary,2011,SL.UEM.1524.ZS,25.957,% of labour force aged 15-24,World Bank,2026-10-09
HUN,Hungary,2012,SL.UEM.1524.ZS,28.185,% of labour force aged 15-24,World Bank,2026-10-09
HUN,Hungary,2013,SL.UEM.1524.ZS,26.545,% of labour force aged 15-24,World Bank,2026-10-09
HUN,Hungary,2014,SL.UEM.1524.ZS,20.378,% of labour force aged 15-24,World Bank,2026-10-09
HUN,Hungary,2015,SL.UEM.1524.ZS,17.272,% of labour force aged 15-24,World Bank,2026-10-09
HUN,Hungary,2016,SL.UEM.1524.ZS,12.923,% of labour force aged 15-24,World Bank,2026-10-09
HUN,Hungary,2017,SL.UEM.1524.ZS,10.699,% of labour force aged 15-24,World Bank,2026-10-09
HUN,Hungary,2018,SL.UEM.1524.ZS,10.115,% of labour force aged 15-24,World Bank,2026-10-09
HUN,Hungary,2019,SL.UEM.1524.ZS,11.472,% of labour force aged 15-24,World Bank,2026-10-09
HUN,Hungary,2020,SL.UEM.1524.ZS,12.882,% of labour force aged 15-24,World Bank,2026-10-09
HUN,Hungary,2021,SL.UEM.1524.ZS,13.549,% of labour force aged 15-24,World Bank,2026-10-09
HUN,Hungary,2022,SL.UEM.1524.ZS,10.541,% of labour force aged 15-24,World Bank,2026-10-09
HUN,Hungary,2023,SL.UEM.1524.ZS,12.779,% of labour force aged 15-24,World Bank,2026-10-09
HUN,Hungary,2024,SL.UEM.1524.ZS,15.088,% of labour force aged 15-24,World Bank,2026-10-09
HUN,Hungary,2025,SL.UEM.1524.ZS,14.205,% of labour force aged 15-24,World Bank,2026-10-09
IRL,Ireland,2010,SL.UEM.1524.ZS,28.157,% of labour force aged 15-24,World Bank,2026-10-09
IRL,Ireland,2011,SL.UEM.1524.ZS,29.579,% of labour force aged 15-24,World Bank,2026-10-09
IRL,Ireland,2012,SL.UEM.1524.ZS,30.792,% of labour force aged 15-24,World Bank,2026-10-09
IRL,Ireland,2013,SL.UEM.1524.ZS,26.732,% of labour force aged 15-24,World Bank,2026-10-09
IRL,Ireland,2014,SL.UEM.1524.ZS,23.416,% of labour force aged 15-24,World Bank,2026-10-09
IRL,Ireland,2015,SL.UEM.1524.ZS,20.235,% of labour force aged 15-24,World Bank,2026-10-09
IRL,Ireland,2016,SL.UEM.1524.ZS,16.797,% of labour force aged 15-24,World Bank,2026-10-09
IRL,Ireland,2017,SL.UEM.1524.ZS,14.402,% of labour force aged 15-24,World Bank,2026-10-09
IRL,Ireland,2018,SL.UEM.1524.ZS,13.756,% of labour force aged 15-24,World Bank,2026-10-09
IRL,Ireland,2019,SL.UEM.1524.ZS,12.457,% of labour force aged 15-24,World Bank,2026-10-09
IRL,Ireland,2020,SL.UEM.1524.ZS,15.263,% of labour force aged 15-24,World Bank,2026-10-09
IRL,Ireland,2021,SL.UEM.1524.ZS,15.612,% of labour force aged 15-24,World Bank,2026-10-09
IRL,Ireland,2022,SL.UEM.1524.ZS,9.389,% of labour force aged 15-24,World Bank,2026-10-09
IRL,Ireland,2023,SL.UEM.1524.ZS,10.161,% of labour force aged 15-24,World Bank,2026-10-09
IRL,Ireland,2024,SL.UEM.1524.ZS,10.439,% of labour force aged 15-24,World Bank,2026-10-09
IRL,Ireland,2025,SL.UEM.1524.ZS,10.493,% of labour force aged 15-24,World Bank,2026-10-09
ITA,Italy,2010,SL.UEM.1524.ZS,27.91,% of labour force aged 15-24,World Bank,2026-10-09
ITA,Italy,2011,SL.UEM.1524.ZS,29.145,% of labour force aged 15-24,World Bank,2026-10-09
ITA,Italy,2012,SL.UEM.1524.ZS,35.294,% of labour force aged 15-24,World Bank,2026-10-09
ITA,Italy,2013,SL.UEM.1524.ZS,40.022,% of labour force aged 15-24,World Bank,2026-10-09
ITA,Italy,2014,SL.UEM.1524.ZS,42.669,% of labour force aged 15-24,World Bank,2026-10-09
ITA,Italy,2015,SL.UEM.1524.ZS,40.316,% of labour force aged 15-24,World Bank,2026-10-09
ITA,Italy,2016,SL.UEM.1524.ZS,37.758,% of labour force aged 15-24,World Bank,2026-10-09
ITA,Italy,2017,SL.UEM.1524.ZS,34.726,% of labour force aged 15-24,World Bank,2026-10-09
ITA,Italy,2018,SL.UEM.1524.ZS,32.185,% of labour force aged 15-24,World Bank,2026-10-09
ITA,Italy,2019,SL.UEM.1524.ZS,29.102,% of labour force aged 15-24,World Bank,2026-10-09
ITA,Italy,2020,SL.UEM.1524.ZS,29.629,% of labour force aged 15-24,World Bank,2026-10-09
ITA,Italy,2021,SL.UEM.1524.ZS,29.665,% of labour force aged 15-24,World Bank,2026-10-09
ITA,Italy,2022,SL.UEM.1524.ZS,23.704,% of labour force aged 15-24,World Bank,2026-10-09
ITA,Italy,2023,SL.UEM.1524.ZS,22.727,% of labour force aged 15-24,World Bank,2026-10-09
ITA,Italy,2024,SL.UEM.1524.ZS,20.246,% of labour force aged 15-24,World Bank,2026-10-09
ITA,Italy,2025,SL.UEM.1524.ZS,20.545,% of labour force aged 15-24,World Bank,2026-10-09
LTU,Lithuania,2010,SL.UEM.1524.ZS,35.744,% of labour force aged 15-24,World Bank,2026-10-09
LTU,Lithuania,2011,SL.UEM.1524.ZS,32.587,% of labour force aged 15-24,World Bank,2026-10-09
LTU,Lithuania,2012,SL.UEM.1524.ZS,26.684,% of labour force aged 15-24,World Bank,2026-10-09
LTU,Lithuania,2013,SL.UEM.1524.ZS,21.896,% of labour force aged 15-24,World Bank,2026-10-09
LTU,Lithuania,2014,SL.UEM.1524.ZS,19.258,% of labour force aged 15-24,World Bank,2026-10-09
LTU,Lithuania,2015,SL.UEM.1524.ZS,16.302,% of labour force aged 15-24,World Bank,2026-10-09
LTU,Lithuania,2016,SL.UEM.1524.ZS,14.455,% of labour force aged 15-24,World Bank,2026-10-09
LTU,Lithuania,2017,SL.UEM.1524.ZS,13.266,% of labour force aged 15-24,World Bank,2026-10-09
LTU,Lithuania,2018,SL.UEM.1524.ZS,11.117,% of labour force aged 15-24,World Bank,2026-10-09
LTU,Lithuania,2019,SL.UEM.1524.ZS,11.85,% of labour force aged 15-24,World Bank,2026-10-09
LTU,Lithuania,2020,SL.UEM.1524.ZS,19.556,% of labour force aged 15-24,World Bank,2026-10-09
LTU,Lithuania,2021,SL.UEM.1524.ZS,14.304,% of labour force aged 15-24,World Bank,2026-10-09
LTU,Lithuania,2022,SL.UEM.1524.ZS,11.873,% of labour force aged 15-24,World Bank,2026-10-09
LTU,Lithuania,2023,SL.UEM.1524.ZS,13.712,% of labour force aged 15-24,World Bank,2026-10-09
LTU,Lithuania,2024,SL.UEM.1524.ZS,13.688,% of labour force aged 15-24,World Bank,2026-10-09
LTU,Lithuania,2025,SL.UEM.1524.ZS,13.756,% of labour force aged 15-24,World Bank,2026-10-09
LUX,Luxembourg,2010,SL.UEM.1524.ZS,13.917,% of labour force aged 15-24,World Bank,2026-10-09
LUX,Luxembourg,2011,SL.UEM.1524.ZS,18.048,% of labour force aged 15-24,World Bank,2026-10-09
LUX,Luxembourg,2012,SL.UEM.1524.ZS,16.578,% of labour force aged 15-24,World Bank,2026-10-09
LUX,Luxembourg,2013,SL.UEM.1524.ZS,16.289,% of labour force aged 15-24,World Bank,2026-10-09
LUX,Luxembourg,2014,SL.UEM.1524.ZS,24.278,% of labour force aged 15-24,World Bank,2026-10-09
LUX,Luxembourg,2015,SL.UEM.1524.ZS,17.5,% of labour force aged 15-24,World Bank,2026-10-09
LUX,Luxembourg,2016,SL.UEM.1524.ZS,21.98,% of labour force aged 15-24,World Bank,2026-10-09
LUX,Luxembourg,2017,SL.UEM.1524.ZS,15.473,% of labour force aged 15-24,World Bank,2026-10-09
LUX,Luxembourg,2018,SL.UEM.1524.ZS,14.18,% of labour force aged 15-24,World Bank,2026-10-09
LUX,Luxembourg,2019,SL.UEM.1524.ZS,16.975,% of labour force aged 15-24,World Bank,2026-10-09
LUX,Luxembourg,2020,SL.UEM.1524.ZS,23.182,% of labour force aged 15-24,World Bank,2026-10-09
LUX,Luxembourg,2021,SL.UEM.1524.ZS,18.666,% of labour force aged 15-24,World Bank,2026-10-09
LUX,Luxembourg,2022,SL.UEM.1524.ZS,17.599,% of labour force aged 15-24,World Bank,2026-10-09
LUX,Luxembourg,2023,SL.UEM.1524.ZS,18.848,% of labour force aged 15-24,World Bank,2026-10-09
LUX,Luxembourg,2024,SL.UEM.1524.ZS,21.689,% of labour force aged 15-24,World Bank,2026-10-09
LUX,Luxembourg,2025,SL.UEM.1524.ZS,21.467,% of labour force aged 15-24,World Bank,2026-10-09
LVA,Latvia,2010,SL.UEM.1524.ZS,36.24,% of labour force aged 15-24,World Bank,2026-10-09
LVA,Latvia,2011,SL.UEM.1524.ZS,31.069,% of labour force aged 15-24,World Bank,2026-10-09
LVA,Latvia,2012,SL.UEM.1524.ZS,28.564,% of labour force aged 15-24,World Bank,2026-10-09
LVA,Latvia,2013,SL.UEM.1524.ZS,23.237,% of labour force aged 15-24,World Bank,2026-10-09
LVA,Latvia,2014,SL.UEM.1524.ZS,19.595,% of labour force aged 15-24,World Bank,2026-10-09
LVA,Latvia,2015,SL.UEM.1524.ZS,16.316,% of labour force aged 15-24,World Bank,2026-10-09
LVA,Latvia,2016,SL.UEM.1524.ZS,17.271,% of labour force aged 15-24,World Bank,2026-10-09
LVA,Latvia,2017,SL.UEM.1524.ZS,16.971,% of labour force aged 15-24,World Bank,2026-10-09
LVA,Latvia,2018,SL.UEM.1524.ZS,12.192,% of labour force aged 15-24,World Bank,2026-10-09
LVA,Latvia,2019,SL.UEM.1524.ZS,12.415,% of labour force aged 15-24,World Bank,2026-10-09
LVA,Latvia,2020,SL.UEM.1524.ZS,14.868,% of labour force aged 15-24,World Bank,2026-10-09
LVA,Latvia,2021,SL.UEM.1524.ZS,14.785,% of labour force aged 15-24,World Bank,2026-10-09
LVA,Latvia,2022,SL.UEM.1524.ZS,15.27,% of labour force aged 15-24,World Bank,2026-10-09
LVA,Latvia,2023,SL.UEM.1524.ZS,12.323,% of labour force aged 15-24,World Bank,2026-10-09
LVA,Latvia,2024,SL.UEM.1524.ZS,13.614,% of labour force aged 15-24,World Bank,2026-10-09
LVA,Latvia,2025,SL.UEM.1524.ZS,12.95,% of labour force aged 15-24,World Bank,2026-10-09
MKD,North Macedonia,2010,SL.UEM.1524.ZS,55.198,% of labour force aged 15-24,World Bank,2026-10-09
MKD,North Macedonia,2011,SL.UEM.1524.ZS,55.109,% of labour force aged 15-24,World Bank,2026-10-09
MKD,North Macedonia,2012,SL.UEM.1524.ZS,53.713,% of labour force aged 15-24,World Bank,2026-10-09
MKD,North Macedonia,2013,SL.UEM.1524.ZS,51.588,% of labour force aged 15-24,World Bank,2026-10-09
MKD,North Macedonia,2014,SL.UEM.1524.ZS,53.073,% of labour force aged 15-24,World Bank,2026-10-09
MKD,North Macedonia,2015,SL.UEM.1524.ZS,47.478,% of labour force aged 15-24,World Bank,2026-10-09
MKD,North Macedonia,2016,SL.UEM.1524.ZS,48.48,% of labour force aged 15-24,World Bank,2026-10-09
MKD,North Macedonia,2017,SL.UEM.1524.ZS,46.759,% of labour force aged 15-24,World Bank,2026-10-09
MKD,North Macedonia,2018,SL.UEM.1524.ZS,45.495,% of labour force aged 15-24,World Bank,2026-10-09
MKD,North Macedonia,2019,SL.UEM.1524.ZS,35.353,% of labour force aged 15-24,World Bank,2026-10-09
MKD,North Macedonia,2020,SL.UEM.1524.ZS,35.622,% of labour force aged 15-24,World Bank,2026-10-09
MKD,North Macedonia,2021,SL.UEM.1524.ZS,36.097,% of labour force aged 15-24,World Bank,2026-10-09
MKD,North Macedonia,2022,SL.UEM.1524.ZS,32.595,% of labour force aged 15-24,World Bank,2026-10-09
MKD,North Macedonia,2023,SL.UEM.1524.ZS,29.685,% of labour force aged 15-24,World Bank,2026-10-09
MKD,North Macedonia,2024,SL.UEM.1524.ZS,28.656,% of labour force aged 15-24,World Bank,2026-10-09
MKD,North Macedonia,2025,SL.UEM.1524.ZS,28.75,% of labour force aged 15-24,World Bank,2026-10-09
MLT,Malta,2010,SL.UEM.1524.ZS,13.245,% of labour force aged 15-24,World Bank,2026-10-09
MLT,Malta,2011,SL.UEM.1524.ZS,13.341,% of labour force aged 15-24,World Bank,2026-10-09
MLT,Malta,2012,SL.UEM.1524.ZS,13.846,% of labour force aged 15-24,World Bank,2026-10-09
MLT,Malta,2013,SL.UEM.1524.ZS,12.729,% of labour force aged 15-24,World Bank,2026-10-09
MLT,Malta,2014,SL.UEM.1524.ZS,11.696,% of labour force aged 15-24,World Bank,2026-10-09
MLT,Malta,2015,SL.UEM.1524.ZS,11.653,% of labour force aged 15-24,World Bank,2026-10-09
MLT,Malta,2016,SL.UEM.1524.ZS,10.713,% of labour force aged 15-24,World Bank,2026-10-09
MLT,Malta,2017,SL.UEM.1524.ZS,10.589,% of labour force aged 15-24,World Bank,2026-10-09
MLT,Malta,2018,SL.UEM.1524.ZS,9.355,% of labour force aged 15-24,World Bank,2026-10-09
MLT,Malta,2019,SL.UEM.1524.ZS,10.07,% of labour force aged 15-24,World Bank,2026-10-09
MLT,Malta,2020,SL.UEM.1524.ZS,11.536,% of labour force aged 15-24,World Bank,2026-10-09
MLT,Malta,2021,SL.UEM.1524.ZS,9.871,% of labour force aged 15-24,World Bank,2026-10-09
MLT,Malta,2022,SL.UEM.1524.ZS,9.064,% of labour force aged 15-24,World Bank,2026-10-09
MLT,Malta,2023,SL.UEM.1524.ZS,9.323,% of labour force aged 15-24,World Bank,2026-10-09
MLT,Malta,2024,SL.UEM.1524.ZS,9.119,% of labour force aged 15-24,World Bank,2026-10-09
MLT,Malta,2025,SL.UEM.1524.ZS,8.431,% of labour force aged 15-24,World Bank,2026-10-09
MNE,Montenegro,2010,SL.UEM.1524.ZS,36.707,% of labour force aged 15-24,World Bank,2026-10-09
MNE,Montenegro,2011,SL.UEM.1524.ZS,37.039,% of labour force aged 15-24,World Bank,2026-10-09
MNE,Montenegro,2012,SL.UEM.1524.ZS,44.038,% of labour force aged 15-24,World Bank,2026-10-09
MNE,Montenegro,2013,SL.UEM.1524.ZS,41.825,% of labour force aged 15-24,World Bank,2026-10-09
MNE,Montenegro,2014,SL.UEM.1524.ZS,36.008,% of labour force aged 15-24,World Bank,2026-10-09
MNE,Montenegro,2015,SL.UEM.1524.ZS,37.722,% of labour force aged 15-24,World Bank,2026-10-09
MNE,Montenegro,2016,SL.UEM.1524.ZS,36.061,% of labour force aged 15-24,World Bank,2026-10-09
MNE,Montenegro,2017,SL.UEM.1524.ZS,31.846,% of labour force aged 15-24,World Bank,2026-10-09
MNE,Montenegro,2018,SL.UEM.1524.ZS,29.61,% of labour force aged 15-24,World Bank,2026-10-09
MNE,Montenegro,2019,SL.UEM.1524.ZS,25.305,% of labour force aged 15-24,World Bank,2026-10-09
MNE,Montenegro,2020,SL.UEM.1524.ZS,36.216,% of labour force aged 15-24,World Bank,2026-10-09
MNE,Montenegro,2021,SL.UEM.1524.ZS,37.399,% of labour force aged 15-24,World Bank,2026-10-09
MNE,Montenegro,2022,SL.UEM.1524.ZS,29.795,% of labour force aged 15-24,World Bank,2026-10-09
MNE,Montenegro,2023,SL.UEM.1524.ZS,23.335,% of labour force aged 15-24,World Bank,2026-10-09
MNE,Montenegro,2024,SL.UEM.1524.ZS,23.952,% of labour force aged 15-24,World Bank,2026-10-09
MNE,Montenegro,2025,SL.UEM.1524.ZS,24.438,% of labour force aged 15-24,World Bank,2026-10-09
NLD,Netherlands,2010,SL.UEM.1524.ZS,10.765,% of labour force aged 15-24,World Bank,2026-10-09
NLD,Netherlands,2011,SL.UEM.1524.ZS,9.777,% of labour force aged 15-24,World Bank,2026-10-09
NLD,Netherlands,2012,SL.UEM.1524.ZS,11.454,% of labour force aged 15-24,World Bank,2026-10-09
NLD,Netherlands,2013,SL.UEM.1524.ZS,12.942,% of labour force aged 15-24,World Bank,2026-10-09
NLD,Netherlands,2014,SL.UEM.1524.ZS,12.529,% of labour force aged 15-24,World Bank,2026-10-09
NLD,Netherlands,2015,SL.UEM.1524.ZS,11.104,% of labour force aged 15-24,World Bank,2026-10-09
NLD,Netherlands,2016,SL.UEM.1524.ZS,10.64,% of labour force aged 15-24,World Bank,2026-10-09
NLD,Netherlands,2017,SL.UEM.1524.ZS,8.716,% of labour force aged 15-24,World Bank,2026-10-09
NLD,Netherlands,2018,SL.UEM.1524.ZS,7.046,% of labour force aged 15-24,World Bank,2026-10-09
NLD,Netherlands,2019,SL.UEM.1524.ZS,6.606,% of labour force aged 15-24,World Bank,2026-10-09
NLD,Netherlands,2020,SL.UEM.1524.ZS,8.879,% of labour force aged 15-24,World Bank,2026-10-09
NLD,Netherlands,2021,SL.UEM.1524.ZS,9.335,% of labour force aged 15-24,World Bank,2026-10-09
NLD,Netherlands,2022,SL.UEM.1524.ZS,7.647,% of labour force aged 15-24,World Bank,2026-10-09
NLD,Netherlands,2023,SL.UEM.1524.ZS,8.272,% of labour force aged 15-24,World Bank,2026-10-09
NLD,Netherlands,2024,SL.UEM.1524.ZS,8.778,% of labour force aged 15-24,World Bank,2026-10-09
NLD,Netherlands,2025,SL.UEM.1524.ZS,8.833,% of labour force aged 15-24,World Bank,2026-10-09
POL,Poland,2010,SL.UEM.1524.ZS,23.576,% of labour force aged 15-24,World Bank,2026-10-09
POL,Poland,2011,SL.UEM.1524.ZS,25.523,% of labour force aged 15-24,World Bank,2026-10-09
POL,Poland,2012,SL.UEM.1524.ZS,26.322,% of labour force aged 15-24,World Bank,2026-10-09
POL,Poland,2013,SL.UEM.1524.ZS,27.167,% of labour force aged 15-24,World Bank,2026-10-09
POL,Poland,2014,SL.UEM.1524.ZS,23.732,% of labour force aged 15-24,World Bank,2026-10-09
POL,Poland,2015,SL.UEM.1524.ZS,20.686,% of labour force aged 15-24,World Bank,2026-10-09
POL,Poland,2016,SL.UEM.1524.ZS,17.592,% of labour force aged 15-24,World Bank,2026-10-09
POL,Poland,2017,SL.UEM.1524.ZS,14.762,% of labour force aged 15-24,World Bank,2026-10-09
POL,Poland,2018,SL.UEM.1524.ZS,11.686,% of labour force aged 15-24,World Bank,2026-10-09
POL,Poland,2019,SL.UEM.1524.ZS,9.835,% of labour force aged 15-24,World Bank,2026-10-09
POL,Poland,2020,SL.UEM.1524.ZS,10.836,% of labour force aged 15-24,World Bank,2026-10-09
POL,Poland,2021,SL.UEM.1524.ZS,11.817,% of labour force aged 15-24,World Bank,2026-10-09
POL,Poland,2022,SL.UEM.1524.ZS,10.56,% of labour force aged 15-24,World Bank,2026-10-09
POL,Poland,2023,SL.UEM.1524.ZS,11.176,% of labour force aged 15-24,World Bank,2026-10-09
POL,Poland,2024,SL.UEM.1524.ZS,10.662,% of labour force aged 15-24,World Bank,2026-10-09
POL,Poland,2025,SL.UEM.1524.ZS,10.699,% of labour force aged 15-24,World Bank,2026-10-09
PRT,Portugal,2010,SL.UEM.1524.ZS,22.753,% of labour force aged 15-24,World Bank,2026-10-09
PRT,Portugal,2011,SL.UEM.1524.ZS,30.305,% of labour force aged 15-24,World Bank,2026-10-09
PRT,Portugal,2012,SL.UEM.1524.ZS,37.978,% of labour force aged 15-24,World Bank,2026-10-09
PRT,Portugal,2013,SL.UEM.1524.ZS,38.452,% of labour force aged 15-24,World Bank,2026-10-09
PRT,Portugal,2014,SL.UEM.1524.ZS,34.663,% of labour force aged 15-24,World Bank,2026-10-09
PRT,Portugal,2015,SL.UEM.1524.ZS,31.786,% of labour force aged 15-24,World Bank,2026-10-09
PRT,Portugal,2016,SL.UEM.1524.ZS,27.799,% of labour force aged 15-24,World Bank,2026-10-09
PRT,Portugal,2017,SL.UEM.1524.ZS,23.802,% of labour force aged 15-24,World Bank,2026-10-09
PRT,Portugal,2018,SL.UEM.1524.ZS,20.235,% of labour force aged 15-24,World Bank,2026-10-09
PRT,Portugal,2019,SL.UEM.1524.ZS,18.326,% of labour force aged 15-24,World Bank,2026-10-09
PRT,Portugal,2020,SL.UEM.1524.ZS,22.46,% of labour force aged 15-24,World Bank,2026-10-09
PRT,Portugal,2021,SL.UEM.1524.ZS,23.424,% of labour force aged 15-24,World Bank,2026-10-09
PRT,Portugal,2022,SL.UEM.1524.ZS,19.183,% of labour force aged 15-24,World Bank,2026-10-09
PRT,Portugal,2023,SL.UEM.1524.ZS,20.463,% of labour force aged 15-24,World Bank,2026-10-09
PRT,Portugal,2024,SL.UEM.1524.ZS,21.766,% of labour force aged 15-24,World Bank,2026-10-09
PRT,Portugal,2025,SL.UEM.1524.ZS,20.221,% of labour force aged 15-24,World Bank,2026-10-09
ROU,Romania,2010,SL.UEM.1524.ZS,22.18,% of labour force aged 15-24,World Bank,2026-10-09
ROU,Romania,2011,SL.UEM.1524.ZS,24.061,% of labour force aged 15-24,World Bank,2026-10-09
ROU,Romania,2012,SL.UEM.1524.ZS,22.806,% of labour force aged 15-24,World Bank,2026-10-09
ROU,Romania,2013,SL.UEM.1524.ZS,24.017,% of labour force aged 15-24,World Bank,2026-10-09
ROU,Romania,2014,SL.UEM.1524.ZS,24.364,% of labour force aged 15-24,World Bank,2026-10-09
ROU,Romania,2015,SL.UEM.1524.ZS,22.029,% of labour force aged 15-24,World Bank,2026-10-09
ROU,Romania,2016,SL.UEM.1524.ZS,21.024,% of labour force aged 15-24,World Bank,2026-10-09
ROU,Romania,2017,SL.UEM.1524.ZS,18.726,% of labour force aged 15-24,World Bank,2026-10-09
ROU,Romania,2018,SL.UEM.1524.ZS,16.607,% of labour force aged 15-24,World Bank,2026-10-09
ROU,Romania,2019,SL.UEM.1524.ZS,17.143,% of labour force aged 15-24,World Bank,2026-10-09
ROU,Romania,2020,SL.UEM.1524.ZS,17.584,% of labour force aged 15-24,World Bank,2026-10-09
ROU,Romania,2021,SL.UEM.1524.ZS,21.149,% of labour force aged 15-24,World Bank,2026-10-09
ROU,Romania,2022,SL.UEM.1524.ZS,22.874,% of labour force aged 15-24,World Bank,2026-10-09
ROU,Romania,2023,SL.UEM.1524.ZS,21.701,% of labour force aged 15-24,World Bank,2026-10-09
ROU,Romania,2024,SL.UEM.1524.ZS,23.63,% of labour force aged 15-24,World Bank,2026-10-09
ROU,Romania,2025,SL.UEM.1524.ZS,24.544,% of labour force aged 15-24,World Bank,2026-10-09
SRB,Serbia,2010,SL.UEM.1524.ZS,46.439,% of labour force aged 15-24,World Bank,2026-10-09
SRB,Serbia,2011,SL.UEM.1524.ZS,51.182,% of labour force aged 15-24,World Bank,2026-10-09
SRB,Serbia,2012,SL.UEM.1524.ZS,51.244,% of labour force aged 15-24,World Bank,2026-10-09
SRB,Serbia,2013,SL.UEM.1524.ZS,49.464,% of labour force aged 15-24,World Bank,2026-10-09
SRB,Serbia,2014,SL.UEM.1524.ZS,47.632,% of labour force aged 15-24,World Bank,2026-10-09
SRB,Serbia,2015,SL.UEM.1524.ZS,43.23,% of labour force aged 15-24,World Bank,2026-10-09
SRB,Serbia,2016,SL.UEM.1524.ZS,34.962,% of labour force aged 15-24,World Bank,2026-10-09
SRB,Serbia,2017,SL.UEM.1524.ZS,31.905,% of labour force aged 15-24,World Bank,2026-10-09
SRB,Serbia,2018,SL.UEM.1524.ZS,29.696,% of labour force aged 15-24,World Bank,2026-10-09
SRB,Serbia,2019,SL.UEM.1524.ZS,27.495,% of labour force aged 15-24,World Bank,2026-10-09
SRB,Serbia,2020,SL.UEM.1524.ZS,26.608,% of labour force aged 15-24,World Bank,2026-10-09
SRB,Serbia,2021,SL.UEM.1524.ZS,24.498,% of labour force aged 15-24,World Bank,2026-10-09
SRB,Serbia,2022,SL.UEM.1524.ZS,23.27,% of labour force aged 15-24,World Bank,2026-10-09
SRB,Serbia,2023,SL.UEM.1524.ZS,24.129,% of labour force aged 15-24,World Bank,2026-10-09
SRB,Serbia,2024,SL.UEM.1524.ZS,21.448,% of labour force aged 15-24,World Bank,2026-10-09
SRB,Serbia,2025,SL.UEM.1524.ZS,20.926,% of labour force aged 15-24,World Bank,2026-10-09
SVK,Slovakia,2010,SL.UEM.1524.ZS,33.749,% of labour force aged 15-24,World Bank,2026-10-09
SVK,Slovakia,2011,SL.UEM.1524.ZS,33.487,% of labour force aged 15-24,World Bank,2026-10-09
SVK,Slovakia,2012,SL.UEM.1524.ZS,34.102,% of labour force aged 15-24,World Bank,2026-10-09
SVK,Slovakia,2013,SL.UEM.1524.ZS,33.711,% of labour force aged 15-24,World Bank,2026-10-09
SVK,Slovakia,2014,SL.UEM.1524.ZS,26.745,% of labour force aged 15-24,World Bank,2026-10-09
SVK,Slovakia,2015,SL.UEM.1524.ZS,26.571,% of labour force aged 15-24,World Bank,2026-10-09
SVK,Slovakia,2016,SL.UEM.1524.ZS,22.274,% of labour force aged 15-24,World Bank,2026-10-09
SVK,Slovakia,2017,SL.UEM.1524.ZS,18.962,% of labour force aged 15-24,World Bank,2026-10-09
SVK,Slovakia,2018,SL.UEM.1524.ZS,14.971,% of labour force aged 15-24,World Bank,2026-10-09
SVK,Slovakia,2019,SL.UEM.1524.ZS,16.12,% of labour force aged 15-24,World Bank,2026-10-09
SVK,Slovakia,2020,SL.UEM.1524.ZS,19.438,% of labour force aged 15-24,World Bank,2026-10-09
SVK,Slovakia,2021,SL.UEM.1524.ZS,21.211,% of labour force aged 15-24,World Bank,2026-10-09
SVK,Slovakia,2022,SL.UEM.1524.ZS,19.924,% of labour force aged 15-24,World Bank,2026-10-09
SVK,Slovakia,2023,SL.UEM.1524.ZS,19.867,% of labour force aged 15-24,World Bank,2026-10-09
SVK,Slovakia,2024,SL.UEM.1524.ZS,18.995,% of labour force aged 15-24,World Bank,2026-10-09
SVK,Slovakia,2025,SL.UEM.1524.ZS,18.427,% of labour force aged 15-24,World Bank,2026-10-09
SVN,Slovenia,2010,SL.UEM.1524.ZS,14.7,% of labour force aged 15-24,World Bank,2026-10-09
SVN,Slovenia,2011,SL.UEM.1524.ZS,15.764,% of labour force aged 15-24,World Bank,2026-10-09
SVN,Slovenia,2012,SL.UEM.1524.ZS,20.649,% of labour force aged 15-24,World Bank,2026-10-09
SVN,Slovenia,2013,SL.UEM.1524.ZS,21.665,% of labour force aged 15-24,World Bank,2026-10-09
SVN,Slovenia,2014,SL.UEM.1524.ZS,20.236,% of labour force aged 15-24,World Bank,2026-10-09
SVN,Slovenia,2015,SL.UEM.1524.ZS,16.299,% of labour force aged 15-24,World Bank,2026-10-09
SVN,Slovenia,2016,SL.UEM.1524.ZS,15.243,% of labour force aged 15-24,World Bank,2026-10-09
SVN,Slovenia,2017,SL.UEM.1524.ZS,11.24,% of labour force aged 15-24,World Bank,2026-10-09
SVN,Slovenia,2018,SL.UEM.1524.ZS,8.817,% of labour force aged 15-24,World Bank,2026-10-09
SVN,Slovenia,2019,SL.UEM.1524.ZS,8.136,% of labour force aged 15-24,World Bank,2026-10-09
SVN,Slovenia,2020,SL.UEM.1524.ZS,14.179,% of labour force aged 15-24,World Bank,2026-10-09
SVN,Slovenia,2021,SL.UEM.1524.ZS,12.846,% of labour force aged 15-24,World Bank,2026-10-09
SVN,Slovenia,2022,SL.UEM.1524.ZS,10.14,% of labour force aged 15-24,World Bank,2026-10-09
SVN,Slovenia,2023,SL.UEM.1524.ZS,9.948,% of labour force aged 15-24,World Bank,2026-10-09
SVN,Slovenia,2024,SL.UEM.1524.ZS,11.029,% of labour force aged 15-24,World Bank,2026-10-09
SVN,Slovenia,2025,SL.UEM.1524.ZS,9.536,% of labour force aged 15-24,World Bank,2026-10-09
SWE,Sweden,2010,SL.UEM.1524.ZS,24.76,% of labour force aged 15-24,World Bank,2026-10-09
SWE,Sweden,2011,SL.UEM.1524.ZS,22.782,% of labour force aged 15-24,World Bank,2026-10-09
SWE,Sweden,2012,SL.UEM.1524.ZS,23.608,% of labour force aged 15-24,World Bank,2026-10-09
SWE,Sweden,2013,SL.UEM.1524.ZS,23.518,% of labour force aged 15-24,World Bank,2026-10-09
SWE,Sweden,2014,SL.UEM.1524.ZS,22.821,% of labour force aged 15-24,World Bank,2026-10-09
SWE,Sweden,2015,SL.UEM.1524.ZS,20.363,% of labour force aged 15-24,World Bank,2026-10-09
SWE,Sweden,2016,SL.UEM.1524.ZS,18.894,% of labour force aged 15-24,World Bank,2026-10-09
SWE,Sweden,2017,SL.UEM.1524.ZS,17.873,% of labour force aged 15-24,World Bank,2026-10-09
SWE,Sweden,2018,SL.UEM.1524.ZS,17.398,% of labour force aged 15-24,World Bank,2026-10-09
SWE,Sweden,2019,SL.UEM.1524.ZS,20.092,% of labour force aged 15-24,World Bank,2026-10-09
SWE,Sweden,2020,SL.UEM.1524.ZS,23.891,% of labour force aged 15-24,World Bank,2026-10-09
SWE,Sweden,2021,SL.UEM.1524.ZS,24.555,% of labour force aged 15-24,World Bank,2026-10-09
SWE,Sweden,2022,SL.UEM.1524.ZS,21.597,% of labour force aged 15-24,World Bank,2026-10-09
SWE,Sweden,2023,SL.UEM.1524.ZS,21.941,% of labour force aged 15-24,World Bank,2026-10-09
SWE,Sweden,2024,SL.UEM.1524.ZS,24.336,% of labour force aged 15-24,World Bank,2026-10-09
SWE,Sweden,2025,SL.UEM.1524.ZS,24.312,% of labour force aged 15-24,World Bank,2026-10-09
ALB,Albania,2010,SL.UEM.TOTL.ZS,14.086,% of labour force (modelled ILO estimate),World Bank,2026-10-09
ALB,Albania,2011,SL.UEM.TOTL.ZS,13.481,% of labour force (modelled ILO estimate),World Bank,2026-10-09
ALB,Albania,2012,SL.UEM.TOTL.ZS,13.376,% of labour force (modelled ILO estimate),World Bank,2026-10-09
ALB,Albania,2013,SL.UEM.TOTL.ZS,15.866,% of labour force (modelled ILO estimate),World Bank,2026-10-09
ALB,Albania,2014,SL.UEM.TOTL.ZS,18.055,% of labour force (modelled ILO estimate),World Bank,2026-10-09
ALB,Albania,2015,SL.UEM.TOTL.ZS,17.193,% of labour force (modelled ILO estimate),World Bank,2026-10-09
ALB,Albania,2016,SL.UEM.TOTL.ZS,15.418,% of labour force (modelled ILO estimate),World Bank,2026-10-09
ALB,Albania,2017,SL.UEM.TOTL.ZS,13.616,% of labour force (modelled ILO estimate),World Bank,2026-10-09
ALB,Albania,2018,SL.UEM.TOTL.ZS,12.304,% of labour force (modelled ILO estimate),World Bank,2026-10-09
ALB,Albania,2019,SL.UEM.TOTL.ZS,11.466,% of labour force (modelled ILO estimate),World Bank,2026-10-09
ALB,Albania,2020,SL.UEM.TOTL.ZS,11.639,% of labour force (modelled ILO estimate),World Bank,2026-10-09
ALB,Albania,2021,SL.UEM.TOTL.ZS,11.474,% of labour force (modelled ILO estimate),World Bank,2026-10-09
ALB,Albania,2022,SL.UEM.TOTL.ZS,10.785,% of labour force (modelled ILO estimate),World Bank,2026-10-09
ALB,Albania,2023,SL.UEM.TOTL.ZS,10.669,% of labour force (modelled ILO estimate),World Bank,2026-10-09
ALB,Albania,2024,SL.UEM.TOTL.ZS,10.689,% of labour force (modelled ILO estimate),World Bank,2026-10-09
ALB,Albania,2025,SL.UEM.TOTL.ZS,10.926,% of labour force (modelled ILO estimate),World Bank,2026-10-09
AUT,Austria,2010,SL.UEM.TOTL.ZS,4.883,% of labour force (modelled ILO estimate),World Bank,2026-10-09
AUT,Austria,2011,SL.UEM.TOTL.ZS,4.637,% of labour force (modelled ILO estimate),World Bank,2026-10-09
AUT,Austria,2012,SL.UEM.TOTL.ZS,4.909,% of labour force (modelled ILO estimate),World Bank,2026-10-09
AUT,Austria,2013,SL.UEM.TOTL.ZS,5.367,% of labour force (modelled ILO estimate),World Bank,2026-10-09
AUT,Austria,2014,SL.UEM.TOTL.ZS,5.674,% of labour force (modelled ILO estimate),World Bank,2026-10-09
AUT,Austria,2015,SL.UEM.TOTL.ZS,5.802,% of labour force (modelled ILO estimate),World Bank,2026-10-09
AUT,Austria,2016,SL.UEM.TOTL.ZS,6.064,% of labour force (modelled ILO estimate),World Bank,2026-10-09
AUT,Austria,2017,SL.UEM.TOTL.ZS,5.561,% of labour force (modelled ILO estimate),World Bank,2026-10-09
AUT,Austria,2018,SL.UEM.TOTL.ZS,4.933,% of labour force (modelled ILO estimate),World Bank,2026-10-09
AUT,Austria,2019,SL.UEM.TOTL.ZS,4.56,% of labour force (modelled ILO estimate),World Bank,2026-10-09
AUT,Austria,2020,SL.UEM.TOTL.ZS,5.201,% of labour force (modelled ILO estimate),World Bank,2026-10-09
AUT,Austria,2021,SL.UEM.TOTL.ZS,6.459,% of labour force (modelled ILO estimate),World Bank,2026-10-09
AUT,Austria,2022,SL.UEM.TOTL.ZS,4.992,% of labour force (modelled ILO estimate),World Bank,2026-10-09
AUT,Austria,2023,SL.UEM.TOTL.ZS,5.264,% of labour force (modelled ILO estimate),World Bank,2026-10-09
AUT,Austria,2024,SL.UEM.TOTL.ZS,5.2,% of labour force (modelled ILO estimate),World Bank,2026-10-09
AUT,Austria,2025,SL.UEM.TOTL.ZS,5.582,% of labour force (modelled ILO estimate),World Bank,2026-10-09
BEL,Belgium,2010,SL.UEM.TOTL.ZS,8.293,% of labour force (modelled ILO estimate),World Bank,2026-10-09
BEL,Belgium,2011,SL.UEM.TOTL.ZS,7.14,% of labour force (modelled ILO estimate),World Bank,2026-10-09
BEL,Belgium,2012,SL.UEM.TOTL.ZS,7.542,% of labour force (modelled ILO estimate),World Bank,2026-10-09
BEL,Belgium,2013,SL.UEM.TOTL.ZS,8.425,% of labour force (modelled ILO estimate),World Bank,2026-10-09
BEL,Belgium,2014,SL.UEM.TOTL.ZS,8.523,% of labour force (modelled ILO estimate),World Bank,2026-10-09
BEL,Belgium,2015,SL.UEM.TOTL.ZS,8.482,% of labour force (modelled ILO estimate),World Bank,2026-10-09
BEL,Belgium,2016,SL.UEM.TOTL.ZS,7.83,% of labour force (modelled ILO estimate),World Bank,2026-10-09
BEL,Belgium,2017,SL.UEM.TOTL.ZS,7.09,% of labour force (modelled ILO estimate),World Bank,2026-10-09
BEL,Belgium,2018,SL.UEM.TOTL.ZS,5.941,% of labour force (modelled ILO estimate),World Bank,2026-10-09
BEL,Belgium,2019,SL.UEM.TOTL.ZS,5.364,% of labour force (modelled ILO estimate),World Bank,2026-10-09
BEL,Belgium,2020,SL.UEM.TOTL.ZS,5.545,% of labour force (modelled ILO estimate),World Bank,2026-10-09
BEL,Belgium,2021,SL.UEM.TOTL.ZS,6.248,% of labour force (modelled ILO estimate),World Bank,2026-10-09
BEL,Belgium,2022,SL.UEM.TOTL.ZS,5.57,% of labour force (modelled ILO estimate),World Bank,2026-10-09
BEL,Belgium,2023,SL.UEM.TOTL.ZS,5.547,% of labour force (modelled ILO estimate),World Bank,2026-10-09
BEL,Belgium,2024,SL.UEM.TOTL.ZS,5.7,% of labour force (modelled ILO estimate),World Bank,2026-10-09
BEL,Belgium,2025,SL.UEM.TOTL.ZS,5.906,% of labour force (modelled ILO estimate),World Bank,2026-10-09
BGR,Bulgaria,2010,SL.UEM.TOTL.ZS,10.279,% of labour force (modelled ILO estimate),World Bank,2026-10-09
BGR,Bulgaria,2011,SL.UEM.TOTL.ZS,11.26,% of labour force (modelled ILO estimate),World Bank,2026-10-09
BGR,Bulgaria,2012,SL.UEM.TOTL.ZS,12.27,% of labour force (modelled ILO estimate),World Bank,2026-10-09
BGR,Bulgaria,2013,SL.UEM.TOTL.ZS,12.941,% of labour force (modelled ILO estimate),World Bank,2026-10-09
BGR,Bulgaria,2014,SL.UEM.TOTL.ZS,11.424,% of labour force (modelled ILO estimate),World Bank,2026-10-09
BGR,Bulgaria,2015,SL.UEM.TOTL.ZS,9.143,% of labour force (modelled ILO estimate),World Bank,2026-10-09
BGR,Bulgaria,2016,SL.UEM.TOTL.ZS,7.575,% of labour force (modelled ILO estimate),World Bank,2026-10-09
BGR,Bulgaria,2017,SL.UEM.TOTL.ZS,6.164,% of labour force (modelled ILO estimate),World Bank,2026-10-09
BGR,Bulgaria,2018,SL.UEM.TOTL.ZS,5.211,% of labour force (modelled ILO estimate),World Bank,2026-10-09
BGR,Bulgaria,2019,SL.UEM.TOTL.ZS,4.148,% of labour force (modelled ILO estimate),World Bank,2026-10-09
BGR,Bulgaria,2020,SL.UEM.TOTL.ZS,5.037,% of labour force (modelled ILO estimate),World Bank,2026-10-09
BGR,Bulgaria,2021,SL.UEM.TOTL.ZS,5.166,% of labour force (modelled ILO estimate),World Bank,2026-10-09
BGR,Bulgaria,2022,SL.UEM.TOTL.ZS,4.148,% of labour force (modelled ILO estimate),World Bank,2026-10-09
BGR,Bulgaria,2023,SL.UEM.TOTL.ZS,4.319,% of labour force (modelled ILO estimate),World Bank,2026-10-09
BGR,Bulgaria,2024,SL.UEM.TOTL.ZS,4.2,% of labour force (modelled ILO estimate),World Bank,2026-10-09
BGR,Bulgaria,2025,SL.UEM.TOTL.ZS,3.536,% of labour force (modelled ILO estimate),World Bank,2026-10-09
BIH,Bosnia and Herzegovina,2010,SL.UEM.TOTL.ZS,27.312,% of labour force (modelled ILO estimate),World Bank,2026-10-09
BIH,Bosnia and Herzegovina,2011,SL.UEM.TOTL.ZS,27.582,% of labour force (modelled ILO estimate),World Bank,2026-10-09
BIH,Bosnia and Herzegovina,2012,SL.UEM.TOTL.ZS,28.01,% of labour force (modelled ILO estimate),World Bank,2026-10-09
BIH,Bosnia and Herzegovina,2013,SL.UEM.TOTL.ZS,27.49,% of labour force (modelled ILO estimate),World Bank,2026-10-09
BIH,Bosnia and Herzegovina,2014,SL.UEM.TOTL.ZS,27.517,% of labour force (modelled ILO estimate),World Bank,2026-10-09
BIH,Bosnia and Herzegovina,2015,SL.UEM.TOTL.ZS,27.695,% of labour force (modelled ILO estimate),World Bank,2026-10-09
BIH,Bosnia and Herzegovina,2016,SL.UEM.TOTL.ZS,25.408,% of labour force (modelled ILO estimate),World Bank,2026-10-09
BIH,Bosnia and Herzegovina,2017,SL.UEM.TOTL.ZS,20.527,% of labour force (modelled ILO estimate),World Bank,2026-10-09
BIH,Bosnia and Herzegovina,2018,SL.UEM.TOTL.ZS,18.4,% of labour force (modelled ILO estimate),World Bank,2026-10-09
BIH,Bosnia and Herzegovina,2019,SL.UEM.TOTL.ZS,15.692,% of labour force (modelled ILO estimate),World Bank,2026-10-09
BIH,Bosnia and Herzegovina,2020,SL.UEM.TOTL.ZS,15.868,% of labour force (modelled ILO estimate),World Bank,2026-10-09
BIH,Bosnia and Herzegovina,2021,SL.UEM.TOTL.ZS,14.897,% of labour force (modelled ILO estimate),World Bank,2026-10-09
BIH,Bosnia and Herzegovina,2022,SL.UEM.TOTL.ZS,12.657,% of labour force (modelled ILO estimate),World Bank,2026-10-09
BIH,Bosnia and Herzegovina,2023,SL.UEM.TOTL.ZS,10.668,% of labour force (modelled ILO estimate),World Bank,2026-10-09
BIH,Bosnia and Herzegovina,2024,SL.UEM.TOTL.ZS,10.69,% of labour force (modelled ILO estimate),World Bank,2026-10-09
BIH,Bosnia and Herzegovina,2025,SL.UEM.TOTL.ZS,11.037,% of labour force (modelled ILO estimate),World Bank,2026-10-09
CYP,Cyprus,2010,SL.UEM.TOTL.ZS,6.359,% of labour force (modelled ILO estimate),World Bank,2026-10-09
CYP,Cyprus,2011,SL.UEM.TOTL.ZS,7.942,% of labour force (modelled ILO estimate),World Bank,2026-10-09
CYP,Cyprus,2012,SL.UEM.TOTL.ZS,12.097,% of labour force (modelled ILO estimate),World Bank,2026-10-09
CYP,Cyprus,2013,SL.UEM.TOTL.ZS,16.131,% of labour force (modelled ILO estimate),World Bank,2026-10-09
CYP,Cyprus,2014,SL.UEM.TOTL.ZS,16.277,% of labour force (modelled ILO estimate),World Bank,2026-10-09
CYP,Cyprus,2015,SL.UEM.TOTL.ZS,15.026,% of labour force (modelled ILO estimate),World Bank,2026-10-09
CYP,Cyprus,2016,SL.UEM.TOTL.ZS,13.006,% of labour force (modelled ILO estimate),World Bank,2026-10-09
CYP,Cyprus,2017,SL.UEM.TOTL.ZS,11.155,% of labour force (modelled ILO estimate),World Bank,2026-10-09
CYP,Cyprus,2018,SL.UEM.TOTL.ZS,8.504,% of labour force (modelled ILO estimate),World Bank,2026-10-09
CYP,Cyprus,2019,SL.UEM.TOTL.ZS,7.155,% of labour force (modelled ILO estimate),World Bank,2026-10-09
CYP,Cyprus,2020,SL.UEM.TOTL.ZS,7.755,% of labour force (modelled ILO estimate),World Bank,2026-10-09
CYP,Cyprus,2021,SL.UEM.TOTL.ZS,7.513,% of labour force (modelled ILO estimate),World Bank,2026-10-09
CYP,Cyprus,2022,SL.UEM.TOTL.ZS,6.806,% of labour force (modelled ILO estimate),World Bank,2026-10-09
CYP,Cyprus,2023,SL.UEM.TOTL.ZS,5.835,% of labour force (modelled ILO estimate),World Bank,2026-10-09
CYP,Cyprus,2024,SL.UEM.TOTL.ZS,4.9,% of labour force (modelled ILO estimate),World Bank,2026-10-09
CYP,Cyprus,2025,SL.UEM.TOTL.ZS,4.924,% of labour force (modelled ILO estimate),World Bank,2026-10-09
CZE,Czechia,2010,SL.UEM.TOTL.ZS,7.281,% of labour force (modelled ILO estimate),World Bank,2026-10-09
CZE,Czechia,2011,SL.UEM.TOTL.ZS,6.712,% of labour force (modelled ILO estimate),World Bank,2026-10-09
CZE,Czechia,2012,SL.UEM.TOTL.ZS,6.979,% of labour force (modelled ILO estimate),World Bank,2026-10-09
CZE,Czechia,2013,SL.UEM.TOTL.ZS,6.953,% of labour force (modelled ILO estimate),World Bank,2026-10-09
CZE,Czechia,2014,SL.UEM.TOTL.ZS,6.108,% of labour force (modelled ILO estimate),World Bank,2026-10-09
CZE,Czechia,2015,SL.UEM.TOTL.ZS,5.048,% of labour force (modelled ILO estimate),World Bank,2026-10-09
CZE,Czechia,2016,SL.UEM.TOTL.ZS,3.952,% of labour force (modelled ILO estimate),World Bank,2026-10-09
CZE,Czechia,2017,SL.UEM.TOTL.ZS,2.893,% of labour force (modelled ILO estimate),World Bank,2026-10-09
CZE,Czechia,2018,SL.UEM.TOTL.ZS,2.246,% of labour force (modelled ILO estimate),World Bank,2026-10-09
CZE,Czechia,2019,SL.UEM.TOTL.ZS,2.015,% of labour force (modelled ILO estimate),World Bank,2026-10-09
CZE,Czechia,2020,SL.UEM.TOTL.ZS,2.55,% of labour force (modelled ILO estimate),World Bank,2026-10-09
CZE,Czechia,2021,SL.UEM.TOTL.ZS,2.803,% of labour force (modelled ILO estimate),World Bank,2026-10-09
CZE,Czechia,2022,SL.UEM.TOTL.ZS,2.224,% of labour force (modelled ILO estimate),World Bank,2026-10-09
CZE,Czechia,2023,SL.UEM.TOTL.ZS,2.579,% of labour force (modelled ILO estimate),World Bank,2026-10-09
CZE,Czechia,2024,SL.UEM.TOTL.ZS,2.6,% of labour force (modelled ILO estimate),World Bank,2026-10-09
CZE,Czechia,2025,SL.UEM.TOTL.ZS,2.825,% of labour force (modelled ILO estimate),World Bank,2026-10-09
DEU,Germany,2010,SL.UEM.TOTL.ZS,7.043,% of labour force (modelled ILO estimate),World Bank,2026-10-09
DEU,Germany,2011,SL.UEM.TOTL.ZS,5.967,% of labour force (modelled ILO estimate),World Bank,2026-10-09
DEU,Germany,2012,SL.UEM.TOTL.ZS,5.372,% of labour force (modelled ILO estimate),World Bank,2026-10-09
DEU,Germany,2013,SL.UEM.TOTL.ZS,5.316,% of labour force (modelled ILO estimate),World Bank,2026-10-09
DEU,Germany,2014,SL.UEM.TOTL.ZS,4.979,% of labour force (modelled ILO estimate),World Bank,2026-10-09
DEU,Germany,2015,SL.UEM.TOTL.ZS,4.612,% of labour force (modelled ILO estimate),World Bank,2026-10-09
DEU,Germany,2016,SL.UEM.TOTL.ZS,4.104,% of labour force (modelled ILO estimate),World Bank,2026-10-09
DEU,Germany,2017,SL.UEM.TOTL.ZS,3.781,% of labour force (modelled ILO estimate),World Bank,2026-10-09
DEU,Germany,2018,SL.UEM.TOTL.ZS,3.384,% of labour force (modelled ILO estimate),World Bank,2026-10-09
DEU,Germany,2019,SL.UEM.TOTL.ZS,3.163,% of labour force (modelled ILO estimate),World Bank,2026-10-09
DEU,Germany,2020,SL.UEM.TOTL.ZS,3.881,% of labour force (modelled ILO estimate),World Bank,2026-10-09
DEU,Germany,2021,SL.UEM.TOTL.ZS,3.594,% of labour force (modelled ILO estimate),World Bank,2026-10-09
DEU,Germany,2022,SL.UEM.TOTL.ZS,3.137,% of labour force (modelled ILO estimate),World Bank,2026-10-09
DEU,Germany,2023,SL.UEM.TOTL.ZS,3.071,% of labour force (modelled ILO estimate),World Bank,2026-10-09
DEU,Germany,2024,SL.UEM.TOTL.ZS,3.4,% of labour force (modelled ILO estimate),World Bank,2026-10-09
DEU,Germany,2025,SL.UEM.TOTL.ZS,3.711,% of labour force (modelled ILO estimate),World Bank,2026-10-09
DNK,Denmark,2010,SL.UEM.TOTL.ZS,7.746,% of labour force (modelled ILO estimate),World Bank,2026-10-09
DNK,Denmark,2011,SL.UEM.TOTL.ZS,7.769,% of labour force (modelled ILO estimate),World Bank,2026-10-09
DNK,Denmark,2012,SL.UEM.TOTL.ZS,7.798,% of labour force (modelled ILO estimate),World Bank,2026-10-09
DNK,Denmark,2013,SL.UEM.TOTL.ZS,7.384,% of labour force (modelled ILO estimate),World Bank,2026-10-09
DNK,Denmark,2014,SL.UEM.TOTL.ZS,6.925,% of labour force (modelled ILO estimate),World Bank,2026-10-09
DNK,Denmark,2015,SL.UEM.TOTL.ZS,6.278,% of labour force (modelled ILO estimate),World Bank,2026-10-09
DNK,Denmark,2016,SL.UEM.TOTL.ZS,5.989,% of labour force (modelled ILO estimate),World Bank,2026-10-09
DNK,Denmark,2017,SL.UEM.TOTL.ZS,5.833,% of labour force (modelled ILO estimate),World Bank,2026-10-09
DNK,Denmark,2018,SL.UEM.TOTL.ZS,5.131,% of labour force (modelled ILO estimate),World Bank,2026-10-09
DNK,Denmark,2019,SL.UEM.TOTL.ZS,5.018,% of labour force (modelled ILO estimate),World Bank,2026-10-09
DNK,Denmark,2020,SL.UEM.TOTL.ZS,5.644,% of labour force (modelled ILO estimate),World Bank,2026-10-09
DNK,Denmark,2021,SL.UEM.TOTL.ZS,5.065,% of labour force (modelled ILO estimate),World Bank,2026-10-09
DNK,Denmark,2022,SL.UEM.TOTL.ZS,4.434,% of labour force (modelled ILO estimate),World Bank,2026-10-09
DNK,Denmark,2023,SL.UEM.TOTL.ZS,5.094,% of labour force (modelled ILO estimate),World Bank,2026-10-09
DNK,Denmark,2024,SL.UEM.TOTL.ZS,5.358,% of labour force (modelled ILO estimate),World Bank,2026-10-09
DNK,Denmark,2025,SL.UEM.TOTL.ZS,5.529,% of labour force (modelled ILO estimate),World Bank,2026-10-09
ESP,Spain,2010,SL.UEM.TOTL.ZS,19.86,% of labour force (modelled ILO estimate),World Bank,2026-10-09
ESP,Spain,2011,SL.UEM.TOTL.ZS,21.39,% of labour force (modelled ILO estimate),World Bank,2026-10-09
ESP,Spain,2012,SL.UEM.TOTL.ZS,24.789,% of labour force (modelled ILO estimate),World Bank,2026-10-09
ESP,Spain,2013,SL.UEM.TOTL.ZS,26.094,% of labour force (modelled ILO estimate),World Bank,2026-10-09
ESP,Spain,2014,SL.UEM.TOTL.ZS,24.441,% of labour force (modelled ILO estimate),World Bank,2026-10-09
ESP,Spain,2015,SL.UEM.TOTL.ZS,22.057,% of labour force (modelled ILO estimate),World Bank,2026-10-09
ESP,Spain,2016,SL.UEM.TOTL.ZS,19.635,% of labour force (modelled ILO estimate),World Bank,2026-10-09
ESP,Spain,2017,SL.UEM.TOTL.ZS,17.224,% of labour force (modelled ILO estimate),World Bank,2026-10-09
ESP,Spain,2018,SL.UEM.TOTL.ZS,15.255,% of labour force (modelled ILO estimate),World Bank,2026-10-09
ESP,Spain,2019,SL.UEM.TOTL.ZS,14.104,% of labour force (modelled ILO estimate),World Bank,2026-10-09
ESP,Spain,2020,SL.UEM.TOTL.ZS,15.532,% of labour force (modelled ILO estimate),World Bank,2026-10-09
ESP,Spain,2021,SL.UEM.TOTL.ZS,14.914,% of labour force (modelled ILO estimate),World Bank,2026-10-09
ESP,Spain,2022,SL.UEM.TOTL.ZS,13.033,% of labour force (modelled ILO estimate),World Bank,2026-10-09
ESP,Spain,2023,SL.UEM.TOTL.ZS,12.179,% of labour force (modelled ILO estimate),World Bank,2026-10-09
ESP,Spain,2024,SL.UEM.TOTL.ZS,11.4,% of labour force (modelled ILO estimate),World Bank,2026-10-09
ESP,Spain,2025,SL.UEM.TOTL.ZS,10.376,% of labour force (modelled ILO estimate),World Bank,2026-10-09
EST,Estonia,2010,SL.UEM.TOTL.ZS,16.707,% of labour force (modelled ILO estimate),World Bank,2026-10-09
EST,Estonia,2011,SL.UEM.TOTL.ZS,12.328,% of labour force (modelled ILO estimate),World Bank,2026-10-09
EST,Estonia,2012,SL.UEM.TOTL.ZS,10.021,% of labour force (modelled ILO estimate),World Bank,2026-10-09
EST,Estonia,2013,SL.UEM.TOTL.ZS,8.631,% of labour force (modelled ILO estimate),World Bank,2026-10-09
EST,Estonia,2014,SL.UEM.TOTL.ZS,7.352,% of labour force (modelled ILO estimate),World Bank,2026-10-09
EST,Estonia,2015,SL.UEM.TOTL.ZS,6.412,% of labour force (modelled ILO estimate),World Bank,2026-10-09
EST,Estonia,2016,SL.UEM.TOTL.ZS,6.882,% of labour force (modelled ILO estimate),World Bank,2026-10-09
EST,Estonia,2017,SL.UEM.TOTL.ZS,5.807,% of labour force (modelled ILO estimate),World Bank,2026-10-09
EST,Estonia,2018,SL.UEM.TOTL.ZS,5.412,% of labour force (modelled ILO estimate),World Bank,2026-10-09
EST,Estonia,2019,SL.UEM.TOTL.ZS,4.514,% of labour force (modelled ILO estimate),World Bank,2026-10-09
EST,Estonia,2020,SL.UEM.TOTL.ZS,6.956,% of labour force (modelled ILO estimate),World Bank,2026-10-09
EST,Estonia,2021,SL.UEM.TOTL.ZS,6.178,% of labour force (modelled ILO estimate),World Bank,2026-10-09
EST,Estonia,2022,SL.UEM.TOTL.ZS,5.571,% of labour force (modelled ILO estimate),World Bank,2026-10-09
EST,Estonia,2023,SL.UEM.TOTL.ZS,6.378,% of labour force (modelled ILO estimate),World Bank,2026-10-09
EST,Estonia,2024,SL.UEM.TOTL.ZS,7.6,% of labour force (modelled ILO estimate),World Bank,2026-10-09
EST,Estonia,2025,SL.UEM.TOTL.ZS,8.313,% of labour force (modelled ILO estimate),World Bank,2026-10-09
EUU,European Union (aggregate),2010,SL.UEM.TOTL.ZS,9.87327234610775,% of labour force (modelled ILO estimate),World Bank,2026-10-09
EUU,European Union (aggregate),2011,SL.UEM.TOTL.ZS,9.92888294564936,% of labour force (modelled ILO estimate),World Bank,2026-10-09
EUU,European Union (aggregate),2012,SL.UEM.TOTL.ZS,10.8758482088061,% of labour force (modelled ILO estimate),World Bank,2026-10-09
EUU,European Union (aggregate),2013,SL.UEM.TOTL.ZS,11.3511730368596,% of labour force (modelled ILO estimate),World Bank,2026-10-09
EUU,European Union (aggregate),2014,SL.UEM.TOTL.ZS,10.8255885011473,% of labour force (modelled ILO estimate),World Bank,2026-10-09
EUU,European Union (aggregate),2015,SL.UEM.TOTL.ZS,10.0165353301996,% of labour force (modelled ILO estimate),World Bank,2026-10-09
EUU,European Union (aggregate),2016,SL.UEM.TOTL.ZS,9.1056944627421,% of labour force (modelled ILO estimate),World Bank,2026-10-09
EUU,European Union (aggregate),2017,SL.UEM.TOTL.ZS,8.13208945121752,% of labour force (modelled ILO estimate),World Bank,2026-10-09
EUU,European Union (aggregate),2018,SL.UEM.TOTL.ZS,7.24247265095853,% of labour force (modelled ILO estimate),World Bank,2026-10-09
EUU,European Union (aggregate),2019,SL.UEM.TOTL.ZS,6.67705052747452,% of labour force (modelled ILO estimate),World Bank,2026-10-09
EUU,European Union (aggregate),2020,SL.UEM.TOTL.ZS,7.05471356704802,% of labour force (modelled ILO estimate),World Bank,2026-10-09
EUU,European Union (aggregate),2021,SL.UEM.TOTL.ZS,7.02659354012655,% of labour force (modelled ILO estimate),World Bank,2026-10-09
EUU,European Union (aggregate),2022,SL.UEM.TOTL.ZS,6.16137258045926,% of labour force (modelled ILO estimate),World Bank,2026-10-09
EUU,European Union (aggregate),2023,SL.UEM.TOTL.ZS,6.02643653344515,% of labour force (modelled ILO estimate),World Bank,2026-10-09
EUU,European Union (aggregate),2024,SL.UEM.TOTL.ZS,5.92300803762815,% of labour force (modelled ILO estimate),World Bank,2026-10-09
EUU,European Union (aggregate),2025,SL.UEM.TOTL.ZS,5.9260453820781,% of labour force (modelled ILO estimate),World Bank,2026-10-09
FIN,Finland,2010,SL.UEM.TOTL.ZS,8.394,% of labour force (modelled ILO estimate),World Bank,2026-10-09
FIN,Finland,2011,SL.UEM.TOTL.ZS,7.781,% of labour force (modelled ILO estimate),World Bank,2026-10-09
FIN,Finland,2012,SL.UEM.TOTL.ZS,7.689,% of labour force (modelled ILO estimate),World Bank,2026-10-09
FIN,Finland,2013,SL.UEM.TOTL.ZS,8.193,% of labour force (modelled ILO estimate),World Bank,2026-10-09
FIN,Finland,2014,SL.UEM.TOTL.ZS,8.663,% of labour force (modelled ILO estimate),World Bank,2026-10-09
FIN,Finland,2015,SL.UEM.TOTL.ZS,9.376,% of labour force (modelled ILO estimate),World Bank,2026-10-09
FIN,Finland,2016,SL.UEM.TOTL.ZS,8.818,% of labour force (modelled ILO estimate),World Bank,2026-10-09
FIN,Finland,2017,SL.UEM.TOTL.ZS,8.64,% of labour force (modelled ILO estimate),World Bank,2026-10-09
FIN,Finland,2018,SL.UEM.TOTL.ZS,7.361,% of labour force (modelled ILO estimate),World Bank,2026-10-09
FIN,Finland,2019,SL.UEM.TOTL.ZS,6.695,% of labour force (modelled ILO estimate),World Bank,2026-10-09
FIN,Finland,2020,SL.UEM.TOTL.ZS,7.759,% of labour force (modelled ILO estimate),World Bank,2026-10-09
FIN,Finland,2021,SL.UEM.TOTL.ZS,7.617,% of labour force (modelled ILO estimate),World Bank,2026-10-09
FIN,Finland,2022,SL.UEM.TOTL.ZS,6.719,% of labour force (modelled ILO estimate),World Bank,2026-10-09
FIN,Finland,2023,SL.UEM.TOTL.ZS,7.149,% of labour force (modelled ILO estimate),World Bank,2026-10-09
FIN,Finland,2024,SL.UEM.TOTL.ZS,8.4,% of labour force (modelled ILO estimate),World Bank,2026-10-09
FIN,Finland,2025,SL.UEM.TOTL.ZS,9.461,% of labour force (modelled ILO estimate),World Bank,2026-10-09
FRA,France,2010,SL.UEM.TOTL.ZS,9.279,% of labour force (modelled ILO estimate),World Bank,2026-10-09
FRA,France,2011,SL.UEM.TOTL.ZS,9.228,% of labour force (modelled ILO estimate),World Bank,2026-10-09
FRA,France,2012,SL.UEM.TOTL.ZS,9.841,% of labour force (modelled ILO estimate),World Bank,2026-10-09
FRA,France,2013,SL.UEM.TOTL.ZS,9.913,% of labour force (modelled ILO estimate),World Bank,2026-10-09
FRA,France,2014,SL.UEM.TOTL.ZS,10.273,% of labour force (modelled ILO estimate),World Bank,2026-10-09
FRA,France,2015,SL.UEM.TOTL.ZS,10.354,% of labour force (modelled ILO estimate),World Bank,2026-10-09
FRA,France,2016,SL.UEM.TOTL.ZS,10.057,% of labour force (modelled ILO estimate),World Bank,2026-10-09
FRA,France,2017,SL.UEM.TOTL.ZS,9.409,% of labour force (modelled ILO estimate),World Bank,2026-10-09
FRA,France,2018,SL.UEM.TOTL.ZS,9.018,% of labour force (modelled ILO estimate),World Bank,2026-10-09
FRA,France,2019,SL.UEM.TOTL.ZS,8.415,% of labour force (modelled ILO estimate),World Bank,2026-10-09
FRA,France,2020,SL.UEM.TOTL.ZS,8.009,% of labour force (modelled ILO estimate),World Bank,2026-10-09
FRA,France,2021,SL.UEM.TOTL.ZS,7.871,% of labour force (modelled ILO estimate),World Bank,2026-10-09
FRA,France,2022,SL.UEM.TOTL.ZS,7.303,% of labour force (modelled ILO estimate),World Bank,2026-10-09
FRA,France,2023,SL.UEM.TOTL.ZS,7.335,% of labour force (modelled ILO estimate),World Bank,2026-10-09
FRA,France,2024,SL.UEM.TOTL.ZS,7.4,% of labour force (modelled ILO estimate),World Bank,2026-10-09
FRA,France,2025,SL.UEM.TOTL.ZS,7.542,% of labour force (modelled ILO estimate),World Bank,2026-10-09
GRC,Greece,2010,SL.UEM.TOTL.ZS,12.719,% of labour force (modelled ILO estimate),World Bank,2026-10-09
GRC,Greece,2011,SL.UEM.TOTL.ZS,17.973,% of labour force (modelled ILO estimate),World Bank,2026-10-09
GRC,Greece,2012,SL.UEM.TOTL.ZS,24.731,% of labour force (modelled ILO estimate),World Bank,2026-10-09
GRC,Greece,2013,SL.UEM.TOTL.ZS,27.686,% of labour force (modelled ILO estimate),World Bank,2026-10-09
GRC,Greece,2014,SL.UEM.TOTL.ZS,26.708,% of labour force (modelled ILO estimate),World Bank,2026-10-09
GRC,Greece,2015,SL.UEM.TOTL.ZS,24.981,% of labour force (modelled ILO estimate),World Bank,2026-10-09
GRC,Greece,2016,SL.UEM.TOTL.ZS,23.514,% of labour force (modelled ILO estimate),World Bank,2026-10-09
GRC,Greece,2017,SL.UEM.TOTL.ZS,21.413,% of labour force (modelled ILO estimate),World Bank,2026-10-09
GRC,Greece,2018,SL.UEM.TOTL.ZS,19.179,% of labour force (modelled ILO estimate),World Bank,2026-10-09
GRC,Greece,2019,SL.UEM.TOTL.ZS,17.045,% of labour force (modelled ILO estimate),World Bank,2026-10-09
GRC,Greece,2020,SL.UEM.TOTL.ZS,15.899,% of labour force (modelled ILO estimate),World Bank,2026-10-09
GRC,Greece,2021,SL.UEM.TOTL.ZS,14.656,% of labour force (modelled ILO estimate),World Bank,2026-10-09
GRC,Greece,2022,SL.UEM.TOTL.ZS,12.426,% of labour force (modelled ILO estimate),World Bank,2026-10-09
GRC,Greece,2023,SL.UEM.TOTL.ZS,11.023,% of labour force (modelled ILO estimate),World Bank,2026-10-09
GRC,Greece,2024,SL.UEM.TOTL.ZS,10.02,% of labour force (modelled ILO estimate),World Bank,2026-10-09
GRC,Greece,2025,SL.UEM.TOTL.ZS,8.54,% of labour force (modelled ILO estimate),World Bank,2026-10-09
HRV,Croatia,2010,SL.UEM.TOTL.ZS,11.62,% of labour force (modelled ILO estimate),World Bank,2026-10-09
HRV,Croatia,2011,SL.UEM.TOTL.ZS,13.678,% of labour force (modelled ILO estimate),World Bank,2026-10-09
HRV,Croatia,2012,SL.UEM.TOTL.ZS,16.046,% of labour force (modelled ILO estimate),World Bank,2026-10-09
HRV,Croatia,2013,SL.UEM.TOTL.ZS,17.231,% of labour force (modelled ILO estimate),World Bank,2026-10-09
HRV,Croatia,2014,SL.UEM.TOTL.ZS,17.209,% of labour force (modelled ILO estimate),World Bank,2026-10-09
HRV,Croatia,2015,SL.UEM.TOTL.ZS,16.15,% of labour force (modelled ILO estimate),World Bank,2026-10-09
HRV,Croatia,2016,SL.UEM.TOTL.ZS,13.015,% of labour force (modelled ILO estimate),World Bank,2026-10-09
HRV,Croatia,2017,SL.UEM.TOTL.ZS,11.078,% of labour force (modelled ILO estimate),World Bank,2026-10-09
HRV,Croatia,2018,SL.UEM.TOTL.ZS,8.322,% of labour force (modelled ILO estimate),World Bank,2026-10-09
HRV,Croatia,2019,SL.UEM.TOTL.ZS,6.551,% of labour force (modelled ILO estimate),World Bank,2026-10-09
HRV,Croatia,2020,SL.UEM.TOTL.ZS,7.389,% of labour force (modelled ILO estimate),World Bank,2026-10-09
HRV,Croatia,2021,SL.UEM.TOTL.ZS,7.483,% of labour force (modelled ILO estimate),World Bank,2026-10-09
HRV,Croatia,2022,SL.UEM.TOTL.ZS,6.811,% of labour force (modelled ILO estimate),World Bank,2026-10-09
HRV,Croatia,2023,SL.UEM.TOTL.ZS,6.121,% of labour force (modelled ILO estimate),World Bank,2026-10-09
HRV,Croatia,2024,SL.UEM.TOTL.ZS,5.0,% of labour force (modelled ILO estimate),World Bank,2026-10-09
HRV,Croatia,2025,SL.UEM.TOTL.ZS,5.002,% of labour force (modelled ILO estimate),World Bank,2026-10-09
HUN,Hungary,2010,SL.UEM.TOTL.ZS,11.172,% of labour force (modelled ILO estimate),World Bank,2026-10-09
HUN,Hungary,2011,SL.UEM.TOTL.ZS,11.029,% of labour force (modelled ILO estimate),World Bank,2026-10-09
HUN,Hungary,2012,SL.UEM.TOTL.ZS,11.003,% of labour force (modelled ILO estimate),World Bank,2026-10-09
HUN,Hungary,2013,SL.UEM.TOTL.ZS,10.177,% of labour force (modelled ILO estimate),World Bank,2026-10-09
HUN,Hungary,2014,SL.UEM.TOTL.ZS,7.725,% of labour force (modelled ILO estimate),World Bank,2026-10-09
HUN,Hungary,2015,SL.UEM.TOTL.ZS,6.813,% of labour force (modelled ILO estimate),World Bank,2026-10-09
HUN,Hungary,2016,SL.UEM.TOTL.ZS,5.115,% of labour force (modelled ILO estimate),World Bank,2026-10-09
HUN,Hungary,2017,SL.UEM.TOTL.ZS,4.156,% of labour force (modelled ILO estimate),World Bank,2026-10-09
HUN,Hungary,2018,SL.UEM.TOTL.ZS,3.667,% of labour force (modelled ILO estimate),World Bank,2026-10-09
HUN,Hungary,2019,SL.UEM.TOTL.ZS,3.411,% of labour force (modelled ILO estimate),World Bank,2026-10-09
HUN,Hungary,2020,SL.UEM.TOTL.ZS,4.248,% of labour force (modelled ILO estimate),World Bank,2026-10-09
HUN,Hungary,2021,SL.UEM.TOTL.ZS,4.021,% of labour force (modelled ILO estimate),World Bank,2026-10-09
HUN,Hungary,2022,SL.UEM.TOTL.ZS,3.583,% of labour force (modelled ILO estimate),World Bank,2026-10-09
HUN,Hungary,2023,SL.UEM.TOTL.ZS,4.096,% of labour force (modelled ILO estimate),World Bank,2026-10-09
HUN,Hungary,2024,SL.UEM.TOTL.ZS,4.5,% of labour force (modelled ILO estimate),World Bank,2026-10-09
HUN,Hungary,2025,SL.UEM.TOTL.ZS,4.521,% of labour force (modelled ILO estimate),World Bank,2026-10-09
IRL,Ireland,2010,SL.UEM.TOTL.ZS,14.534,% of labour force (modelled ILO estimate),World Bank,2026-10-09
IRL,Ireland,2011,SL.UEM.TOTL.ZS,15.354,% of labour force (modelled ILO estimate),World Bank,2026-10-09
IRL,Ireland,2012,SL.UEM.TOTL.ZS,15.451,% of labour force (modelled ILO estimate),World Bank,2026-10-09
IRL,Ireland,2013,SL.UEM.TOTL.ZS,13.735,% of labour force (modelled ILO estimate),World Bank,2026-10-09
IRL,Ireland,2014,SL.UEM.TOTL.ZS,11.858,% of labour force (modelled ILO estimate),World Bank,2026-10-09
IRL,Ireland,2015,SL.UEM.TOTL.ZS,9.908,% of labour force (modelled ILO estimate),World Bank,2026-10-09
IRL,Ireland,2016,SL.UEM.TOTL.ZS,8.374,% of labour force (modelled ILO estimate),World Bank,2026-10-09
IRL,Ireland,2017,SL.UEM.TOTL.ZS,6.713,% of labour force (modelled ILO estimate),World Bank,2026-10-09
IRL,Ireland,2018,SL.UEM.TOTL.ZS,5.741,% of labour force (modelled ILO estimate),World Bank,2026-10-09
IRL,Ireland,2019,SL.UEM.TOTL.ZS,4.95,% of labour force (modelled ILO estimate),World Bank,2026-10-09
IRL,Ireland,2020,SL.UEM.TOTL.ZS,5.623,% of labour force (modelled ILO estimate),World Bank,2026-10-09
IRL,Ireland,2021,SL.UEM.TOTL.ZS,6.357,% of labour force (modelled ILO estimate),World Bank,2026-10-09
IRL,Ireland,2022,SL.UEM.TOTL.ZS,4.465,% of labour force (modelled ILO estimate),World Bank,2026-10-09
IRL,Ireland,2023,SL.UEM.TOTL.ZS,4.243,% of labour force (modelled ILO estimate),World Bank,2026-10-09
IRL,Ireland,2024,SL.UEM.TOTL.ZS,4.3,% of labour force (modelled ILO estimate),World Bank,2026-10-09
IRL,Ireland,2025,SL.UEM.TOTL.ZS,4.632,% of labour force (modelled ILO estimate),World Bank,2026-10-09
ITA,Italy,2010,SL.UEM.TOTL.ZS,8.363,% of labour force (modelled ILO estimate),World Bank,2026-10-09
ITA,Italy,2011,SL.UEM.TOTL.ZS,8.359,% of labour force (modelled ILO estimate),World Bank,2026-10-09
ITA,Italy,2012,SL.UEM.TOTL.ZS,10.655,% of labour force (modelled ILO estimate),World Bank,2026-10-09
ITA,Italy,2013,SL.UEM.TOTL.ZS,12.149,% of labour force (modelled ILO estimate),World Bank,2026-10-09
ITA,Italy,2014,SL.UEM.TOTL.ZS,12.683,% of labour force (modelled ILO estimate),World Bank,2026-10-09
ITA,Italy,2015,SL.UEM.TOTL.ZS,11.896,% of labour force (modelled ILO estimate),World Bank,2026-10-09
ITA,Italy,2016,SL.UEM.TOTL.ZS,11.688,% of labour force (modelled ILO estimate),World Bank,2026-10-09
ITA,Italy,2017,SL.UEM.TOTL.ZS,11.211,% of labour force (modelled ILO estimate),World Bank,2026-10-09
ITA,Italy,2018,SL.UEM.TOTL.ZS,10.538,% of labour force (modelled ILO estimate),World Bank,2026-10-09
ITA,Italy,2019,SL.UEM.TOTL.ZS,9.884,% of labour force (modelled ILO estimate),World Bank,2026-10-09
ITA,Italy,2020,SL.UEM.TOTL.ZS,9.192,% of labour force (modelled ILO estimate),World Bank,2026-10-09
ITA,Italy,2021,SL.UEM.TOTL.ZS,9.497,% of labour force (modelled ILO estimate),World Bank,2026-10-09
ITA,Italy,2022,SL.UEM.TOTL.ZS,8.069,% of labour force (modelled ILO estimate),World Bank,2026-10-09
ITA,Italy,2023,SL.UEM.TOTL.ZS,7.627,% of labour force (modelled ILO estimate),World Bank,2026-10-09
ITA,Italy,2024,SL.UEM.TOTL.ZS,6.5,% of labour force (modelled ILO estimate),World Bank,2026-10-09
ITA,Italy,2025,SL.UEM.TOTL.ZS,6.391,% of labour force (modelled ILO estimate),World Bank,2026-10-09
LTU,Lithuania,2010,SL.UEM.TOTL.ZS,17.814,% of labour force (modelled ILO estimate),World Bank,2026-10-09
LTU,Lithuania,2011,SL.UEM.TOTL.ZS,15.39,% of labour force (modelled ILO estimate),World Bank,2026-10-09
LTU,Lithuania,2012,SL.UEM.TOTL.ZS,13.365,% of labour force (modelled ILO estimate),World Bank,2026-10-09
LTU,Lithuania,2013,SL.UEM.TOTL.ZS,11.77,% of labour force (modelled ILO estimate),World Bank,2026-10-09
LTU,Lithuania,2014,SL.UEM.TOTL.ZS,10.698,% of labour force (modelled ILO estimate),World Bank,2026-10-09
LTU,Lithuania,2015,SL.UEM.TOTL.ZS,9.12,% of labour force (modelled ILO estimate),World Bank,2026-10-09
LTU,Lithuania,2016,SL.UEM.TOTL.ZS,7.862,% of labour force (modelled ILO estimate),World Bank,2026-10-09
LTU,Lithuania,2017,SL.UEM.TOTL.ZS,7.073,% of labour force (modelled ILO estimate),World Bank,2026-10-09
LTU,Lithuania,2018,SL.UEM.TOTL.ZS,6.147,% of labour force (modelled ILO estimate),World Bank,2026-10-09
LTU,Lithuania,2019,SL.UEM.TOTL.ZS,6.255,% of labour force (modelled ILO estimate),World Bank,2026-10-09
LTU,Lithuania,2020,SL.UEM.TOTL.ZS,8.487,% of labour force (modelled ILO estimate),World Bank,2026-10-09
LTU,Lithuania,2021,SL.UEM.TOTL.ZS,7.112,% of labour force (modelled ILO estimate),World Bank,2026-10-09
LTU,Lithuania,2022,SL.UEM.TOTL.ZS,5.955,% of labour force (modelled ILO estimate),World Bank,2026-10-09
LTU,Lithuania,2023,SL.UEM.TOTL.ZS,6.841,% of labour force (modelled ILO estimate),World Bank,2026-10-09
LTU,Lithuania,2024,SL.UEM.TOTL.ZS,6.851,% of labour force (modelled ILO estimate),World Bank,2026-10-09
LTU,Lithuania,2025,SL.UEM.TOTL.ZS,6.731,% of labour force (modelled ILO estimate),World Bank,2026-10-09
LUX,Luxembourg,2010,SL.UEM.TOTL.ZS,4.423,% of labour force (modelled ILO estimate),World Bank,2026-10-09
LUX,Luxembourg,2011,SL.UEM.TOTL.ZS,5.122,% of labour force (modelled ILO estimate),World Bank,2026-10-09
LUX,Luxembourg,2012,SL.UEM.TOTL.ZS,5.03,% of labour force (modelled ILO estimate),World Bank,2026-10-09
LUX,Luxembourg,2013,SL.UEM.TOTL.ZS,6.045,% of labour force (modelled ILO estimate),World Bank,2026-10-09
LUX,Luxembourg,2014,SL.UEM.TOTL.ZS,6.044,% of labour force (modelled ILO estimate),World Bank,2026-10-09
LUX,Luxembourg,2015,SL.UEM.TOTL.ZS,6.796,% of labour force (modelled ILO estimate),World Bank,2026-10-09
LUX,Luxembourg,2016,SL.UEM.TOTL.ZS,6.669,% of labour force (modelled ILO estimate),World Bank,2026-10-09
LUX,Luxembourg,2017,SL.UEM.TOTL.ZS,5.523,% of labour force (modelled ILO estimate),World Bank,2026-10-09
LUX,Luxembourg,2018,SL.UEM.TOTL.ZS,5.589,% of labour force (modelled ILO estimate),World Bank,2026-10-09
LUX,Luxembourg,2019,SL.UEM.TOTL.ZS,5.592,% of labour force (modelled ILO estimate),World Bank,2026-10-09
LUX,Luxembourg,2020,SL.UEM.TOTL.ZS,6.766,% of labour force (modelled ILO estimate),World Bank,2026-10-09
LUX,Luxembourg,2021,SL.UEM.TOTL.ZS,5.571,% of labour force (modelled ILO estimate),World Bank,2026-10-09
LUX,Luxembourg,2022,SL.UEM.TOTL.ZS,4.588,% of labour force (modelled ILO estimate),World Bank,2026-10-09
LUX,Luxembourg,2023,SL.UEM.TOTL.ZS,5.184,% of labour force (modelled ILO estimate),World Bank,2026-10-09
LUX,Luxembourg,2024,SL.UEM.TOTL.ZS,6.4,% of labour force (modelled ILO estimate),World Bank,2026-10-09
LUX,Luxembourg,2025,SL.UEM.TOTL.ZS,6.343,% of labour force (modelled ILO estimate),World Bank,2026-10-09
LVA,Latvia,2010,SL.UEM.TOTL.ZS,19.482,% of labour force (modelled ILO estimate),World Bank,2026-10-09
LVA,Latvia,2011,SL.UEM.TOTL.ZS,16.206,% of labour force (modelled ILO estimate),World Bank,2026-10-09
LVA,Latvia,2012,SL.UEM.TOTL.ZS,15.047,% of labour force (modelled ILO estimate),World Bank,2026-10-09
LVA,Latvia,2013,SL.UEM.TOTL.ZS,11.867,% of labour force (modelled ILO estimate),World Bank,2026-10-09
LVA,Latvia,2014,SL.UEM.TOTL.ZS,10.846,% of labour force (modelled ILO estimate),World Bank,2026-10-09
LVA,Latvia,2015,SL.UEM.TOTL.ZS,9.873,% of labour force (modelled ILO estimate),World Bank,2026-10-09
LVA,Latvia,2016,SL.UEM.TOTL.ZS,9.643,% of labour force (modelled ILO estimate),World Bank,2026-10-09
LVA,Latvia,2017,SL.UEM.TOTL.ZS,8.715,% of labour force (modelled ILO estimate),World Bank,2026-10-09
LVA,Latvia,2018,SL.UEM.TOTL.ZS,7.412,% of labour force (modelled ILO estimate),World Bank,2026-10-09
LVA,Latvia,2019,SL.UEM.TOTL.ZS,6.312,% of labour force (modelled ILO estimate),World Bank,2026-10-09
LVA,Latvia,2020,SL.UEM.TOTL.ZS,8.098,% of labour force (modelled ILO estimate),World Bank,2026-10-09
LVA,Latvia,2021,SL.UEM.TOTL.ZS,7.513,% of labour force (modelled ILO estimate),World Bank,2026-10-09
LVA,Latvia,2022,SL.UEM.TOTL.ZS,6.815,% of labour force (modelled ILO estimate),World Bank,2026-10-09
LVA,Latvia,2023,SL.UEM.TOTL.ZS,6.465,% of labour force (modelled ILO estimate),World Bank,2026-10-09
LVA,Latvia,2024,SL.UEM.TOTL.ZS,6.9,% of labour force (modelled ILO estimate),World Bank,2026-10-09
LVA,Latvia,2025,SL.UEM.TOTL.ZS,6.568,% of labour force (modelled ILO estimate),World Bank,2026-10-09
MKD,North Macedonia,2010,SL.UEM.TOTL.ZS,33.135,% of labour force (modelled ILO estimate),World Bank,2026-10-09
MKD,North Macedonia,2011,SL.UEM.TOTL.ZS,31.502,% of labour force (modelled ILO estimate),World Bank,2026-10-09
MKD,North Macedonia,2012,SL.UEM.TOTL.ZS,31.096,% of labour force (modelled ILO estimate),World Bank,2026-10-09
MKD,North Macedonia,2013,SL.UEM.TOTL.ZS,29.017,% of labour force (modelled ILO estimate),World Bank,2026-10-09
MKD,North Macedonia,2014,SL.UEM.TOTL.ZS,28.215,% of labour force (modelled ILO estimate),World Bank,2026-10-09
MKD,North Macedonia,2015,SL.UEM.TOTL.ZS,26.395,% of labour force (modelled ILO estimate),World Bank,2026-10-09
MKD,North Macedonia,2016,SL.UEM.TOTL.ZS,24.312,% of labour force (modelled ILO estimate),World Bank,2026-10-09
MKD,North Macedonia,2017,SL.UEM.TOTL.ZS,22.857,% of labour force (modelled ILO estimate),World Bank,2026-10-09
MKD,North Macedonia,2018,SL.UEM.TOTL.ZS,21.208,% of labour force (modelled ILO estimate),World Bank,2026-10-09
MKD,North Macedonia,2019,SL.UEM.TOTL.ZS,17.414,% of labour force (modelled ILO estimate),World Bank,2026-10-09
MKD,North Macedonia,2020,SL.UEM.TOTL.ZS,16.575,% of labour force (modelled ILO estimate),World Bank,2026-10-09
MKD,North Macedonia,2021,SL.UEM.TOTL.ZS,15.801,% of labour force (modelled ILO estimate),World Bank,2026-10-09
MKD,North Macedonia,2022,SL.UEM.TOTL.ZS,14.476,% of labour force (modelled ILO estimate),World Bank,2026-10-09
MKD,North Macedonia,2023,SL.UEM.TOTL.ZS,13.174,% of labour force (modelled ILO estimate),World Bank,2026-10-09
MKD,North Macedonia,2024,SL.UEM.TOTL.ZS,12.265,% of labour force (modelled ILO estimate),World Bank,2026-10-09
MKD,North Macedonia,2025,SL.UEM.TOTL.ZS,12.256,% of labour force (modelled ILO estimate),World Bank,2026-10-09
MLT,Malta,2010,SL.UEM.TOTL.ZS,6.861,% of labour force (modelled ILO estimate),World Bank,2026-10-09
MLT,Malta,2011,SL.UEM.TOTL.ZS,6.388,% of labour force (modelled ILO estimate),World Bank,2026-10-09
MLT,Malta,2012,SL.UEM.TOTL.ZS,6.203,% of labour force (modelled ILO estimate),World Bank,2026-10-09
MLT,Malta,2013,SL.UEM.TOTL.ZS,6.115,% of labour force (modelled ILO estimate),World Bank,2026-10-09
MLT,Malta,2014,SL.UEM.TOTL.ZS,5.737,% of labour force (modelled ILO estimate),World Bank,2026-10-09
MLT,Malta,2015,SL.UEM.TOTL.ZS,5.389,% of labour force (modelled ILO estimate),World Bank,2026-10-09
MLT,Malta,2016,SL.UEM.TOTL.ZS,4.694,% of labour force (modelled ILO estimate),World Bank,2026-10-09
MLT,Malta,2017,SL.UEM.TOTL.ZS,4.008,% of labour force (modelled ILO estimate),World Bank,2026-10-09
MLT,Malta,2018,SL.UEM.TOTL.ZS,3.956,% of labour force (modelled ILO estimate),World Bank,2026-10-09
MLT,Malta,2019,SL.UEM.TOTL.ZS,4.08,% of labour force (modelled ILO estimate),World Bank,2026-10-09
MLT,Malta,2020,SL.UEM.TOTL.ZS,4.856,% of labour force (modelled ILO estimate),World Bank,2026-10-09
MLT,Malta,2021,SL.UEM.TOTL.ZS,3.754,% of labour force (modelled ILO estimate),World Bank,2026-10-09
MLT,Malta,2022,SL.UEM.TOTL.ZS,3.471,% of labour force (modelled ILO estimate),World Bank,2026-10-09
MLT,Malta,2023,SL.UEM.TOTL.ZS,3.479,% of labour force (modelled ILO estimate),World Bank,2026-10-09
MLT,Malta,2024,SL.UEM.TOTL.ZS,3.1,% of labour force (modelled ILO estimate),World Bank,2026-10-09
MLT,Malta,2025,SL.UEM.TOTL.ZS,2.896,% of labour force (modelled ILO estimate),World Bank,2026-10-09
MNE,Montenegro,2010,SL.UEM.TOTL.ZS,19.649,% of labour force (modelled ILO estimate),World Bank,2026-10-09
MNE,Montenegro,2011,SL.UEM.TOTL.ZS,19.759,% of labour force (modelled ILO estimate),World Bank,2026-10-09
MNE,Montenegro,2012,SL.UEM.TOTL.ZS,19.808,% of labour force (modelled ILO estimate),World Bank,2026-10-09
MNE,Montenegro,2013,SL.UEM.TOTL.ZS,19.585,% of labour force (modelled ILO estimate),World Bank,2026-10-09
MNE,Montenegro,2014,SL.UEM.TOTL.ZS,18.054,% of labour force (modelled ILO estimate),World Bank,2026-10-09
MNE,Montenegro,2015,SL.UEM.TOTL.ZS,17.555,% of labour force (modelled ILO estimate),World Bank,2026-10-09
MNE,Montenegro,2016,SL.UEM.TOTL.ZS,17.732,% of labour force (modelled ILO estimate),World Bank,2026-10-09
MNE,Montenegro,2017,SL.UEM.TOTL.ZS,16.082,% of labour force (modelled ILO estimate),World Bank,2026-10-09
MNE,Montenegro,2018,SL.UEM.TOTL.ZS,15.19,% of labour force (modelled ILO estimate),World Bank,2026-10-09
MNE,Montenegro,2019,SL.UEM.TOTL.ZS,15.128,% of labour force (modelled ILO estimate),World Bank,2026-10-09
MNE,Montenegro,2020,SL.UEM.TOTL.ZS,17.878,% of labour force (modelled ILO estimate),World Bank,2026-10-09
MNE,Montenegro,2021,SL.UEM.TOTL.ZS,16.543,% of labour force (modelled ILO estimate),World Bank,2026-10-09
MNE,Montenegro,2022,SL.UEM.TOTL.ZS,14.851,% of labour force (modelled ILO estimate),World Bank,2026-10-09
MNE,Montenegro,2023,SL.UEM.TOTL.ZS,13.146,% of labour force (modelled ILO estimate),World Bank,2026-10-09
MNE,Montenegro,2024,SL.UEM.TOTL.ZS,13.206,% of labour force (modelled ILO estimate),World Bank,2026-10-09
MNE,Montenegro,2025,SL.UEM.TOTL.ZS,13.572,% of labour force (modelled ILO estimate),World Bank,2026-10-09
NLD,Netherlands,2010,SL.UEM.TOTL.ZS,4.991,% of labour force (modelled ILO estimate),World Bank,2026-10-09
NLD,Netherlands,2011,SL.UEM.TOTL.ZS,4.977,% of labour force (modelled ILO estimate),World Bank,2026-10-09
NLD,Netherlands,2012,SL.UEM.TOTL.ZS,5.821,% of labour force (modelled ILO estimate),World Bank,2026-10-09
NLD,Netherlands,2013,SL.UEM.TOTL.ZS,7.241,% of labour force (modelled ILO estimate),World Bank,2026-10-09
NLD,Netherlands,2014,SL.UEM.TOTL.ZS,7.419,% of labour force (modelled ILO estimate),World Bank,2026-10-09
NLD,Netherlands,2015,SL.UEM.TOTL.ZS,6.872,% of labour force (modelled ILO estimate),World Bank,2026-10-09
NLD,Netherlands,2016,SL.UEM.TOTL.ZS,6.007,% of labour force (modelled ILO estimate),World Bank,2026-10-09
NLD,Netherlands,2017,SL.UEM.TOTL.ZS,4.837,% of labour force (modelled ILO estimate),World Bank,2026-10-09
NLD,Netherlands,2018,SL.UEM.TOTL.ZS,3.832,% of labour force (modelled ILO estimate),World Bank,2026-10-09
NLD,Netherlands,2019,SL.UEM.TOTL.ZS,3.379,% of labour force (modelled ILO estimate),World Bank,2026-10-09
NLD,Netherlands,2020,SL.UEM.TOTL.ZS,3.82,% of labour force (modelled ILO estimate),World Bank,2026-10-09
NLD,Netherlands,2021,SL.UEM.TOTL.ZS,4.209,% of labour force (modelled ILO estimate),World Bank,2026-10-09
NLD,Netherlands,2022,SL.UEM.TOTL.ZS,3.526,% of labour force (modelled ILO estimate),World Bank,2026-10-09
NLD,Netherlands,2023,SL.UEM.TOTL.ZS,3.535,% of labour force (modelled ILO estimate),World Bank,2026-10-09
NLD,Netherlands,2024,SL.UEM.TOTL.ZS,3.7,% of labour force (modelled ILO estimate),World Bank,2026-10-09
NLD,Netherlands,2025,SL.UEM.TOTL.ZS,3.874,% of labour force (modelled ILO estimate),World Bank,2026-10-09
POL,Poland,2010,SL.UEM.TOTL.ZS,9.578,% of labour force (modelled ILO estimate),World Bank,2026-10-09
POL,Poland,2011,SL.UEM.TOTL.ZS,9.576,% of labour force (modelled ILO estimate),World Bank,2026-10-09
POL,Poland,2012,SL.UEM.TOTL.ZS,10.031,% of labour force (modelled ILO estimate),World Bank,2026-10-09
POL,Poland,2013,SL.UEM.TOTL.ZS,10.293,% of labour force (modelled ILO estimate),World Bank,2026-10-09
POL,Poland,2014,SL.UEM.TOTL.ZS,8.971,% of labour force (modelled ILO estimate),World Bank,2026-10-09
POL,Poland,2015,SL.UEM.TOTL.ZS,7.475,% of labour force (modelled ILO estimate),World Bank,2026-10-09
POL,Poland,2016,SL.UEM.TOTL.ZS,6.141,% of labour force (modelled ILO estimate),World Bank,2026-10-09
POL,Poland,2017,SL.UEM.TOTL.ZS,4.867,% of labour force (modelled ILO estimate),World Bank,2026-10-09
POL,Poland,2018,SL.UEM.TOTL.ZS,3.835,% of labour force (modelled ILO estimate),World Bank,2026-10-09
POL,Poland,2019,SL.UEM.TOTL.ZS,3.267,% of labour force (modelled ILO estimate),World Bank,2026-10-09
POL,Poland,2020,SL.UEM.TOTL.ZS,3.155,% of labour force (modelled ILO estimate),World Bank,2026-10-09
POL,Poland,2021,SL.UEM.TOTL.ZS,3.268,% of labour force (modelled ILO estimate),World Bank,2026-10-09
POL,Poland,2022,SL.UEM.TOTL.ZS,2.811,% of labour force (modelled ILO estimate),World Bank,2026-10-09
POL,Poland,2023,SL.UEM.TOTL.ZS,2.743,% of labour force (modelled ILO estimate),World Bank,2026-10-09
POL,Poland,2024,SL.UEM.TOTL.ZS,2.807,% of labour force (modelled ILO estimate),World Bank,2026-10-09
POL,Poland,2025,SL.UEM.TOTL.ZS,2.976,% of labour force (modelled ILO estimate),World Bank,2026-10-09
PRT,Portugal,2010,SL.UEM.TOTL.ZS,10.771,% of labour force (modelled ILO estimate),World Bank,2026-10-09
PRT,Portugal,2011,SL.UEM.TOTL.ZS,12.715,% of labour force (modelled ILO estimate),World Bank,2026-10-09
PRT,Portugal,2012,SL.UEM.TOTL.ZS,15.509,% of labour force (modelled ILO estimate),World Bank,2026-10-09
PRT,Portugal,2013,SL.UEM.TOTL.ZS,16.237,% of labour force (modelled ILO estimate),World Bank,2026-10-09
PRT,Portugal,2014,SL.UEM.TOTL.ZS,13.88,% of labour force (modelled ILO estimate),World Bank,2026-10-09
PRT,Portugal,2015,SL.UEM.TOTL.ZS,12.405,% of labour force (modelled ILO estimate),World Bank,2026-10-09
PRT,Portugal,2016,SL.UEM.TOTL.ZS,11.058,% of labour force (modelled ILO estimate),World Bank,2026-10-09
PRT,Portugal,2017,SL.UEM.TOTL.ZS,8.878,% of labour force (modelled ILO estimate),World Bank,2026-10-09
PRT,Portugal,2018,SL.UEM.TOTL.ZS,6.966,% of labour force (modelled ILO estimate),World Bank,2026-10-09
PRT,Portugal,2019,SL.UEM.TOTL.ZS,6.422,% of labour force (modelled ILO estimate),World Bank,2026-10-09
PRT,Portugal,2020,SL.UEM.TOTL.ZS,6.85,% of labour force (modelled ILO estimate),World Bank,2026-10-09
PRT,Portugal,2021,SL.UEM.TOTL.ZS,6.712,% of labour force (modelled ILO estimate),World Bank,2026-10-09
PRT,Portugal,2022,SL.UEM.TOTL.ZS,6.138,% of labour force (modelled ILO estimate),World Bank,2026-10-09
PRT,Portugal,2023,SL.UEM.TOTL.ZS,6.498,% of labour force (modelled ILO estimate),World Bank,2026-10-09
PRT,Portugal,2024,SL.UEM.TOTL.ZS,6.5,% of labour force (modelled ILO estimate),World Bank,2026-10-09
PRT,Portugal,2025,SL.UEM.TOTL.ZS,6.164,% of labour force (modelled ILO estimate),World Bank,2026-10-09
ROU,Romania,2010,SL.UEM.TOTL.ZS,6.959,% of labour force (modelled ILO estimate),World Bank,2026-10-09
ROU,Romania,2011,SL.UEM.TOTL.ZS,7.177,% of labour force (modelled ILO estimate),World Bank,2026-10-09
ROU,Romania,2012,SL.UEM.TOTL.ZS,6.794,% of labour force (modelled ILO estimate),World Bank,2026-10-09
ROU,Romania,2013,SL.UEM.TOTL.ZS,7.096,% of labour force (modelled ILO estimate),World Bank,2026-10-09
ROU,Romania,2014,SL.UEM.TOTL.ZS,6.802,% of labour force (modelled ILO estimate),World Bank,2026-10-09
ROU,Romania,2015,SL.UEM.TOTL.ZS,6.812,% of labour force (modelled ILO estimate),World Bank,2026-10-09
ROU,Romania,2016,SL.UEM.TOTL.ZS,5.901,% of labour force (modelled ILO estimate),World Bank,2026-10-09
ROU,Romania,2017,SL.UEM.TOTL.ZS,4.927,% of labour force (modelled ILO estimate),World Bank,2026-10-09
ROU,Romania,2018,SL.UEM.TOTL.ZS,4.187,% of labour force (modelled ILO estimate),World Bank,2026-10-09
ROU,Romania,2019,SL.UEM.TOTL.ZS,3.912,% of labour force (modelled ILO estimate),World Bank,2026-10-09
ROU,Romania,2020,SL.UEM.TOTL.ZS,5.035,% of labour force (modelled ILO estimate),World Bank,2026-10-09
ROU,Romania,2021,SL.UEM.TOTL.ZS,5.59,% of labour force (modelled ILO estimate),World Bank,2026-10-09
ROU,Romania,2022,SL.UEM.TOTL.ZS,5.614,% of labour force (modelled ILO estimate),World Bank,2026-10-09
ROU,Romania,2023,SL.UEM.TOTL.ZS,5.589,% of labour force (modelled ILO estimate),World Bank,2026-10-09
ROU,Romania,2024,SL.UEM.TOTL.ZS,5.4,% of labour force (modelled ILO estimate),World Bank,2026-10-09
ROU,Romania,2025,SL.UEM.TOTL.ZS,5.992,% of labour force (modelled ILO estimate),World Bank,2026-10-09
SRB,Serbia,2010,SL.UEM.TOTL.ZS,19.204,% of labour force (modelled ILO estimate),World Bank,2026-10-09
SRB,Serbia,2011,SL.UEM.TOTL.ZS,22.959,% of labour force (modelled ILO estimate),World Bank,2026-10-09
SRB,Serbia,2012,SL.UEM.TOTL.ZS,24.0,% of labour force (modelled ILO estimate),World Bank,2026-10-09
SRB,Serbia,2013,SL.UEM.TOTL.ZS,22.154,% of labour force (modelled ILO estimate),World Bank,2026-10-09
SRB,Serbia,2014,SL.UEM.TOTL.ZS,19.223,% of labour force (modelled ILO estimate),World Bank,2026-10-09
SRB,Serbia,2015,SL.UEM.TOTL.ZS,17.66,% of labour force (modelled ILO estimate),World Bank,2026-10-09
SRB,Serbia,2016,SL.UEM.TOTL.ZS,15.257,% of labour force (modelled ILO estimate),World Bank,2026-10-09
SRB,Serbia,2017,SL.UEM.TOTL.ZS,13.477,% of labour force (modelled ILO estimate),World Bank,2026-10-09
SRB,Serbia,2018,SL.UEM.TOTL.ZS,12.733,% of labour force (modelled ILO estimate),World Bank,2026-10-09
SRB,Serbia,2019,SL.UEM.TOTL.ZS,10.395,% of labour force (modelled ILO estimate),World Bank,2026-10-09
SRB,Serbia,2020,SL.UEM.TOTL.ZS,9.011,% of labour force (modelled ILO estimate),World Bank,2026-10-09
SRB,Serbia,2021,SL.UEM.TOTL.ZS,9.843,% of labour force (modelled ILO estimate),World Bank,2026-10-09
SRB,Serbia,2022,SL.UEM.TOTL.ZS,8.439,% of labour force (modelled ILO estimate),World Bank,2026-10-09
SRB,Serbia,2023,SL.UEM.TOTL.ZS,8.268,% of labour force (modelled ILO estimate),World Bank,2026-10-09
SRB,Serbia,2024,SL.UEM.TOTL.ZS,7.24,% of labour force (modelled ILO estimate),World Bank,2026-10-09
SRB,Serbia,2025,SL.UEM.TOTL.ZS,7.123,% of labour force (modelled ILO estimate),World Bank,2026-10-09
SVK,Slovakia,2010,SL.UEM.TOTL.ZS,14.387,% of labour force (modelled ILO estimate),World Bank,2026-10-09
SVK,Slovakia,2011,SL.UEM.TOTL.ZS,13.634,% of labour force (modelled ILO estimate),World Bank,2026-10-09
SVK,Slovakia,2012,SL.UEM.TOTL.ZS,13.966,% of labour force (modelled ILO estimate),World Bank,2026-10-09
SVK,Slovakia,2013,SL.UEM.TOTL.ZS,14.226,% of labour force (modelled ILO estimate),World Bank,2026-10-09
SVK,Slovakia,2014,SL.UEM.TOTL.ZS,11.536,% of labour force (modelled ILO estimate),World Bank,2026-10-09
SVK,Slovakia,2015,SL.UEM.TOTL.ZS,11.492,% of labour force (modelled ILO estimate),World Bank,2026-10-09
SVK,Slovakia,2016,SL.UEM.TOTL.ZS,9.679,% of labour force (modelled ILO estimate),World Bank,2026-10-09
SVK,Slovakia,2017,SL.UEM.TOTL.ZS,8.142,% of labour force (modelled ILO estimate),World Bank,2026-10-09
SVK,Slovakia,2018,SL.UEM.TOTL.ZS,6.544,% of labour force (modelled ILO estimate),World Bank,2026-10-09
SVK,Slovakia,2019,SL.UEM.TOTL.ZS,5.761,% of labour force (modelled ILO estimate),World Bank,2026-10-09
SVK,Slovakia,2020,SL.UEM.TOTL.ZS,6.719,% of labour force (modelled ILO estimate),World Bank,2026-10-09
SVK,Slovakia,2021,SL.UEM.TOTL.ZS,6.894,% of labour force (modelled ILO estimate),World Bank,2026-10-09
SVK,Slovakia,2022,SL.UEM.TOTL.ZS,6.143,% of labour force (modelled ILO estimate),World Bank,2026-10-09
SVK,Slovakia,2023,SL.UEM.TOTL.ZS,5.843,% of labour force (modelled ILO estimate),World Bank,2026-10-09
SVK,Slovakia,2024,SL.UEM.TOTL.ZS,5.3,% of labour force (modelled ILO estimate),World Bank,2026-10-09
SVK,Slovakia,2025,SL.UEM.TOTL.ZS,5.359,% of labour force (modelled ILO estimate),World Bank,2026-10-09
SVN,Slovenia,2010,SL.UEM.TOTL.ZS,7.236,% of labour force (modelled ILO estimate),World Bank,2026-10-09
SVN,Slovenia,2011,SL.UEM.TOTL.ZS,8.166,% of labour force (modelled ILO estimate),World Bank,2026-10-09
SVN,Slovenia,2012,SL.UEM.TOTL.ZS,8.841,% of labour force (modelled ILO estimate),World Bank,2026-10-09
SVN,Slovenia,2013,SL.UEM.TOTL.ZS,10.103,% of labour force (modelled ILO estimate),World Bank,2026-10-09
SVN,Slovenia,2014,SL.UEM.TOTL.ZS,9.668,% of labour force (modelled ILO estimate),World Bank,2026-10-09
SVN,Slovenia,2015,SL.UEM.TOTL.ZS,8.962,% of labour force (modelled ILO estimate),World Bank,2026-10-09
SVN,Slovenia,2016,SL.UEM.TOTL.ZS,8.0,% of labour force (modelled ILO estimate),World Bank,2026-10-09
SVN,Slovenia,2017,SL.UEM.TOTL.ZS,6.564,% of labour force (modelled ILO estimate),World Bank,2026-10-09
SVN,Slovenia,2018,SL.UEM.TOTL.ZS,5.108,% of labour force (modelled ILO estimate),World Bank,2026-10-09
SVN,Slovenia,2019,SL.UEM.TOTL.ZS,4.446,% of labour force (modelled ILO estimate),World Bank,2026-10-09
SVN,Slovenia,2020,SL.UEM.TOTL.ZS,4.971,% of labour force (modelled ILO estimate),World Bank,2026-10-09
SVN,Slovenia,2021,SL.UEM.TOTL.ZS,4.744,% of labour force (modelled ILO estimate),World Bank,2026-10-09
SVN,Slovenia,2022,SL.UEM.TOTL.ZS,4.011,% of labour force (modelled ILO estimate),World Bank,2026-10-09
SVN,Slovenia,2023,SL.UEM.TOTL.ZS,3.652,% of labour force (modelled ILO estimate),World Bank,2026-10-09
SVN,Slovenia,2024,SL.UEM.TOTL.ZS,3.7,% of labour force (modelled ILO estimate),World Bank,2026-10-09
SVN,Slovenia,2025,SL.UEM.TOTL.ZS,3.175,% of labour force (modelled ILO estimate),World Bank,2026-10-09
SWE,Sweden,2010,SL.UEM.TOTL.ZS,8.61,% of labour force (modelled ILO estimate),World Bank,2026-10-09
SWE,Sweden,2011,SL.UEM.TOTL.ZS,7.804,% of labour force (modelled ILO estimate),World Bank,2026-10-09
SWE,Sweden,2012,SL.UEM.TOTL.ZS,7.976,% of labour force (modelled ILO estimate),World Bank,2026-10-09
SWE,Sweden,2013,SL.UEM.TOTL.ZS,8.052,% of labour force (modelled ILO estimate),World Bank,2026-10-09
SWE,Sweden,2014,SL.UEM.TOTL.ZS,7.954,% of labour force (modelled ILO estimate),World Bank,2026-10-09
SWE,Sweden,2015,SL.UEM.TOTL.ZS,7.432,% of labour force (modelled ILO estimate),World Bank,2026-10-09
SWE,Sweden,2016,SL.UEM.TOTL.ZS,6.99,% of labour force (modelled ILO estimate),World Bank,2026-10-09
SWE,Sweden,2017,SL.UEM.TOTL.ZS,6.718,% of labour force (modelled ILO estimate),World Bank,2026-10-09
SWE,Sweden,2018,SL.UEM.TOTL.ZS,6.365,% of labour force (modelled ILO estimate),World Bank,2026-10-09
SWE,Sweden,2019,SL.UEM.TOTL.ZS,6.833,% of labour force (modelled ILO estimate),World Bank,2026-10-09
SWE,Sweden,2020,SL.UEM.TOTL.ZS,8.291,% of labour force (modelled ILO estimate),World Bank,2026-10-09
SWE,Sweden,2021,SL.UEM.TOTL.ZS,8.803,% of labour force (modelled ILO estimate),World Bank,2026-10-09
SWE,Sweden,2022,SL.UEM.TOTL.ZS,7.417,% of labour force (modelled ILO estimate),World Bank,2026-10-09
SWE,Sweden,2023,SL.UEM.TOTL.ZS,7.611,% of labour force (modelled ILO estimate),World Bank,2026-10-09
SWE,Sweden,2024,SL.UEM.TOTL.ZS,8.4,% of labour force (modelled ILO estimate),World Bank,2026-10-09
SWE,Sweden,2025,SL.UEM.TOTL.ZS,8.694,% of labour force (modelled ILO estimate),World Bank,2026-10-09
ALB,Albania,2010,SP.DYN.LE00.IN,78.414,years,World Bank,2026-10-09
ALB,Albania,2011,SP.DYN.LE00.IN,78.303,years,World Bank,2026-10-09
ALB,Albania,2012,SP.DYN.LE00.IN,78.084,years,World Bank,2026-10-09
ALB,Albania,2013,SP.DYN.LE00.IN,77.995,years,World Bank,2026-10-09
ALB,Albania,2014,SP.DYN.LE00.IN,78.029,years,World Bank,2026-10-09
ALB,Albania,2015,SP.DYN.LE00.IN,78.358,years,World Bank,2026-10-09
ALB,Albania,2016,SP.DYN.LE00.IN,78.643,years,World Bank,2026-10-09
ALB,Albania,2017,SP.DYN.LE00.IN,78.9,years,World Bank,2026-10-09
ALB,Albania,2018,SP.DYN.LE00.IN,79.238,years,World Bank,2026-10-09
ALB,Albania,2019,SP.DYN.LE00.IN,79.467,years,World Bank,2026-10-09
ALB,Albania,2020,SP.DYN.LE00.IN,77.824,years,World Bank,2026-10-09
ALB,Albania,2021,SP.DYN.LE00.IN,76.844,years,World Bank,2026-10-09
ALB,Albania,2022,SP.DYN.LE00.IN,78.769,years,World Bank,2026-10-09
ALB,Albania,2023,SP.DYN.LE00.IN,79.602,years,World Bank,2026-10-09
ALB,Albania,2024,SP.DYN.LE00.IN,79.776,years,World Bank,2026-10-09
AUT,Austria,2010,SP.DYN.LE00.IN,80.5804878048781,years,World Bank,2026-10-09
AUT,Austria,2011,SP.DYN.LE00.IN,80.9829268292683,years,World Bank,2026-10-09
AUT,Austria,2012,SP.DYN.LE00.IN,80.9365853658537,years,World Bank,2026-10-09
AUT,Austria,2013,SP.DYN.LE00.IN,81.1365853658537,years,World Bank,2026-10-09
AUT,Austria,2014,SP.DYN.LE00.IN,81.490243902439,years,World Bank,2026-10-09
AUT,Austria,2015,SP.DYN.LE00.IN,81.190243902439,years,World Bank,2026-10-09
AUT,Austria,2016,SP.DYN.LE00.IN,81.6414634146342,years,World Bank,2026-10-09
AUT,Austria,2017,SP.DYN.LE00.IN,81.6439024390244,years,World Bank,2026-10-09
AUT,Austria,2018,SP.DYN.LE00.IN,81.6926829268293,years,World Bank,2026-10-09
AUT,Austria,2019,SP.DYN.LE00.IN,81.8951219512195,years,World Bank,2026-10-09
AUT,Austria,2020,SP.DYN.LE00.IN,81.1926829268293,years,World Bank,2026-10-09
AUT,Austria,2021,SP.DYN.LE00.IN,81.190243902439,years,World Bank,2026-10-09
AUT,Austria,2022,SP.DYN.LE00.IN,81.2951219512195,years,World Bank,2026-10-09
AUT,Austria,2023,SP.DYN.LE00.IN,81.7926829268293,years,World Bank,2026-10-09
AUT,Austria,2024,SP.DYN.LE00.IN,81.9951219512195,years,World Bank,2026-10-09
BEL,Belgium,2010,SP.DYN.LE00.IN,80.1829268292683,years,World Bank,2026-10-09
BEL,Belgium,2011,SP.DYN.LE00.IN,80.5853658536585,years,World Bank,2026-10-09
BEL,Belgium,2012,SP.DYN.LE00.IN,80.3853658536585,years,World Bank,2026-10-09
BEL,Belgium,2013,SP.DYN.LE00.IN,80.5878048780488,years,World Bank,2026-10-09
BEL,Belgium,2014,SP.DYN.LE00.IN,81.2878048780488,years,World Bank,2026-10-09
BEL,Belgium,2015,SP.DYN.LE00.IN,80.9926829268293,years,World Bank,2026-10-09
BEL,Belgium,2016,SP.DYN.LE00.IN,81.4390243902439,years,World Bank,2026-10-09
BEL,Belgium,2017,SP.DYN.LE00.IN,81.4926829268293,years,World Bank,2026-10-09
BEL,Belgium,2018,SP.DYN.LE00.IN,81.5951219512195,years,World Bank,2026-10-09
BEL,Belgium,2019,SP.DYN.LE00.IN,81.9951219512195,years,World Bank,2026-10-09
BEL,Belgium,2020,SP.DYN.LE00.IN,80.6951219512195,years,World Bank,2026-10-09
BEL,Belgium,2021,SP.DYN.LE00.IN,81.790243902439,years,World Bank,2026-10-09
BEL,Belgium,2022,SP.DYN.LE00.IN,81.7487804878049,years,World Bank,2026-10-09
BEL,Belgium,2023,SP.DYN.LE00.IN,82.4,years,World Bank,2026-10-09
BEL,Belgium,2024,SP.DYN.LE00.IN,82.3,years,World Bank,2026-10-09
BGR,Bulgaria,2010,SP.DYN.LE00.IN,73.5121951219512,years,World Bank,2026-10-09
BGR,Bulgaria,2011,SP.DYN.LE00.IN,74.1634146341463,years,World Bank,2026-10-09
BGR,Bulgaria,2012,SP.DYN.LE00.IN,74.3146341463415,years,World Bank,2026-10-09
BGR,Bulgaria,2013,SP.DYN.LE00.IN,74.8609756097561,years,World Bank,2026-10-09
BGR,Bulgaria,2014,SP.DYN.LE00.IN,74.4658536585366,years,World Bank,2026-10-09
BGR,Bulgaria,2015,SP.DYN.LE00.IN,74.6146341463415,years,World Bank,2026-10-09
BGR,Bulgaria,2016,SP.DYN.LE00.IN,74.8121951219512,years,World Bank,2026-10-09
BGR,Bulgaria,2017,SP.DYN.LE00.IN,74.8146341463415,years,World Bank,2026-10-09
BGR,Bulgaria,2018,SP.DYN.LE00.IN,74.9634146341464,years,World Bank,2026-10-09
BGR,Bulgaria,2019,SP.DYN.LE00.IN,75.1121951219512,years,World Bank,2026-10-09
BGR,Bulgaria,2020,SP.DYN.LE00.IN,73.3560975609756,years,World Bank,2026-10-09
BGR,Bulgaria,2021,SP.DYN.LE00.IN,71.2121951219512,years,World Bank,2026-10-09
BGR,Bulgaria,2022,SP.DYN.LE00.IN,74.1609756097561,years,World Bank,2026-10-09
BGR,Bulgaria,2023,SP.DYN.LE00.IN,75.7560975609756,years,World Bank,2026-10-09
BGR,Bulgaria,2024,SP.DYN.LE00.IN,75.7609756097561,years,World Bank,2026-10-09
BIH,Bosnia and Herzegovina,2010,SP.DYN.LE00.IN,76.827,years,World Bank,2026-10-09
BIH,Bosnia and Herzegovina,2011,SP.DYN.LE00.IN,76.963,years,World Bank,2026-10-09
BIH,Bosnia and Herzegovina,2012,SP.DYN.LE00.IN,77.037,years,World Bank,2026-10-09
BIH,Bosnia and Herzegovina,2013,SP.DYN.LE00.IN,77.129,years,World Bank,2026-10-09
BIH,Bosnia and Herzegovina,2014,SP.DYN.LE00.IN,77.089,years,World Bank,2026-10-09
BIH,Bosnia and Herzegovina,2015,SP.DYN.LE00.IN,77.073,years,World Bank,2026-10-09
BIH,Bosnia and Herzegovina,2016,SP.DYN.LE00.IN,77.124,years,World Bank,2026-10-09
BIH,Bosnia and Herzegovina,2017,SP.DYN.LE00.IN,77.385,years,World Bank,2026-10-09
BIH,Bosnia and Herzegovina,2018,SP.DYN.LE00.IN,77.942,years,World Bank,2026-10-09
BIH,Bosnia and Herzegovina,2019,SP.DYN.LE00.IN,77.394,years,World Bank,2026-10-09
BIH,Bosnia and Herzegovina,2020,SP.DYN.LE00.IN,76.04,years,World Bank,2026-10-09
BIH,Bosnia and Herzegovina,2021,SP.DYN.LE00.IN,74.567,years,World Bank,2026-10-09
BIH,Bosnia and Herzegovina,2022,SP.DYN.LE00.IN,76.777,years,World Bank,2026-10-09
BIH,Bosnia and Herzegovina,2023,SP.DYN.LE00.IN,77.85,years,World Bank,2026-10-09
BIH,Bosnia and Herzegovina,2024,SP.DYN.LE00.IN,78.044,years,World Bank,2026-10-09
CYP,Cyprus,2010,SP.DYN.LE00.IN,80.632,years,World Bank,2026-10-09
CYP,Cyprus,2011,SP.DYN.LE00.IN,80.855,years,World Bank,2026-10-09
CYP,Cyprus,2012,SP.DYN.LE00.IN,81.128,years,World Bank,2026-10-09
CYP,Cyprus,2013,SP.DYN.LE00.IN,81.317,years,World Bank,2026-10-09
CYP,Cyprus,2014,SP.DYN.LE00.IN,81.337,years,World Bank,2026-10-09
CYP,Cyprus,2015,SP.DYN.LE00.IN,81.464,years,World Bank,2026-10-09
CYP,Cyprus,2016,SP.DYN.LE00.IN,81.534,years,World Bank,2026-10-09
CYP,Cyprus,2017,SP.DYN.LE00.IN,81.543,years,World Bank,2026-10-09
CYP,Cyprus,2018,SP.DYN.LE00.IN,81.556,years,World Bank,2026-10-09
CYP,Cyprus,2019,SP.DYN.LE00.IN,81.454,years,World Bank,2026-10-09
CYP,Cyprus,2020,SP.DYN.LE00.IN,81.23,years,World Bank,2026-10-09
CYP,Cyprus,2021,SP.DYN.LE00.IN,80.573,years,World Bank,2026-10-09
CYP,Cyprus,2022,SP.DYN.LE00.IN,80.434,years,World Bank,2026-10-09
CYP,Cyprus,2023,SP.DYN.LE00.IN,81.648,years,World Bank,2026-10-09
CYP,Cyprus,2024,SP.DYN.LE00.IN,81.821,years,World Bank,2026-10-09
CZE,Czechia,2010,SP.DYN.LE00.IN,77.4243902439025,years,World Bank,2026-10-09
CZE,Czechia,2011,SP.DYN.LE00.IN,77.8731707317073,years,World Bank,2026-10-09
CZE,Czechia,2012,SP.DYN.LE00.IN,78.0756097560976,years,World Bank,2026-10-09
CZE,Czechia,2013,SP.DYN.LE00.IN,78.1756097560976,years,World Bank,2026-10-09
CZE,Czechia,2014,SP.DYN.LE00.IN,78.8243902439024,years,World Bank,2026-10-09
CZE,Czechia,2015,SP.DYN.LE00.IN,78.5780487804878,years,World Bank,2026-10-09
CZE,Czechia,2016,SP.DYN.LE00.IN,79.0268292682927,years,World Bank,2026-10-09
CZE,Czechia,2017,SP.DYN.LE00.IN,78.9780487804878,years,World Bank,2026-10-09
CZE,Czechia,2018,SP.DYN.LE00.IN,79.0292682926829,years,World Bank,2026-10-09
CZE,Czechia,2019,SP.DYN.LE00.IN,79.2292682926829,years,World Bank,2026-10-09
CZE,Czechia,2020,SP.DYN.LE00.IN,78.2268292682927,years,World Bank,2026-10-09
CZE,Czechia,2021,SP.DYN.LE00.IN,77.2219512195122,years,World Bank,2026-10-09
CZE,Czechia,2022,SP.DYN.LE00.IN,78.9292682926829,years,World Bank,2026-10-09
CZE,Czechia,2023,SP.DYN.LE00.IN,79.8268292682927,years,World Bank,2026-10-09
CZE,Czechia,2024,SP.DYN.LE00.IN,79.9780487804878,years,World Bank,2026-10-09
DEU,Germany,2010,SP.DYN.LE00.IN,79.9878048780488,years,World Bank,2026-10-09
DEU,Germany,2011,SP.DYN.LE00.IN,80.4365853658537,years,World Bank,2026-10-09
DEU,Germany,2012,SP.DYN.LE00.IN,80.5390243902439,years,World Bank,2026-10-09
DEU,Germany,2013,SP.DYN.LE00.IN,80.490243902439,years,World Bank,2026-10-09
DEU,Germany,2014,SP.DYN.LE00.IN,81.090243902439,years,World Bank,2026-10-09
DEU,Germany,2015,SP.DYN.LE00.IN,80.6414634146341,years,World Bank,2026-10-09
DEU,Germany,2016,SP.DYN.LE00.IN,80.990243902439,years,World Bank,2026-10-09
DEU,Germany,2017,SP.DYN.LE00.IN,80.9926829268293,years,World Bank,2026-10-09
DEU,Germany,2018,SP.DYN.LE00.IN,80.8926829268293,years,World Bank,2026-10-09
DEU,Germany,2019,SP.DYN.LE00.IN,81.2926829268293,years,World Bank,2026-10-09
DEU,Germany,2020,SP.DYN.LE00.IN,81.0414634146342,years,World Bank,2026-10-09
DEU,Germany,2021,SP.DYN.LE00.IN,80.790243902439,years,World Bank,2026-10-09
DEU,Germany,2022,SP.DYN.LE00.IN,80.6080487804878,years,World Bank,2026-10-09
DEU,Germany,2023,SP.DYN.LE00.IN,81.0414634146342,years,World Bank,2026-10-09
DEU,Germany,2024,SP.DYN.LE00.IN,80.7926829268293,years,World Bank,2026-10-09
DNK,Denmark,2010,SP.DYN.LE00.IN,79.1,years,World Bank,2026-10-09
DNK,Denmark,2011,SP.DYN.LE00.IN,79.8,years,World Bank,2026-10-09
DNK,Denmark,2012,SP.DYN.LE00.IN,80.0512195121951,years,World Bank,2026-10-09
DNK,Denmark,2013,SP.DYN.LE00.IN,80.3,years,World Bank,2026-10-09
DNK,Denmark,2014,SP.DYN.LE00.IN,80.7,years,World Bank,2026-10-09
DNK,Denmark,2015,SP.DYN.LE00.IN,80.7024390243902,years,World Bank,2026-10-09
DNK,Denmark,2016,SP.DYN.LE00.IN,80.8536585365854,years,World Bank,2026-10-09
DNK,Denmark,2017,SP.DYN.LE00.IN,81.1024390243903,years,World Bank,2026-10-09
DNK,Denmark,2018,SP.DYN.LE00.IN,80.9536585365854,years,World Bank,2026-10-09
DNK,Denmark,2019,SP.DYN.LE00.IN,81.4512195121951,years,World Bank,2026-10-09
DNK,Denmark,2020,SP.DYN.LE00.IN,81.6024390243903,years,World Bank,2026-10-09
DNK,Denmark,2021,SP.DYN.LE00.IN,81.4048780487805,years,World Bank,2026-10-09
DNK,Denmark,2022,SP.DYN.LE00.IN,81.3048780487805,years,World Bank,2026-10-09
DNK,Denmark,2023,SP.DYN.LE00.IN,81.7536585365854,years,World Bank,2026-10-09
DNK,Denmark,2024,SP.DYN.LE00.IN,82.2536585365854,years,World Bank,2026-10-09
ESP,Spain,2010,SP.DYN.LE00.IN,81.6268292682927,years,World Bank,2026-10-09
ESP,Spain,2011,SP.DYN.LE00.IN,82.4756097560976,years,World Bank,2026-10-09
ESP,Spain,2012,SP.DYN.LE00.IN,82.4268292682927,years,World Bank,2026-10-09
ESP,Spain,2013,SP.DYN.LE00.IN,83.0780487804878,years,World Bank,2026-10-09
ESP,Spain,2014,SP.DYN.LE00.IN,83.2292682926829,years,World Bank,2026-10-09
ESP,Spain,2015,SP.DYN.LE00.IN,82.8317073170732,years,World Bank,2026-10-09
ESP,Spain,2016,SP.DYN.LE00.IN,83.3292682926829,years,World Bank,2026-10-09
ESP,Spain,2017,SP.DYN.LE00.IN,83.2829268292683,years,World Bank,2026-10-09
ESP,Spain,2018,SP.DYN.LE00.IN,83.4317073170732,years,World Bank,2026-10-09
ESP,Spain,2019,SP.DYN.LE00.IN,83.8317073170732,years,World Bank,2026-10-09
ESP,Spain,2020,SP.DYN.LE00.IN,82.2317073170732,years,World Bank,2026-10-09
ESP,Spain,2021,SP.DYN.LE00.IN,83.1780487804878,years,World Bank,2026-10-09
ESP,Spain,2022,SP.DYN.LE00.IN,83.1341463414634,years,World Bank,2026-10-09
ESP,Spain,2023,SP.DYN.LE00.IN,83.9341463414634,years,World Bank,2026-10-09
ESP,Spain,2024,SP.DYN.LE00.IN,83.8878048780488,years,World Bank,2026-10-09
EST,Estonia,2010,SP.DYN.LE00.IN,75.4292682926829,years,World Bank,2026-10-09
EST,Estonia,2011,SP.DYN.LE00.IN,76.2292682926829,years,World Bank,2026-10-09
EST,Estonia,2012,SP.DYN.LE00.IN,76.3268292682927,years,World Bank,2026-10-09
EST,Estonia,2013,SP.DYN.LE00.IN,77.1414634146341,years,World Bank,2026-10-09
EST,Estonia,2014,SP.DYN.LE00.IN,77.0341463414634,years,World Bank,2026-10-09
EST,Estonia,2015,SP.DYN.LE00.IN,77.590243902439,years,World Bank,2026-10-09
EST,Estonia,2016,SP.DYN.LE00.IN,77.6414634146342,years,World Bank,2026-10-09
EST,Estonia,2017,SP.DYN.LE00.IN,78.0926829268293,years,World Bank,2026-10-09
EST,Estonia,2018,SP.DYN.LE00.IN,78.2439024390244,years,World Bank,2026-10-09
EST,Estonia,2019,SP.DYN.LE00.IN,78.6463414634147,years,World Bank,2026-10-09
EST,Estonia,2020,SP.DYN.LE00.IN,78.5951219512195,years,World Bank,2026-10-09
EST,Estonia,2021,SP.DYN.LE00.IN,76.9439024390244,years,World Bank,2026-10-09
EST,Estonia,2022,SP.DYN.LE00.IN,77.8439024390244,years,World Bank,2026-10-09
EST,Estonia,2023,SP.DYN.LE00.IN,78.7926829268293,years,World Bank,2026-10-09
EST,Estonia,2024,SP.DYN.LE00.IN,79.2951219512195,years,World Bank,2026-10-09
EUU,European Union (aggregate),2010,SP.DYN.LE00.IN,79.6354307923887,years,World Bank,2026-10-09
EUU,European Union (aggregate),2011,SP.DYN.LE00.IN,80.1439505204152,years,World Bank,2026-10-09
EUU,European Union (aggregate),2012,SP.DYN.LE00.IN,80.1657773209271,years,World Bank,2026-10-09
EUU,European Union (aggregate),2013,SP.DYN.LE00.IN,80.4734324600181,years,World Bank,2026-10-09
EUU,European Union (aggregate),2014,SP.DYN.LE00.IN,80.8760173893061,years,World Bank,2026-10-09
EUU,European Union (aggregate),2015,SP.DYN.LE00.IN,80.5707965259,years,World Bank,2026-10-09
EUU,European Union (aggregate),2016,SP.DYN.LE00.IN,80.9529785979391,years,World Bank,2026-10-09
EUU,European Union (aggregate),2017,SP.DYN.LE00.IN,80.9301511681956,years,World Bank,2026-10-09
EUU,European Union (aggregate),2018,SP.DYN.LE00.IN,81.0303425240609,years,World Bank,2026-10-09
EUU,European Union (aggregate),2019,SP.DYN.LE00.IN,81.3194524901834,years,World Bank,2026-10-09
EUU,European Union (aggregate),2020,SP.DYN.LE00.IN,80.4414754678551,years,World Bank,2026-10-09
EUU,European Union (aggregate),2021,SP.DYN.LE00.IN,80.3071959761975,years,World Bank,2026-10-09
EUU,European Union (aggregate),2022,SP.DYN.LE00.IN,80.7133261894067,years,World Bank,2026-10-09
EUU,European Union (aggregate),2023,SP.DYN.LE00.IN,81.4249329538218,years,World Bank,2026-10-09
EUU,European Union (aggregate),2024,SP.DYN.LE00.IN,81.5608466061313,years,World Bank,2026-10-09
FIN,Finland,2010,SP.DYN.LE00.IN,79.8707317073171,years,World Bank,2026-10-09
FIN,Finland,2011,SP.DYN.LE00.IN,80.4707317073171,years,World Bank,2026-10-09
FIN,Finland,2012,SP.DYN.LE00.IN,80.6268292682927,years,World Bank,2026-10-09
FIN,Finland,2013,SP.DYN.LE00.IN,80.9756097560976,years,World Bank,2026-10-09
FIN,Finland,2014,SP.DYN.LE00.IN,81.1804878048781,years,World Bank,2026-10-09
FIN,Finland,2015,SP.DYN.LE00.IN,81.4804878048781,years,World Bank,2026-10-09
FIN,Finland,2016,SP.DYN.LE00.IN,81.4292682926829,years,World Bank,2026-10-09
FIN,Finland,2017,SP.DYN.LE00.IN,81.6317073170732,years,World Bank,2026-10-09
FIN,Finland,2018,SP.DYN.LE00.IN,81.7341463414634,years,World Bank,2026-10-09
FIN,Finland,2019,SP.DYN.LE00.IN,81.9829268292683,years,World Bank,2026-10-09
FIN,Finland,2020,SP.DYN.LE00.IN,81.9317073170732,years,World Bank,2026-10-09
FIN,Finland,2021,SP.DYN.LE00.IN,81.8853658536585,years,World Bank,2026-10-09
FIN,Finland,2022,SP.DYN.LE00.IN,81.1878048780488,years,World Bank,2026-10-09
FIN,Finland,2023,SP.DYN.LE00.IN,81.5853658536585,years,World Bank,2026-10-09
FIN,Finland,2024,SP.DYN.LE00.IN,82.3365853658537,years,World Bank,2026-10-09
FRA,France,2010,SP.DYN.LE00.IN,81.6634146341463,years,World Bank,2026-10-09
FRA,France,2011,SP.DYN.LE00.IN,82.1146341463415,years,World Bank,2026-10-09
FRA,France,2012,SP.DYN.LE00.IN,81.9682926829268,years,World Bank,2026-10-09
FRA,France,2013,SP.DYN.LE00.IN,82.219512195122,years,World Bank,2026-10-09
FRA,France,2014,SP.DYN.LE00.IN,82.719512195122,years,World Bank,2026-10-09
FRA,France,2015,SP.DYN.LE00.IN,82.3219512195122,years,World Bank,2026-10-09
FRA,France,2016,SP.DYN.LE00.IN,82.5731707317073,years,World Bank,2026-10-09
FRA,France,2017,SP.DYN.LE00.IN,82.5756097560976,years,World Bank,2026-10-09
FRA,France,2018,SP.DYN.LE00.IN,82.6756097560976,years,World Bank,2026-10-09
FRA,France,2019,SP.DYN.LE00.IN,82.8268292682927,years,World Bank,2026-10-09
FRA,France,2020,SP.DYN.LE00.IN,82.1756097560976,years,World Bank,2026-10-09
FRA,France,2021,SP.DYN.LE00.IN,82.3243902439024,years,World Bank,2026-10-09
FRA,France,2022,SP.DYN.LE00.IN,82.1292682926829,years,World Bank,2026-10-09
FRA,France,2023,SP.DYN.LE00.IN,82.8317073170732,years,World Bank,2026-10-09
FRA,France,2024,SP.DYN.LE00.IN,82.9804878048781,years,World Bank,2026-10-09
GRC,Greece,2010,SP.DYN.LE00.IN,80.3878048780488,years,World Bank,2026-10-09
GRC,Greece,2011,SP.DYN.LE00.IN,80.7317073170732,years,World Bank,2026-10-09
GRC,Greece,2012,SP.DYN.LE00.IN,80.6341463414634,years,World Bank,2026-10-09
GRC,Greece,2013,SP.DYN.LE00.IN,81.2853658536585,years,World Bank,2026-10-09
GRC,Greece,2014,SP.DYN.LE00.IN,81.3853658536585,years,World Bank,2026-10-09
GRC,Greece,2015,SP.DYN.LE00.IN,81.0365853658537,years,World Bank,2026-10-09
GRC,Greece,2016,SP.DYN.LE00.IN,81.3878048780488,years,World Bank,2026-10-09
GRC,Greece,2017,SP.DYN.LE00.IN,81.2878048780488,years,World Bank,2026-10-09
GRC,Greece,2018,SP.DYN.LE00.IN,81.7878048780488,years,World Bank,2026-10-09
GRC,Greece,2019,SP.DYN.LE00.IN,81.6390243902439,years,World Bank,2026-10-09
GRC,Greece,2020,SP.DYN.LE00.IN,81.2878048780488,years,World Bank,2026-10-09
GRC,Greece,2021,SP.DYN.LE00.IN,80.0829268292683,years,World Bank,2026-10-09
GRC,Greece,2022,SP.DYN.LE00.IN,80.7878048780488,years,World Bank,2026-10-09
GRC,Greece,2023,SP.DYN.LE00.IN,81.7365853658537,years,World Bank,2026-10-09
GRC,Greece,2024,SP.DYN.LE00.IN,81.8390243902439,years,World Bank,2026-10-09
HRV,Croatia,2010,SP.DYN.LE00.IN,76.4756097560976,years,World Bank,2026-10-09
HRV,Croatia,2011,SP.DYN.LE00.IN,76.7756097560976,years,World Bank,2026-10-09
HRV,Croatia,2012,SP.DYN.LE00.IN,77.1682926829268,years,World Bank,2026-10-09
HRV,Croatia,2013,SP.DYN.LE00.IN,77.5707317073171,years,World Bank,2026-10-09
HRV,Croatia,2014,SP.DYN.LE00.IN,77.7243902439024,years,World Bank,2026-10-09
HRV,Croatia,2015,SP.DYN.LE00.IN,77.2756097560976,years,World Bank,2026-10-09
HRV,Croatia,2016,SP.DYN.LE00.IN,77.9219512195122,years,World Bank,2026-10-09
HRV,Croatia,2017,SP.DYN.LE00.IN,77.7268292682927,years,World Bank,2026-10-09
HRV,Croatia,2018,SP.DYN.LE00.IN,77.919512195122,years,World Bank,2026-10-09
HRV,Croatia,2019,SP.DYN.LE00.IN,78.2243902439024,years,World Bank,2026-10-09
HRV,Croatia,2020,SP.DYN.LE00.IN,77.5243902439024,years,World Bank,2026-10-09
HRV,Croatia,2021,SP.DYN.LE00.IN,76.4243902439025,years,World Bank,2026-10-09
HRV,Croatia,2022,SP.DYN.LE00.IN,77.5756097560976,years,World Bank,2026-10-09
HRV,Croatia,2023,SP.DYN.LE00.IN,78.4731707317073,years,World Bank,2026-10-09
HRV,Croatia,2024,SP.DYN.LE00.IN,78.9292682926829,years,World Bank,2026-10-09
HUN,Hungary,2010,SP.DYN.LE00.IN,74.2073170731707,years,World Bank,2026-10-09
HUN,Hungary,2011,SP.DYN.LE00.IN,74.8585365853659,years,World Bank,2026-10-09
HUN,Hungary,2012,SP.DYN.LE00.IN,75.0634146341463,years,World Bank,2026-10-09
HUN,Hungary,2013,SP.DYN.LE00.IN,75.5658536585366,years,World Bank,2026-10-09
HUN,Hungary,2014,SP.DYN.LE00.IN,75.7634146341463,years,World Bank,2026-10-09
HUN,Hungary,2015,SP.DYN.LE00.IN,75.5682926829269,years,World Bank,2026-10-09
HUN,Hungary,2016,SP.DYN.LE00.IN,76.0634146341464,years,World Bank,2026-10-09
HUN,Hungary,2017,SP.DYN.LE00.IN,75.8170731707317,years,World Bank,2026-10-09
HUN,Hungary,2018,SP.DYN.LE00.IN,76.0658536585366,years,World Bank,2026-10-09
HUN,Hungary,2019,SP.DYN.LE00.IN,76.3195121951219,years,World Bank,2026-10-09
HUN,Hungary,2020,SP.DYN.LE00.IN,75.419512195122,years,World Bank,2026-10-09
HUN,Hungary,2021,SP.DYN.LE00.IN,74.0658536585366,years,World Bank,2026-10-09
HUN,Hungary,2022,SP.DYN.LE00.IN,75.8682926829268,years,World Bank,2026-10-09
HUN,Hungary,2023,SP.DYN.LE00.IN,76.5707317073171,years,World Bank,2026-10-09
HUN,Hungary,2024,SP.DYN.LE00.IN,76.7243902439025,years,World Bank,2026-10-09
IRL,Ireland,2010,SP.DYN.LE00.IN,80.7439024390244,years,World Bank,2026-10-09
IRL,Ireland,2011,SP.DYN.LE00.IN,80.7463414634146,years,World Bank,2026-10-09
IRL,Ireland,2012,SP.DYN.LE00.IN,80.8463414634146,years,World Bank,2026-10-09
IRL,Ireland,2013,SP.DYN.LE00.IN,80.9487804878049,years,World Bank,2026-10-09
IRL,Ireland,2014,SP.DYN.LE00.IN,81.3487804878049,years,World Bank,2026-10-09
IRL,Ireland,2015,SP.DYN.LE00.IN,81.4536585365854,years,World Bank,2026-10-09
IRL,Ireland,2016,SP.DYN.LE00.IN,81.6536585365854,years,World Bank,2026-10-09
IRL,Ireland,2017,SP.DYN.LE00.IN,82.1560975609756,years,World Bank,2026-10-09
IRL,Ireland,2018,SP.DYN.LE00.IN,82.2048780487805,years,World Bank,2026-10-09
IRL,Ireland,2019,SP.DYN.LE00.IN,82.7024390243903,years,World Bank,2026-10-09
IRL,Ireland,2020,SP.DYN.LE00.IN,82.4560975609756,years,World Bank,2026-10-09
IRL,Ireland,2021,SP.DYN.LE00.IN,82.2536585365854,years,World Bank,2026-10-09
IRL,Ireland,2022,SP.DYN.LE00.IN,82.509756097561,years,World Bank,2026-10-09
IRL,Ireland,2023,SP.DYN.LE00.IN,82.8073170731707,years,World Bank,2026-10-09
IRL,Ireland,2024,SP.DYN.LE00.IN,83.009756097561,years,World Bank,2026-10-09
ITA,Italy,2010,SP.DYN.LE00.IN,82.0365853658537,years,World Bank,2026-10-09
ITA,Italy,2011,SP.DYN.LE00.IN,82.1878048780488,years,World Bank,2026-10-09
ITA,Italy,2012,SP.DYN.LE00.IN,82.2390243902439,years,World Bank,2026-10-09
ITA,Italy,2013,SP.DYN.LE00.IN,82.690243902439,years,World Bank,2026-10-09
ITA,Italy,2014,SP.DYN.LE00.IN,83.090243902439,years,World Bank,2026-10-09
ITA,Italy,2015,SP.DYN.LE00.IN,82.5439024390244,years,World Bank,2026-10-09
ITA,Italy,2016,SP.DYN.LE00.IN,83.2439024390244,years,World Bank,2026-10-09
ITA,Italy,2017,SP.DYN.LE00.IN,82.9463414634147,years,World Bank,2026-10-09
ITA,Italy,2018,SP.DYN.LE00.IN,83.3463414634146,years,World Bank,2026-10-09
ITA,Italy,2019,SP.DYN.LE00.IN,83.4975609756098,years,World Bank,2026-10-09
ITA,Italy,2020,SP.DYN.LE00.IN,82.1951219512195,years,World Bank,2026-10-09
ITA,Italy,2021,SP.DYN.LE00.IN,82.6463414634146,years,World Bank,2026-10-09
ITA,Italy,2022,SP.DYN.LE00.IN,82.7,years,World Bank,2026-10-09
ITA,Italy,2023,SP.DYN.LE00.IN,83.3512195121951,years,World Bank,2026-10-09
ITA,Italy,2024,SP.DYN.LE00.IN,83.9512195121951,years,World Bank,2026-10-09
LTU,Lithuania,2010,SP.DYN.LE00.IN,73.2682926829268,years,World Bank,2026-10-09
LTU,Lithuania,2011,SP.DYN.LE00.IN,73.5634146341464,years,World Bank,2026-10-09
LTU,Lithuania,2012,SP.DYN.LE00.IN,73.8634146341464,years,World Bank,2026-10-09
LTU,Lithuania,2013,SP.DYN.LE00.IN,73.9146341463415,years,World Bank,2026-10-09
LTU,Lithuania,2014,SP.DYN.LE00.IN,74.5170731707317,years,World Bank,2026-10-09
LTU,Lithuania,2015,SP.DYN.LE00.IN,74.3219512195122,years,World Bank,2026-10-09
LTU,Lithuania,2016,SP.DYN.LE00.IN,74.6707317073171,years,World Bank,2026-10-09
LTU,Lithuania,2017,SP.DYN.LE00.IN,75.4804878048781,years,World Bank,2026-10-09
LTU,Lithuania,2018,SP.DYN.LE00.IN,75.6804878048781,years,World Bank,2026-10-09
LTU,Lithuania,2019,SP.DYN.LE00.IN,76.2829268292683,years,World Bank,2026-10-09
LTU,Lithuania,2020,SP.DYN.LE00.IN,75.0292682926829,years,World Bank,2026-10-09
LTU,Lithuania,2021,SP.DYN.LE00.IN,74.0365853658537,years,World Bank,2026-10-09
LTU,Lithuania,2022,SP.DYN.LE00.IN,75.6439024390244,years,World Bank,2026-10-09
LTU,Lithuania,2023,SP.DYN.LE00.IN,77.290243902439,years,World Bank,2026-10-09
LTU,Lithuania,2024,SP.DYN.LE00.IN,77.1951219512195,years,World Bank,2026-10-09
LUX,Luxembourg,2010,SP.DYN.LE00.IN,80.6317073170732,years,World Bank,2026-10-09
LUX,Luxembourg,2011,SP.DYN.LE00.IN,80.9878048780488,years,World Bank,2026-10-09
LUX,Luxembourg,2012,SP.DYN.LE00.IN,81.3926829268293,years,World Bank,2026-10-09
LUX,Luxembourg,2013,SP.DYN.LE00.IN,81.8,years,World Bank,2026-10-09
LUX,Luxembourg,2014,SP.DYN.LE00.IN,82.2292682926829,years,World Bank,2026-10-09
LUX,Luxembourg,2015,SP.DYN.LE00.IN,82.2926829268293,years,World Bank,2026-10-09
LUX,Luxembourg,2016,SP.DYN.LE00.IN,82.6853658536585,years,World Bank,2026-10-09
LUX,Luxembourg,2017,SP.DYN.LE00.IN,82.0951219512195,years,World Bank,2026-10-09
LUX,Luxembourg,2018,SP.DYN.LE00.IN,82.2951219512195,years,World Bank,2026-10-09
LUX,Luxembourg,2019,SP.DYN.LE00.IN,82.6390243902439,years,World Bank,2026-10-09
LUX,Luxembourg,2020,SP.DYN.LE00.IN,82.1439024390244,years,World Bank,2026-10-09
LUX,Luxembourg,2021,SP.DYN.LE00.IN,82.5975609756098,years,World Bank,2026-10-09
LUX,Luxembourg,2022,SP.DYN.LE00.IN,82.9463414634147,years,World Bank,2026-10-09
LUX,Luxembourg,2023,SP.DYN.LE00.IN,83.309756097561,years,World Bank,2026-10-09
LUX,Luxembourg,2024,SP.DYN.LE00.IN,83.1951219512195,years,World Bank,2026-10-09
LVA,Latvia,2010,SP.DYN.LE00.IN,73.4829268292683,years,World Bank,2026-10-09
LVA,Latvia,2011,SP.DYN.LE00.IN,73.5756097560976,years,World Bank,2026-10-09
LVA,Latvia,2012,SP.DYN.LE00.IN,73.7780487804878,years,World Bank,2026-10-09
LVA,Latvia,2013,SP.DYN.LE00.IN,73.9829268292683,years,World Bank,2026-10-09
LVA,Latvia,2014,SP.DYN.LE00.IN,74.1243902439024,years,World Bank,2026-10-09
LVA,Latvia,2015,SP.DYN.LE00.IN,74.4804878048781,years,World Bank,2026-10-09
LVA,Latvia,2016,SP.DYN.LE00.IN,74.580487804878,years,World Bank,2026-10-09
LVA,Latvia,2017,SP.DYN.LE00.IN,74.6292682926829,years,World Bank,2026-10-09
LVA,Latvia,2018,SP.DYN.LE00.IN,74.7829268292683,years,World Bank,2026-10-09
LVA,Latvia,2019,SP.DYN.LE00.IN,75.3878048780488,years,World Bank,2026-10-09
LVA,Latvia,2020,SP.DYN.LE00.IN,75.1853658536585,years,World Bank,2026-10-09
LVA,Latvia,2021,SP.DYN.LE00.IN,72.9804878048781,years,World Bank,2026-10-09
LVA,Latvia,2022,SP.DYN.LE00.IN,74.2780487804878,years,World Bank,2026-10-09
LVA,Latvia,2023,SP.DYN.LE00.IN,75.4268292682927,years,World Bank,2026-10-09
LVA,Latvia,2024,SP.DYN.LE00.IN,76.4292682926829,years,World Bank,2026-10-09
MKD,North Macedonia,2010,SP.DYN.LE00.IN,74.9975609756098,years,World Bank,2026-10-09
MKD,North Macedonia,2011,SP.DYN.LE00.IN,75.1,years,World Bank,2026-10-09
MKD,North Macedonia,2012,SP.DYN.LE00.IN,74.9024390243903,years,World Bank,2026-10-09
MKD,North Macedonia,2013,SP.DYN.LE00.IN,75.4,years,World Bank,2026-10-09
MKD,North Macedonia,2014,SP.DYN.LE00.IN,75.4512195121951,years,World Bank,2026-10-09
MKD,North Macedonia,2015,SP.DYN.LE00.IN,75.4024390243902,years,World Bank,2026-10-09
MKD,North Macedonia,2016,SP.DYN.LE00.IN,75.4,years,World Bank,2026-10-09
MKD,North Macedonia,2017,SP.DYN.LE00.IN,75.9536585365854,years,World Bank,2026-10-09
MKD,North Macedonia,2018,SP.DYN.LE00.IN,76.6487804878049,years,World Bank,2026-10-09
MKD,North Macedonia,2019,SP.DYN.LE00.IN,76.6024390243903,years,World Bank,2026-10-09
MKD,North Macedonia,2020,SP.DYN.LE00.IN,74.3951219512195,years,World Bank,2026-10-09
MKD,North Macedonia,2021,SP.DYN.LE00.IN,73.2463414634146,years,World Bank,2026-10-09
MKD,North Macedonia,2022,SP.DYN.LE00.IN,74.4248780487805,years,World Bank,2026-10-09
MKD,North Macedonia,2023,SP.DYN.LE00.IN,75.3160975609756,years,World Bank,2026-10-09
MKD,North Macedonia,2024,SP.DYN.LE00.IN,76.6165853658537,years,World Bank,2026-10-09
MLT,Malta,2010,SP.DYN.LE00.IN,81.3975609756098,years,World Bank,2026-10-09
MLT,Malta,2011,SP.DYN.LE00.IN,80.7463414634146,years,World Bank,2026-10-09
MLT,Malta,2012,SP.DYN.LE00.IN,80.7463414634146,years,World Bank,2026-10-09
MLT,Malta,2013,SP.DYN.LE00.IN,81.7463414634146,years,World Bank,2026-10-09
MLT,Malta,2014,SP.DYN.LE00.IN,81.8951219512195,years,World Bank,2026-10-09
MLT,Malta,2015,SP.DYN.LE00.IN,81.7975609756098,years,World Bank,2026-10-09
MLT,Malta,2016,SP.DYN.LE00.IN,82.3536585365854,years,World Bank,2026-10-09
MLT,Malta,2017,SP.DYN.LE00.IN,82.1951219512195,years,World Bank,2026-10-09
MLT,Malta,2018,SP.DYN.LE00.IN,82.2487804878049,years,World Bank,2026-10-09
MLT,Malta,2019,SP.DYN.LE00.IN,82.6585365853659,years,World Bank,2026-10-09
MLT,Malta,2020,SP.DYN.LE00.IN,82.0975609756098,years,World Bank,2026-10-09
MLT,Malta,2021,SP.DYN.LE00.IN,82.2585365853659,years,World Bank,2026-10-09
MLT,Malta,2022,SP.DYN.LE00.IN,82.2975609756098,years,World Bank,2026-10-09
MLT,Malta,2023,SP.DYN.LE00.IN,83.3560975609756,years,World Bank,2026-10-09
MLT,Malta,2024,SP.DYN.LE00.IN,82.9560975609756,years,World Bank,2026-10-09
MNE,Montenegro,2010,SP.DYN.LE00.IN,75.990243902439,years,World Bank,2026-10-09
MNE,Montenegro,2011,SP.DYN.LE00.IN,76.0829268292683,years,World Bank,2026-10-09
MNE,Montenegro,2012,SP.DYN.LE00.IN,76.3,years,World Bank,2026-10-09
MNE,Montenegro,2013,SP.DYN.LE00.IN,76.490243902439,years,World Bank,2026-10-09
MNE,Montenegro,2014,SP.DYN.LE00.IN,76.3390243902439,years,World Bank,2026-10-09
MNE,Montenegro,2015,SP.DYN.LE00.IN,76.6024390243903,years,World Bank,2026-10-09
MNE,Montenegro,2016,SP.DYN.LE00.IN,76.5414634146342,years,World Bank,2026-10-09
MNE,Montenegro,2017,SP.DYN.LE00.IN,76.6853658536585,years,World Bank,2026-10-09
MNE,Montenegro,2018,SP.DYN.LE00.IN,77.8853658536585,years,World Bank,2026-10-09
MNE,Montenegro,2019,SP.DYN.LE00.IN,76.6829268292683,years,World Bank,2026-10-09
MNE,Montenegro,2020,SP.DYN.LE00.IN,75.9317073170732,years,World Bank,2026-10-09
MNE,Montenegro,2021,SP.DYN.LE00.IN,73.8243902439024,years,World Bank,2026-10-09
MNE,Montenegro,2022,SP.DYN.LE00.IN,76.1878048780488,years,World Bank,2026-10-09
MNE,Montenegro,2023,SP.DYN.LE00.IN,77.5878048780488,years,World Bank,2026-10-09
MNE,Montenegro,2024,SP.DYN.LE00.IN,77.890243902439,years,World Bank,2026-10-09
NLD,Netherlands,2010,SP.DYN.LE00.IN,80.7024390243902,years,World Bank,2026-10-09
NLD,Netherlands,2011,SP.DYN.LE00.IN,81.2048780487805,years,World Bank,2026-10-09
NLD,Netherlands,2012,SP.DYN.LE00.IN,81.1048780487805,years,World Bank,2026-10-09
NLD,Netherlands,2013,SP.DYN.LE00.IN,81.3048780487805,years,World Bank,2026-10-09
NLD,Netherlands,2014,SP.DYN.LE00.IN,81.7073170731707,years,World Bank,2026-10-09
NLD,Netherlands,2015,SP.DYN.LE00.IN,81.509756097561,years,World Bank,2026-10-09
NLD,Netherlands,2016,SP.DYN.LE00.IN,81.5609756097561,years,World Bank,2026-10-09
NLD,Netherlands,2017,SP.DYN.LE00.IN,81.7609756097561,years,World Bank,2026-10-09
NLD,Netherlands,2018,SP.DYN.LE00.IN,81.8121951219512,years,World Bank,2026-10-09
NLD,Netherlands,2019,SP.DYN.LE00.IN,82.1121951219512,years,World Bank,2026-10-09
NLD,Netherlands,2020,SP.DYN.LE00.IN,81.3585365853659,years,World Bank,2026-10-09
NLD,Netherlands,2021,SP.DYN.LE00.IN,81.309756097561,years,World Bank,2026-10-09
NLD,Netherlands,2022,SP.DYN.LE00.IN,81.6146341463415,years,World Bank,2026-10-09
NLD,Netherlands,2023,SP.DYN.LE00.IN,81.8634146341464,years,World Bank,2026-10-09
NLD,Netherlands,2024,SP.DYN.LE00.IN,81.9658536585366,years,World Bank,2026-10-09
POL,Poland,2010,SP.DYN.LE00.IN,76.2463414634146,years,World Bank,2026-10-09
POL,Poland,2011,SP.DYN.LE00.IN,76.6951219512195,years,World Bank,2026-10-09
POL,Poland,2012,SP.DYN.LE00.IN,76.7463414634146,years,World Bank,2026-10-09
POL,Poland,2013,SP.DYN.LE00.IN,77.0,years,World Bank,2026-10-09
POL,Poland,2014,SP.DYN.LE00.IN,77.6024390243903,years,World Bank,2026-10-09
POL,Poland,2015,SP.DYN.LE00.IN,77.4512195121951,years,World Bank,2026-10-09
POL,Poland,2016,SP.DYN.LE00.IN,77.8512195121951,years,World Bank,2026-10-09
POL,Poland,2017,SP.DYN.LE00.IN,77.7536585365854,years,World Bank,2026-10-09
POL,Poland,2018,SP.DYN.LE00.IN,77.6024390243903,years,World Bank,2026-10-09
POL,Poland,2019,SP.DYN.LE00.IN,77.9048780487805,years,World Bank,2026-10-09
POL,Poland,2020,SP.DYN.LE00.IN,76.4,years,World Bank,2026-10-09
POL,Poland,2021,SP.DYN.LE00.IN,75.3512195121951,years,World Bank,2026-10-09
POL,Poland,2022,SP.DYN.LE00.IN,77.1560975609756,years,World Bank,2026-10-09
POL,Poland,2023,SP.DYN.LE00.IN,78.2585365853659,years,World Bank,2026-10-09
POL,Poland,2024,SP.DYN.LE00.IN,78.409756097561,years,World Bank,2026-10-09
PRT,Portugal,2010,SP.DYN.LE00.IN,79.0268292682927,years,World Bank,2026-10-09
PRT,Portugal,2011,SP.DYN.LE00.IN,80.4707317073171,years,World Bank,2026-10-09
PRT,Portugal,2012,SP.DYN.LE00.IN,80.3731707317073,years,World Bank,2026-10-09
PRT,Portugal,2013,SP.DYN.LE00.IN,80.7219512195122,years,World Bank,2026-10-09
PRT,Portugal,2014,SP.DYN.LE00.IN,81.1219512195122,years,World Bank,2026-10-09
PRT,Portugal,2015,SP.DYN.LE00.IN,81.1243902439025,years,World Bank,2026-10-09
PRT,Portugal,2016,SP.DYN.LE00.IN,81.1243902439025,years,World Bank,2026-10-09
PRT,Portugal,2017,SP.DYN.LE00.IN,81.4243902439025,years,World Bank,2026-10-09
PRT,Portugal,2018,SP.DYN.LE00.IN,81.3243902439024,years,World Bank,2026-10-09
PRT,Portugal,2019,SP.DYN.LE00.IN,81.6756097560976,years,World Bank,2026-10-09
PRT,Portugal,2020,SP.DYN.LE00.IN,81.3292682926829,years,World Bank,2026-10-09
PRT,Portugal,2021,SP.DYN.LE00.IN,81.3780487804878,years,World Bank,2026-10-09
PRT,Portugal,2022,SP.DYN.LE00.IN,81.6317073170732,years,World Bank,2026-10-09
PRT,Portugal,2023,SP.DYN.LE00.IN,82.3292682926829,years,World Bank,2026-10-09
PRT,Portugal,2024,SP.DYN.LE00.IN,82.3829268292683,years,World Bank,2026-10-09
ROU,Romania,2010,SP.DYN.LE00.IN,73.4585365853659,years,World Bank,2026-10-09
ROU,Romania,2011,SP.DYN.LE00.IN,74.409756097561,years,World Bank,2026-10-09
ROU,Romania,2012,SP.DYN.LE00.IN,74.4121951219512,years,World Bank,2026-10-09
ROU,Romania,2013,SP.DYN.LE00.IN,75.0634146341463,years,World Bank,2026-10-09
ROU,Romania,2014,SP.DYN.LE00.IN,74.909756097561,years,World Bank,2026-10-09
ROU,Romania,2015,SP.DYN.LE00.IN,74.9121951219512,years,World Bank,2026-10-09
ROU,Romania,2016,SP.DYN.LE00.IN,75.209756097561,years,World Bank,2026-10-09
ROU,Romania,2017,SP.DYN.LE00.IN,75.209756097561,years,World Bank,2026-10-09
ROU,Romania,2018,SP.DYN.LE00.IN,75.3585365853659,years,World Bank,2026-10-09
ROU,Romania,2019,SP.DYN.LE00.IN,75.6073170731707,years,World Bank,2026-10-09
ROU,Romania,2020,SP.DYN.LE00.IN,74.2536585365854,years,World Bank,2026-10-09
ROU,Romania,2021,SP.DYN.LE00.IN,72.809756097561,years,World Bank,2026-10-09
ROU,Romania,2022,SP.DYN.LE00.IN,75.1536585365854,years,World Bank,2026-10-09
ROU,Romania,2023,SP.DYN.LE00.IN,76.4048780487805,years,World Bank,2026-10-09
ROU,Romania,2024,SP.DYN.LE00.IN,76.4585365853659,years,World Bank,2026-10-09
SRB,Serbia,2010,SP.DYN.LE00.IN,74.3365853658537,years,World Bank,2026-10-09
SRB,Serbia,2011,SP.DYN.LE00.IN,74.5365853658537,years,World Bank,2026-10-09
SRB,Serbia,2012,SP.DYN.LE00.IN,74.8365853658537,years,World Bank,2026-10-09
SRB,Serbia,2013,SP.DYN.LE00.IN,75.1853658536585,years,World Bank,2026-10-09
SRB,Serbia,2014,SP.DYN.LE00.IN,75.3365853658537,years,World Bank,2026-10-09
SRB,Serbia,2015,SP.DYN.LE00.IN,75.2878048780488,years,World Bank,2026-10-09
SRB,Serbia,2016,SP.DYN.LE00.IN,75.6878048780488,years,World Bank,2026-10-09
SRB,Serbia,2017,SP.DYN.LE00.IN,75.5390243902439,years,World Bank,2026-10-09
SRB,Serbia,2018,SP.DYN.LE00.IN,75.890243902439,years,World Bank,2026-10-09
SRB,Serbia,2019,SP.DYN.LE00.IN,75.9365853658537,years,World Bank,2026-10-09
SRB,Serbia,2020,SP.DYN.LE00.IN,74.4780487804878,years,World Bank,2026-10-09
SRB,Serbia,2021,SP.DYN.LE00.IN,72.780487804878,years,World Bank,2026-10-09
SRB,Serbia,2022,SP.DYN.LE00.IN,75.2365853658537,years,World Bank,2026-10-09
SRB,Serbia,2023,SP.DYN.LE00.IN,76.1414634146341,years,World Bank,2026-10-09
SRB,Serbia,2024,SP.DYN.LE00.IN,75.9682926829268,years,World Bank,2026-10-09
SVK,Slovakia,2010,SP.DYN.LE00.IN,75.1121951219512,years,World Bank,2026-10-09
SVK,Slovakia,2011,SP.DYN.LE00.IN,75.9585365853659,years,World Bank,2026-10-09
SVK,Slovakia,2012,SP.DYN.LE00.IN,76.109756097561,years,World Bank,2026-10-09
SVK,Slovakia,2013,SP.DYN.LE00.IN,76.4121951219512,years,World Bank,2026-10-09
SVK,Slovakia,2014,SP.DYN.LE00.IN,76.8121951219512,years,World Bank,2026-10-09
SVK,Slovakia,2015,SP.DYN.LE00.IN,76.5634146341463,years,World Bank,2026-10-09
SVK,Slovakia,2016,SP.DYN.LE00.IN,77.1658536585366,years,World Bank,2026-10-09
SVK,Slovakia,2017,SP.DYN.LE00.IN,77.1658536585366,years,World Bank,2026-10-09
SVK,Slovakia,2018,SP.DYN.LE00.IN,77.2658536585366,years,World Bank,2026-10-09
SVK,Slovakia,2019,SP.DYN.LE00.IN,77.6658536585366,years,World Bank,2026-10-09
SVK,Slovakia,2020,SP.DYN.LE00.IN,76.8658536585366,years,World Bank,2026-10-09
SVK,Slovakia,2021,SP.DYN.LE00.IN,74.6146341463415,years,World Bank,2026-10-09
SVK,Slovakia,2022,SP.DYN.LE00.IN,76.9658536585366,years,World Bank,2026-10-09
SVK,Slovakia,2023,SP.DYN.LE00.IN,78.119512195122,years,World Bank,2026-10-09
SVK,Slovakia,2024,SP.DYN.LE00.IN,78.3707317073171,years,World Bank,2026-10-09
SVN,Slovenia,2010,SP.DYN.LE00.IN,79.4219512195122,years,World Bank,2026-10-09
SVN,Slovenia,2011,SP.DYN.LE00.IN,79.9707317073171,years,World Bank,2026-10-09
SVN,Slovenia,2012,SP.DYN.LE00.IN,80.1243902439024,years,World Bank,2026-10-09
SVN,Slovenia,2013,SP.DYN.LE00.IN,80.3219512195122,years,World Bank,2026-10-09
SVN,Slovenia,2014,SP.DYN.LE00.IN,81.0780487804878,years,World Bank,2026-10-09
SVN,Slovenia,2015,SP.DYN.LE00.IN,80.7756097560976,years,World Bank,2026-10-09
SVN,Slovenia,2016,SP.DYN.LE00.IN,81.1756097560976,years,World Bank,2026-10-09
SVN,Slovenia,2017,SP.DYN.LE00.IN,81.0292682926829,years,World Bank,2026-10-09
SVN,Slovenia,2018,SP.DYN.LE00.IN,81.3780487804878,years,World Bank,2026-10-09
SVN,Slovenia,2019,SP.DYN.LE00.IN,81.5292682926829,years,World Bank,2026-10-09
SVN,Slovenia,2020,SP.DYN.LE00.IN,80.5317073170732,years,World Bank,2026-10-09
SVN,Slovenia,2021,SP.DYN.LE00.IN,80.6756097560976,years,World Bank,2026-10-09
SVN,Slovenia,2022,SP.DYN.LE00.IN,81.2829268292683,years,World Bank,2026-10-09
SVN,Slovenia,2023,SP.DYN.LE00.IN,81.9292682926829,years,World Bank,2026-10-09
SVN,Slovenia,2024,SP.DYN.LE00.IN,82.2853658536585,years,World Bank,2026-10-09
SWE,Sweden,2010,SP.DYN.LE00.IN,81.4512195121951,years,World Bank,2026-10-09
SWE,Sweden,2011,SP.DYN.LE00.IN,81.8024390243903,years,World Bank,2026-10-09
SWE,Sweden,2012,SP.DYN.LE00.IN,81.7048780487805,years,World Bank,2026-10-09
SWE,Sweden,2013,SP.DYN.LE00.IN,81.9560975609756,years,World Bank,2026-10-09
SWE,Sweden,2014,SP.DYN.LE00.IN,82.2536585365854,years,World Bank,2026-10-09
SWE,Sweden,2015,SP.DYN.LE00.IN,82.2048780487805,years,World Bank,2026-10-09
SWE,Sweden,2016,SP.DYN.LE00.IN,82.3073170731707,years,World Bank,2026-10-09
SWE,Sweden,2017,SP.DYN.LE00.IN,82.409756097561,years,World Bank,2026-10-09
SWE,Sweden,2018,SP.DYN.LE00.IN,82.5585365853659,years,World Bank,2026-10-09
SWE,Sweden,2019,SP.DYN.LE00.IN,83.109756097561,years,World Bank,2026-10-09
SWE,Sweden,2020,SP.DYN.LE00.IN,82.3560975609756,years,World Bank,2026-10-09
SWE,Sweden,2021,SP.DYN.LE00.IN,83.0560975609756,years,World Bank,2026-10-09
SWE,Sweden,2022,SP.DYN.LE00.IN,83.0585365853659,years,World Bank,2026-10-09
SWE,Sweden,2023,SP.DYN.LE00.IN,83.309756097561,years,World Bank,2026-10-09
SWE,Sweden,2024,SP.DYN.LE00.IN,84.0634146341463,years,World Bank,2026-10-09
ALB,Albania,2010,SP.DYN.TFRT.IN,1.653,births per woman,World Bank,2026-10-09
ALB,Albania,2011,SP.DYN.TFRT.IN,1.677,births per woman,World Bank,2026-10-09
ALB,Albania,2012,SP.DYN.TFRT.IN,1.719,births per woman,World Bank,2026-10-09
ALB,Albania,2013,SP.DYN.TFRT.IN,1.741,births per woman,World Bank,2026-10-09
ALB,Albania,2014,SP.DYN.TFRT.IN,1.721,births per woman,World Bank,2026-10-09
ALB,Albania,2015,SP.DYN.TFRT.IN,1.631,births per woman,World Bank,2026-10-09
ALB,Albania,2016,SP.DYN.TFRT.IN,1.555,births per woman,World Bank,2026-10-09
ALB,Albania,2017,SP.DYN.TFRT.IN,1.486,births per woman,World Bank,2026-10-09
ALB,Albania,2018,SP.DYN.TFRT.IN,1.415,births per woman,World Bank,2026-10-09
ALB,Albania,2019,SP.DYN.TFRT.IN,1.395,births per woman,World Bank,2026-10-09
ALB,Albania,2020,SP.DYN.TFRT.IN,1.371,births per woman,World Bank,2026-10-09
ALB,Albania,2021,SP.DYN.TFRT.IN,1.365,births per woman,World Bank,2026-10-09
ALB,Albania,2022,SP.DYN.TFRT.IN,1.355,births per woman,World Bank,2026-10-09
ALB,Albania,2023,SP.DYN.TFRT.IN,1.348,births per woman,World Bank,2026-10-09
ALB,Albania,2024,SP.DYN.TFRT.IN,1.341,births per woman,World Bank,2026-10-09
AUT,Austria,2010,SP.DYN.TFRT.IN,1.44,births per woman,World Bank,2026-10-09
AUT,Austria,2011,SP.DYN.TFRT.IN,1.43,births per woman,World Bank,2026-10-09
AUT,Austria,2012,SP.DYN.TFRT.IN,1.44,births per woman,World Bank,2026-10-09
AUT,Austria,2013,SP.DYN.TFRT.IN,1.44,births per woman,World Bank,2026-10-09
AUT,Austria,2014,SP.DYN.TFRT.IN,1.46,births per woman,World Bank,2026-10-09
AUT,Austria,2015,SP.DYN.TFRT.IN,1.49,births per woman,World Bank,2026-10-09
AUT,Austria,2016,SP.DYN.TFRT.IN,1.53,births per woman,World Bank,2026-10-09
AUT,Austria,2017,SP.DYN.TFRT.IN,1.52,births per woman,World Bank,2026-10-09
AUT,Austria,2018,SP.DYN.TFRT.IN,1.47,births per woman,World Bank,2026-10-09
AUT,Austria,2019,SP.DYN.TFRT.IN,1.46,births per woman,World Bank,2026-10-09
AUT,Austria,2020,SP.DYN.TFRT.IN,1.44,births per woman,World Bank,2026-10-09
AUT,Austria,2021,SP.DYN.TFRT.IN,1.48,births per woman,World Bank,2026-10-09
AUT,Austria,2022,SP.DYN.TFRT.IN,1.41,births per woman,World Bank,2026-10-09
AUT,Austria,2023,SP.DYN.TFRT.IN,1.32,births per woman,World Bank,2026-10-09
AUT,Austria,2024,SP.DYN.TFRT.IN,1.31,births per woman,World Bank,2026-10-09
BEL,Belgium,2010,SP.DYN.TFRT.IN,1.86,births per woman,World Bank,2026-10-09
BEL,Belgium,2011,SP.DYN.TFRT.IN,1.81,births per woman,World Bank,2026-10-09
BEL,Belgium,2012,SP.DYN.TFRT.IN,1.8,births per woman,World Bank,2026-10-09
BEL,Belgium,2013,SP.DYN.TFRT.IN,1.76,births per woman,World Bank,2026-10-09
BEL,Belgium,2014,SP.DYN.TFRT.IN,1.74,births per woman,World Bank,2026-10-09
BEL,Belgium,2015,SP.DYN.TFRT.IN,1.7,births per woman,World Bank,2026-10-09
BEL,Belgium,2016,SP.DYN.TFRT.IN,1.68,births per woman,World Bank,2026-10-09
BEL,Belgium,2017,SP.DYN.TFRT.IN,1.65,births per woman,World Bank,2026-10-09
BEL,Belgium,2018,SP.DYN.TFRT.IN,1.62,births per woman,World Bank,2026-10-09
BEL,Belgium,2019,SP.DYN.TFRT.IN,1.6,births per woman,World Bank,2026-10-09
BEL,Belgium,2020,SP.DYN.TFRT.IN,1.55,births per woman,World Bank,2026-10-09
BEL,Belgium,2021,SP.DYN.TFRT.IN,1.6,births per woman,World Bank,2026-10-09
BEL,Belgium,2022,SP.DYN.TFRT.IN,1.53,births per woman,World Bank,2026-10-09
BEL,Belgium,2023,SP.DYN.TFRT.IN,1.47,births per woman,World Bank,2026-10-09
BEL,Belgium,2024,SP.DYN.TFRT.IN,1.44,births per woman,World Bank,2026-10-09
BGR,Bulgaria,2010,SP.DYN.TFRT.IN,1.57,births per woman,World Bank,2026-10-09
BGR,Bulgaria,2011,SP.DYN.TFRT.IN,1.51,births per woman,World Bank,2026-10-09
BGR,Bulgaria,2012,SP.DYN.TFRT.IN,1.5,births per woman,World Bank,2026-10-09
BGR,Bulgaria,2013,SP.DYN.TFRT.IN,1.54,births per woman,World Bank,2026-10-09
BGR,Bulgaria,2014,SP.DYN.TFRT.IN,1.62,births per woman,World Bank,2026-10-09
BGR,Bulgaria,2015,SP.DYN.TFRT.IN,1.64,births per woman,World Bank,2026-10-09
BGR,Bulgaria,2016,SP.DYN.TFRT.IN,1.67,births per woman,World Bank,2026-10-09
BGR,Bulgaria,2017,SP.DYN.TFRT.IN,1.71,births per woman,World Bank,2026-10-09
BGR,Bulgaria,2018,SP.DYN.TFRT.IN,1.73,births per woman,World Bank,2026-10-09
BGR,Bulgaria,2019,SP.DYN.TFRT.IN,1.79,births per woman,World Bank,2026-10-09
BGR,Bulgaria,2020,SP.DYN.TFRT.IN,1.77,births per woman,World Bank,2026-10-09
BGR,Bulgaria,2021,SP.DYN.TFRT.IN,1.8,births per woman,World Bank,2026-10-09
BGR,Bulgaria,2022,SP.DYN.TFRT.IN,1.78,births per woman,World Bank,2026-10-09
BGR,Bulgaria,2023,SP.DYN.TFRT.IN,1.81,births per woman,World Bank,2026-10-09
BGR,Bulgaria,2024,SP.DYN.TFRT.IN,1.72,births per woman,World Bank,2026-10-09
BIH,Bosnia and Herzegovina,2010,SP.DYN.TFRT.IN,1.26,births per woman,World Bank,2026-10-09
BIH,Bosnia and Herzegovina,2011,SP.DYN.TFRT.IN,1.209,births per woman,World Bank,2026-10-09
BIH,Bosnia and Herzegovina,2012,SP.DYN.TFRT.IN,1.252,births per woman,World Bank,2026-10-09
BIH,Bosnia and Herzegovina,2013,SP.DYN.TFRT.IN,1.278,births per woman,World Bank,2026-10-09
BIH,Bosnia and Herzegovina,2014,SP.DYN.TFRT.IN,1.262,births per woman,World Bank,2026-10-09
BIH,Bosnia and Herzegovina,2015,SP.DYN.TFRT.IN,1.322,births per woman,World Bank,2026-10-09
BIH,Bosnia and Herzegovina,2016,SP.DYN.TFRT.IN,1.36,births per woman,World Bank,2026-10-09
BIH,Bosnia and Herzegovina,2017,SP.DYN.TFRT.IN,1.419,births per woman,World Bank,2026-10-09
BIH,Bosnia and Herzegovina,2018,SP.DYN.TFRT.IN,1.504,births per woman,World Bank,2026-10-09
BIH,Bosnia and Herzegovina,2019,SP.DYN.TFRT.IN,1.509,births per woman,World Bank,2026-10-09
BIH,Bosnia and Herzegovina,2020,SP.DYN.TFRT.IN,1.515,births per woman,World Bank,2026-10-09
BIH,Bosnia and Herzegovina,2021,SP.DYN.TFRT.IN,1.49,births per woman,World Bank,2026-10-09
BIH,Bosnia and Herzegovina,2022,SP.DYN.TFRT.IN,1.481,births per woman,World Bank,2026-10-09
BIH,Bosnia and Herzegovina,2023,SP.DYN.TFRT.IN,1.486,births per woman,World Bank,2026-10-09
BIH,Bosnia and Herzegovina,2024,SP.DYN.TFRT.IN,1.492,births per woman,World Bank,2026-10-09
CYP,Cyprus,2010,SP.DYN.TFRT.IN,1.434,births per woman,World Bank,2026-10-09
CYP,Cyprus,2011,SP.DYN.TFRT.IN,1.36,births per woman,World Bank,2026-10-09
CYP,Cyprus,2012,SP.DYN.TFRT.IN,1.382,births per woman,World Bank,2026-10-09
CYP,Cyprus,2013,SP.DYN.TFRT.IN,1.304,births per woman,World Bank,2026-10-09
CYP,Cyprus,2014,SP.DYN.TFRT.IN,1.312,births per woman,World Bank,2026-10-09
CYP,Cyprus,2015,SP.DYN.TFRT.IN,1.323,births per woman,World Bank,2026-10-09
CYP,Cyprus,2016,SP.DYN.TFRT.IN,1.357,births per woman,World Bank,2026-10-09
CYP,Cyprus,2017,SP.DYN.TFRT.IN,1.323,births per woman,World Bank,2026-10-09
CYP,Cyprus,2018,SP.DYN.TFRT.IN,1.319,births per woman,World Bank,2026-10-09
CYP,Cyprus,2019,SP.DYN.TFRT.IN,1.33,births per woman,World Bank,2026-10-09
CYP,Cyprus,2020,SP.DYN.TFRT.IN,1.361,births per woman,World Bank,2026-10-09
CYP,Cyprus,2021,SP.DYN.TFRT.IN,1.392,births per woman,World Bank,2026-10-09
CYP,Cyprus,2022,SP.DYN.TFRT.IN,1.393,births per woman,World Bank,2026-10-09
CYP,Cyprus,2023,SP.DYN.TFRT.IN,1.389,births per woman,World Bank,2026-10-09
CYP,Cyprus,2024,SP.DYN.TFRT.IN,1.38,births per woman,World Bank,2026-10-09
CZE,Czechia,2010,SP.DYN.TFRT.IN,1.51,births per woman,World Bank,2026-10-09
CZE,Czechia,2011,SP.DYN.TFRT.IN,1.43,births per woman,World Bank,2026-10-09
CZE,Czechia,2012,SP.DYN.TFRT.IN,1.45,births per woman,World Bank,2026-10-09
CZE,Czechia,2013,SP.DYN.TFRT.IN,1.46,births per woman,World Bank,2026-10-09
CZE,Czechia,2014,SP.DYN.TFRT.IN,1.53,births per woman,World Bank,2026-10-09
CZE,Czechia,2015,SP.DYN.TFRT.IN,1.57,births per woman,World Bank,2026-10-09
CZE,Czechia,2016,SP.DYN.TFRT.IN,1.63,births per woman,World Bank,2026-10-09
CZE,Czechia,2017,SP.DYN.TFRT.IN,1.69,births per woman,World Bank,2026-10-09
CZE,Czechia,2018,SP.DYN.TFRT.IN,1.71,births per woman,World Bank,2026-10-09
CZE,Czechia,2019,SP.DYN.TFRT.IN,1.71,births per woman,World Bank,2026-10-09
CZE,Czechia,2020,SP.DYN.TFRT.IN,1.74,births per woman,World Bank,2026-10-09
CZE,Czechia,2021,SP.DYN.TFRT.IN,1.83,births per woman,World Bank,2026-10-09
CZE,Czechia,2022,SP.DYN.TFRT.IN,1.64,births per woman,World Bank,2026-10-09
CZE,Czechia,2023,SP.DYN.TFRT.IN,1.46,births per woman,World Bank,2026-10-09
CZE,Czechia,2024,SP.DYN.TFRT.IN,1.36,births per woman,World Bank,2026-10-09
DEU,Germany,2010,SP.DYN.TFRT.IN,1.39,births per woman,World Bank,2026-10-09
DEU,Germany,2011,SP.DYN.TFRT.IN,1.39,births per woman,World Bank,2026-10-09
DEU,Germany,2012,SP.DYN.TFRT.IN,1.41,births per woman,World Bank,2026-10-09
DEU,Germany,2013,SP.DYN.TFRT.IN,1.42,births per woman,World Bank,2026-10-09
DEU,Germany,2014,SP.DYN.TFRT.IN,1.47,births per woman,World Bank,2026-10-09
DEU,Germany,2015,SP.DYN.TFRT.IN,1.5,births per woman,World Bank,2026-10-09
DEU,Germany,2016,SP.DYN.TFRT.IN,1.6,births per woman,World Bank,2026-10-09
DEU,Germany,2017,SP.DYN.TFRT.IN,1.57,births per woman,World Bank,2026-10-09
DEU,Germany,2018,SP.DYN.TFRT.IN,1.57,births per woman,World Bank,2026-10-09
DEU,Germany,2019,SP.DYN.TFRT.IN,1.54,births per woman,World Bank,2026-10-09
DEU,Germany,2020,SP.DYN.TFRT.IN,1.53,births per woman,World Bank,2026-10-09
DEU,Germany,2021,SP.DYN.TFRT.IN,1.58,births per woman,World Bank,2026-10-09
DEU,Germany,2022,SP.DYN.TFRT.IN,1.455,births per woman,World Bank,2026-10-09
DEU,Germany,2023,SP.DYN.TFRT.IN,1.39,births per woman,World Bank,2026-10-09
DEU,Germany,2024,SP.DYN.TFRT.IN,1.36,births per woman,World Bank,2026-10-09
DNK,Denmark,2010,SP.DYN.TFRT.IN,1.87,births per woman,World Bank,2026-10-09
DNK,Denmark,2011,SP.DYN.TFRT.IN,1.75,births per woman,World Bank,2026-10-09
DNK,Denmark,2012,SP.DYN.TFRT.IN,1.73,births per woman,World Bank,2026-10-09
DNK,Denmark,2013,SP.DYN.TFRT.IN,1.67,births per woman,World Bank,2026-10-09
DNK,Denmark,2014,SP.DYN.TFRT.IN,1.69,births per woman,World Bank,2026-10-09
DNK,Denmark,2015,SP.DYN.TFRT.IN,1.71,births per woman,World Bank,2026-10-09
DNK,Denmark,2016,SP.DYN.TFRT.IN,1.79,births per woman,World Bank,2026-10-09
DNK,Denmark,2017,SP.DYN.TFRT.IN,1.75,births per woman,World Bank,2026-10-09
DNK,Denmark,2018,SP.DYN.TFRT.IN,1.73,births per woman,World Bank,2026-10-09
DNK,Denmark,2019,SP.DYN.TFRT.IN,1.7,births per woman,World Bank,2026-10-09
DNK,Denmark,2020,SP.DYN.TFRT.IN,1.68,births per woman,World Bank,2026-10-09
DNK,Denmark,2021,SP.DYN.TFRT.IN,1.72,births per woman,World Bank,2026-10-09
DNK,Denmark,2022,SP.DYN.TFRT.IN,1.55,births per woman,World Bank,2026-10-09
DNK,Denmark,2023,SP.DYN.TFRT.IN,1.5,births per woman,World Bank,2026-10-09
DNK,Denmark,2024,SP.DYN.TFRT.IN,1.47,births per woman,World Bank,2026-10-09
ESP,Spain,2010,SP.DYN.TFRT.IN,1.37,births per woman,World Bank,2026-10-09
ESP,Spain,2011,SP.DYN.TFRT.IN,1.34,births per woman,World Bank,2026-10-09
ESP,Spain,2012,SP.DYN.TFRT.IN,1.32,births per woman,World Bank,2026-10-09
ESP,Spain,2013,SP.DYN.TFRT.IN,1.27,births per woman,World Bank,2026-10-09
ESP,Spain,2014,SP.DYN.TFRT.IN,1.32,births per woman,World Bank,2026-10-09
ESP,Spain,2015,SP.DYN.TFRT.IN,1.33,births per woman,World Bank,2026-10-09
ESP,Spain,2016,SP.DYN.TFRT.IN,1.33,births per woman,World Bank,2026-10-09
ESP,Spain,2017,SP.DYN.TFRT.IN,1.31,births per woman,World Bank,2026-10-09
ESP,Spain,2018,SP.DYN.TFRT.IN,1.26,births per woman,World Bank,2026-10-09
ESP,Spain,2019,SP.DYN.TFRT.IN,1.23,births per woman,World Bank,2026-10-09
ESP,Spain,2020,SP.DYN.TFRT.IN,1.18,births per woman,World Bank,2026-10-09
ESP,Spain,2021,SP.DYN.TFRT.IN,1.18,births per woman,World Bank,2026-10-09
ESP,Spain,2022,SP.DYN.TFRT.IN,1.16,births per woman,World Bank,2026-10-09
ESP,Spain,2023,SP.DYN.TFRT.IN,1.12,births per woman,World Bank,2026-10-09
ESP,Spain,2024,SP.DYN.TFRT.IN,1.1,births per woman,World Bank,2026-10-09
EST,Estonia,2010,SP.DYN.TFRT.IN,1.72,births per woman,World Bank,2026-10-09
EST,Estonia,2011,SP.DYN.TFRT.IN,1.61,births per woman,World Bank,2026-10-09
EST,Estonia,2012,SP.DYN.TFRT.IN,1.56,births per woman,World Bank,2026-10-09
EST,Estonia,2013,SP.DYN.TFRT.IN,1.52,births per woman,World Bank,2026-10-09
EST,Estonia,2014,SP.DYN.TFRT.IN,1.54,births per woman,World Bank,2026-10-09
EST,Estonia,2015,SP.DYN.TFRT.IN,1.58,births per woman,World Bank,2026-10-09
EST,Estonia,2016,SP.DYN.TFRT.IN,1.6,births per woman,World Bank,2026-10-09
EST,Estonia,2017,SP.DYN.TFRT.IN,1.59,births per woman,World Bank,2026-10-09
EST,Estonia,2018,SP.DYN.TFRT.IN,1.67,births per woman,World Bank,2026-10-09
EST,Estonia,2019,SP.DYN.TFRT.IN,1.66,births per woman,World Bank,2026-10-09
EST,Estonia,2020,SP.DYN.TFRT.IN,1.58,births per woman,World Bank,2026-10-09
EST,Estonia,2021,SP.DYN.TFRT.IN,1.61,births per woman,World Bank,2026-10-09
EST,Estonia,2022,SP.DYN.TFRT.IN,1.41,births per woman,World Bank,2026-10-09
EST,Estonia,2023,SP.DYN.TFRT.IN,1.31,births per woman,World Bank,2026-10-09
EST,Estonia,2024,SP.DYN.TFRT.IN,1.18,births per woman,World Bank,2026-10-09
EUU,European Union (aggregate),2010,SP.DYN.TFRT.IN,1.5634616186116,births per woman,World Bank,2026-10-09
EUU,European Union (aggregate),2011,SP.DYN.TFRT.IN,1.52959407141605,births per woman,World Bank,2026-10-09
EUU,European Union (aggregate),2012,SP.DYN.TFRT.IN,1.53161547008715,births per woman,World Bank,2026-10-09
EUU,European Union (aggregate),2013,SP.DYN.TFRT.IN,1.50825013871459,births per woman,World Bank,2026-10-09
EUU,European Union (aggregate),2014,SP.DYN.TFRT.IN,1.53815734404476,births per woman,World Bank,2026-10-09
EUU,European Union (aggregate),2015,SP.DYN.TFRT.IN,1.54031619030692,births per woman,World Bank,2026-10-09
EUU,European Union (aggregate),2016,SP.DYN.TFRT.IN,1.57060182280831,births per woman,World Bank,2026-10-09
EUU,European Union (aggregate),2017,SP.DYN.TFRT.IN,1.56466473200747,births per woman,World Bank,2026-10-09
EUU,European Union (aggregate),2018,SP.DYN.TFRT.IN,1.54734162624576,births per woman,World Bank,2026-10-09
EUU,European Union (aggregate),2019,SP.DYN.TFRT.IN,1.52767031959044,births per woman,World Bank,2026-10-09
EUU,European Union (aggregate),2020,SP.DYN.TFRT.IN,1.50409489252504,births per woman,World Bank,2026-10-09
EUU,European Union (aggregate),2021,SP.DYN.TFRT.IN,1.5243237978758,births per woman,World Bank,2026-10-09
EUU,European Union (aggregate),2022,SP.DYN.TFRT.IN,1.45486807707711,births per woman,World Bank,2026-10-09
EUU,European Union (aggregate),2023,SP.DYN.TFRT.IN,1.3837480486422,births per woman,World Bank,2026-10-09
EUU,European Union (aggregate),2024,SP.DYN.TFRT.IN,1.34087000671597,births per woman,World Bank,2026-10-09
FIN,Finland,2010,SP.DYN.TFRT.IN,1.87,births per woman,World Bank,2026-10-09
FIN,Finland,2011,SP.DYN.TFRT.IN,1.83,births per woman,World Bank,2026-10-09
FIN,Finland,2012,SP.DYN.TFRT.IN,1.8,births per woman,World Bank,2026-10-09
FIN,Finland,2013,SP.DYN.TFRT.IN,1.75,births per woman,World Bank,2026-10-09
FIN,Finland,2014,SP.DYN.TFRT.IN,1.71,births per woman,World Bank,2026-10-09
FIN,Finland,2015,SP.DYN.TFRT.IN,1.65,births per woman,World Bank,2026-10-09
FIN,Finland,2016,SP.DYN.TFRT.IN,1.57,births per woman,World Bank,2026-10-09
FIN,Finland,2017,SP.DYN.TFRT.IN,1.49,births per woman,World Bank,2026-10-09
FIN,Finland,2018,SP.DYN.TFRT.IN,1.41,births per woman,World Bank,2026-10-09
FIN,Finland,2019,SP.DYN.TFRT.IN,1.35,births per woman,World Bank,2026-10-09
FIN,Finland,2020,SP.DYN.TFRT.IN,1.37,births per woman,World Bank,2026-10-09
FIN,Finland,2021,SP.DYN.TFRT.IN,1.46,births per woman,World Bank,2026-10-09
FIN,Finland,2022,SP.DYN.TFRT.IN,1.32,births per woman,World Bank,2026-10-09
FIN,Finland,2023,SP.DYN.TFRT.IN,1.26,births per woman,World Bank,2026-10-09
FIN,Finland,2024,SP.DYN.TFRT.IN,1.25,births per woman,World Bank,2026-10-09
FRA,France,2010,SP.DYN.TFRT.IN,2.03,births per woman,World Bank,2026-10-09
FRA,France,2011,SP.DYN.TFRT.IN,2.01,births per woman,World Bank,2026-10-09
FRA,France,2012,SP.DYN.TFRT.IN,2.01,births per woman,World Bank,2026-10-09
FRA,France,2013,SP.DYN.TFRT.IN,1.99,births per woman,World Bank,2026-10-09
FRA,France,2014,SP.DYN.TFRT.IN,2.0,births per woman,World Bank,2026-10-09
FRA,France,2015,SP.DYN.TFRT.IN,1.96,births per woman,World Bank,2026-10-09
FRA,France,2016,SP.DYN.TFRT.IN,1.92,births per woman,World Bank,2026-10-09
FRA,France,2017,SP.DYN.TFRT.IN,1.89,births per woman,World Bank,2026-10-09
FRA,France,2018,SP.DYN.TFRT.IN,1.87,births per woman,World Bank,2026-10-09
FRA,France,2019,SP.DYN.TFRT.IN,1.86,births per woman,World Bank,2026-10-09
FRA,France,2020,SP.DYN.TFRT.IN,1.82,births per woman,World Bank,2026-10-09
FRA,France,2021,SP.DYN.TFRT.IN,1.83,births per woman,World Bank,2026-10-09
FRA,France,2022,SP.DYN.TFRT.IN,1.78,births per woman,World Bank,2026-10-09
FRA,France,2023,SP.DYN.TFRT.IN,1.66,births per woman,World Bank,2026-10-09
FRA,France,2024,SP.DYN.TFRT.IN,1.61,births per woman,World Bank,2026-10-09
GRC,Greece,2010,SP.DYN.TFRT.IN,1.48,births per woman,World Bank,2026-10-09
GRC,Greece,2011,SP.DYN.TFRT.IN,1.4,births per woman,World Bank,2026-10-09
GRC,Greece,2012,SP.DYN.TFRT.IN,1.34,births per woman,World Bank,2026-10-09
GRC,Greece,2013,SP.DYN.TFRT.IN,1.29,births per woman,World Bank,2026-10-09
GRC,Greece,2014,SP.DYN.TFRT.IN,1.3,births per woman,World Bank,2026-10-09
GRC,Greece,2015,SP.DYN.TFRT.IN,1.33,births per woman,World Bank,2026-10-09
GRC,Greece,2016,SP.DYN.TFRT.IN,1.38,births per woman,World Bank,2026-10-09
GRC,Greece,2017,SP.DYN.TFRT.IN,1.35,births per woman,World Bank,2026-10-09
GRC,Greece,2018,SP.DYN.TFRT.IN,1.35,births per woman,World Bank,2026-10-09
GRC,Greece,2019,SP.DYN.TFRT.IN,1.34,births per woman,World Bank,2026-10-09
GRC,Greece,2020,SP.DYN.TFRT.IN,1.39,births per woman,World Bank,2026-10-09
GRC,Greece,2021,SP.DYN.TFRT.IN,1.43,births per woman,World Bank,2026-10-09
GRC,Greece,2022,SP.DYN.TFRT.IN,1.32,births per woman,World Bank,2026-10-09
GRC,Greece,2023,SP.DYN.TFRT.IN,1.26,births per woman,World Bank,2026-10-09
GRC,Greece,2024,SP.DYN.TFRT.IN,1.24,births per woman,World Bank,2026-10-09
HRV,Croatia,2010,SP.DYN.TFRT.IN,1.46,births per woman,World Bank,2026-10-09
HRV,Croatia,2011,SP.DYN.TFRT.IN,1.41,births per woman,World Bank,2026-10-09
HRV,Croatia,2012,SP.DYN.TFRT.IN,1.52,births per woman,World Bank,2026-10-09
HRV,Croatia,2013,SP.DYN.TFRT.IN,1.46,births per woman,World Bank,2026-10-09
HRV,Croatia,2014,SP.DYN.TFRT.IN,1.46,births per woman,World Bank,2026-10-09
HRV,Croatia,2015,SP.DYN.TFRT.IN,1.41,births per woman,World Bank,2026-10-09
HRV,Croatia,2016,SP.DYN.TFRT.IN,1.43,births per woman,World Bank,2026-10-09
HRV,Croatia,2017,SP.DYN.TFRT.IN,1.42,births per woman,World Bank,2026-10-09
HRV,Croatia,2018,SP.DYN.TFRT.IN,1.47,births per woman,World Bank,2026-10-09
HRV,Croatia,2019,SP.DYN.TFRT.IN,1.47,births per woman,World Bank,2026-10-09
HRV,Croatia,2020,SP.DYN.TFRT.IN,1.48,births per woman,World Bank,2026-10-09
HRV,Croatia,2021,SP.DYN.TFRT.IN,1.62,births per woman,World Bank,2026-10-09
HRV,Croatia,2022,SP.DYN.TFRT.IN,1.53,births per woman,World Bank,2026-10-09
HRV,Croatia,2023,SP.DYN.TFRT.IN,1.46,births per woman,World Bank,2026-10-09
HRV,Croatia,2024,SP.DYN.TFRT.IN,1.46,births per woman,World Bank,2026-10-09
HUN,Hungary,2010,SP.DYN.TFRT.IN,1.25,births per woman,World Bank,2026-10-09
HUN,Hungary,2011,SP.DYN.TFRT.IN,1.23,births per woman,World Bank,2026-10-09
HUN,Hungary,2012,SP.DYN.TFRT.IN,1.34,births per woman,World Bank,2026-10-09
HUN,Hungary,2013,SP.DYN.TFRT.IN,1.36,births per woman,World Bank,2026-10-09
HUN,Hungary,2014,SP.DYN.TFRT.IN,1.45,births per woman,World Bank,2026-10-09
HUN,Hungary,2015,SP.DYN.TFRT.IN,1.46,births per woman,World Bank,2026-10-09
HUN,Hungary,2016,SP.DYN.TFRT.IN,1.55,births per woman,World Bank,2026-10-09
HUN,Hungary,2017,SP.DYN.TFRT.IN,1.56,births per woman,World Bank,2026-10-09
HUN,Hungary,2018,SP.DYN.TFRT.IN,1.57,births per woman,World Bank,2026-10-09
HUN,Hungary,2019,SP.DYN.TFRT.IN,1.58,births per woman,World Bank,2026-10-09
HUN,Hungary,2020,SP.DYN.TFRT.IN,1.61,births per woman,World Bank,2026-10-09
HUN,Hungary,2021,SP.DYN.TFRT.IN,1.63,births per woman,World Bank,2026-10-09
HUN,Hungary,2022,SP.DYN.TFRT.IN,1.57,births per woman,World Bank,2026-10-09
HUN,Hungary,2023,SP.DYN.TFRT.IN,1.55,births per woman,World Bank,2026-10-09
HUN,Hungary,2024,SP.DYN.TFRT.IN,1.41,births per woman,World Bank,2026-10-09
IRL,Ireland,2010,SP.DYN.TFRT.IN,2.05,births per woman,World Bank,2026-10-09
IRL,Ireland,2011,SP.DYN.TFRT.IN,2.03,births per woman,World Bank,2026-10-09
IRL,Ireland,2012,SP.DYN.TFRT.IN,1.98,births per woman,World Bank,2026-10-09
IRL,Ireland,2013,SP.DYN.TFRT.IN,1.93,births per woman,World Bank,2026-10-09
IRL,Ireland,2014,SP.DYN.TFRT.IN,1.89,births per woman,World Bank,2026-10-09
IRL,Ireland,2015,SP.DYN.TFRT.IN,1.85,births per woman,World Bank,2026-10-09
IRL,Ireland,2016,SP.DYN.TFRT.IN,1.81,births per woman,World Bank,2026-10-09
IRL,Ireland,2017,SP.DYN.TFRT.IN,1.76,births per woman,World Bank,2026-10-09
IRL,Ireland,2018,SP.DYN.TFRT.IN,1.74,births per woman,World Bank,2026-10-09
IRL,Ireland,2019,SP.DYN.TFRT.IN,1.69,births per woman,World Bank,2026-10-09
IRL,Ireland,2020,SP.DYN.TFRT.IN,1.6,births per woman,World Bank,2026-10-09
IRL,Ireland,2021,SP.DYN.TFRT.IN,1.72,births per woman,World Bank,2026-10-09
IRL,Ireland,2022,SP.DYN.TFRT.IN,1.51,births per woman,World Bank,2026-10-09
IRL,Ireland,2023,SP.DYN.TFRT.IN,1.5,births per woman,World Bank,2026-10-09
IRL,Ireland,2024,SP.DYN.TFRT.IN,1.47,births per woman,World Bank,2026-10-09
ITA,Italy,2010,SP.DYN.TFRT.IN,1.44,births per woman,World Bank,2026-10-09
ITA,Italy,2011,SP.DYN.TFRT.IN,1.42,births per woman,World Bank,2026-10-09
ITA,Italy,2012,SP.DYN.TFRT.IN,1.42,births per woman,World Bank,2026-10-09
ITA,Italy,2013,SP.DYN.TFRT.IN,1.39,births per woman,World Bank,2026-10-09
ITA,Italy,2014,SP.DYN.TFRT.IN,1.38,births per woman,World Bank,2026-10-09
ITA,Italy,2015,SP.DYN.TFRT.IN,1.36,births per woman,World Bank,2026-10-09
ITA,Italy,2016,SP.DYN.TFRT.IN,1.36,births per woman,World Bank,2026-10-09
ITA,Italy,2017,SP.DYN.TFRT.IN,1.34,births per woman,World Bank,2026-10-09
ITA,Italy,2018,SP.DYN.TFRT.IN,1.31,births per woman,World Bank,2026-10-09
ITA,Italy,2019,SP.DYN.TFRT.IN,1.27,births per woman,World Bank,2026-10-09
ITA,Italy,2020,SP.DYN.TFRT.IN,1.24,births per woman,World Bank,2026-10-09
ITA,Italy,2021,SP.DYN.TFRT.IN,1.25,births per woman,World Bank,2026-10-09
ITA,Italy,2022,SP.DYN.TFRT.IN,1.24,births per woman,World Bank,2026-10-09
ITA,Italy,2023,SP.DYN.TFRT.IN,1.21,births per woman,World Bank,2026-10-09
ITA,Italy,2024,SP.DYN.TFRT.IN,1.18,births per woman,World Bank,2026-10-09
LTU,Lithuania,2010,SP.DYN.TFRT.IN,1.5,births per woman,World Bank,2026-10-09
LTU,Lithuania,2011,SP.DYN.TFRT.IN,1.55,births per woman,World Bank,2026-10-09
LTU,Lithuania,2012,SP.DYN.TFRT.IN,1.6,births per woman,World Bank,2026-10-09
LTU,Lithuania,2013,SP.DYN.TFRT.IN,1.59,births per woman,World Bank,2026-10-09
LTU,Lithuania,2014,SP.DYN.TFRT.IN,1.57,births per woman,World Bank,2026-10-09
LTU,Lithuania,2015,SP.DYN.TFRT.IN,1.63,births per woman,World Bank,2026-10-09
LTU,Lithuania,2016,SP.DYN.TFRT.IN,1.63,births per woman,World Bank,2026-10-09
LTU,Lithuania,2017,SP.DYN.TFRT.IN,1.57,births per woman,World Bank,2026-10-09
LTU,Lithuania,2018,SP.DYN.TFRT.IN,1.53,births per woman,World Bank,2026-10-09
LTU,Lithuania,2019,SP.DYN.TFRT.IN,1.43,births per woman,World Bank,2026-10-09
LTU,Lithuania,2020,SP.DYN.TFRT.IN,1.36,births per woman,World Bank,2026-10-09
LTU,Lithuania,2021,SP.DYN.TFRT.IN,1.36,births per woman,World Bank,2026-10-09
LTU,Lithuania,2022,SP.DYN.TFRT.IN,1.27,births per woman,World Bank,2026-10-09
LTU,Lithuania,2023,SP.DYN.TFRT.IN,1.18,births per woman,World Bank,2026-10-09
LTU,Lithuania,2024,SP.DYN.TFRT.IN,1.11,births per woman,World Bank,2026-10-09
LUX,Luxembourg,2010,SP.DYN.TFRT.IN,1.63,births per woman,World Bank,2026-10-09
LUX,Luxembourg,2011,SP.DYN.TFRT.IN,1.52,births per woman,World Bank,2026-10-09
LUX,Luxembourg,2012,SP.DYN.TFRT.IN,1.57,births per woman,World Bank,2026-10-09
LUX,Luxembourg,2013,SP.DYN.TFRT.IN,1.55,births per woman,World Bank,2026-10-09
LUX,Luxembourg,2014,SP.DYN.TFRT.IN,1.5,births per woman,World Bank,2026-10-09
LUX,Luxembourg,2015,SP.DYN.TFRT.IN,1.47,births per woman,World Bank,2026-10-09
LUX,Luxembourg,2016,SP.DYN.TFRT.IN,1.41,births per woman,World Bank,2026-10-09
LUX,Luxembourg,2017,SP.DYN.TFRT.IN,1.39,births per woman,World Bank,2026-10-09
LUX,Luxembourg,2018,SP.DYN.TFRT.IN,1.38,births per woman,World Bank,2026-10-09
LUX,Luxembourg,2019,SP.DYN.TFRT.IN,1.34,births per woman,World Bank,2026-10-09
LUX,Luxembourg,2020,SP.DYN.TFRT.IN,1.36,births per woman,World Bank,2026-10-09
LUX,Luxembourg,2021,SP.DYN.TFRT.IN,1.38,births per woman,World Bank,2026-10-09
LUX,Luxembourg,2022,SP.DYN.TFRT.IN,1.31,births per woman,World Bank,2026-10-09
LUX,Luxembourg,2023,SP.DYN.TFRT.IN,1.25,births per woman,World Bank,2026-10-09
LUX,Luxembourg,2024,SP.DYN.TFRT.IN,1.25,births per woman,World Bank,2026-10-09
LVA,Latvia,2010,SP.DYN.TFRT.IN,1.36,births per woman,World Bank,2026-10-09
LVA,Latvia,2011,SP.DYN.TFRT.IN,1.33,births per woman,World Bank,2026-10-09
LVA,Latvia,2012,SP.DYN.TFRT.IN,1.44,births per woman,World Bank,2026-10-09
LVA,Latvia,2013,SP.DYN.TFRT.IN,1.52,births per woman,World Bank,2026-10-09
LVA,Latvia,2014,SP.DYN.TFRT.IN,1.65,births per woman,World Bank,2026-10-09
LVA,Latvia,2015,SP.DYN.TFRT.IN,1.7,births per woman,World Bank,2026-10-09
LVA,Latvia,2016,SP.DYN.TFRT.IN,1.74,births per woman,World Bank,2026-10-09
LVA,Latvia,2017,SP.DYN.TFRT.IN,1.69,births per woman,World Bank,2026-10-09
LVA,Latvia,2018,SP.DYN.TFRT.IN,1.6,births per woman,World Bank,2026-10-09
LVA,Latvia,2019,SP.DYN.TFRT.IN,1.61,births per woman,World Bank,2026-10-09
LVA,Latvia,2020,SP.DYN.TFRT.IN,1.55,births per woman,World Bank,2026-10-09
LVA,Latvia,2021,SP.DYN.TFRT.IN,1.57,births per woman,World Bank,2026-10-09
LVA,Latvia,2022,SP.DYN.TFRT.IN,1.47,births per woman,World Bank,2026-10-09
LVA,Latvia,2023,SP.DYN.TFRT.IN,1.36,births per woman,World Bank,2026-10-09
LVA,Latvia,2024,SP.DYN.TFRT.IN,1.24,births per woman,World Bank,2026-10-09
MKD,North Macedonia,2010,SP.DYN.TFRT.IN,1.6,births per woman,World Bank,2026-10-09
MKD,North Macedonia,2011,SP.DYN.TFRT.IN,1.46,births per woman,World Bank,2026-10-09
MKD,North Macedonia,2012,SP.DYN.TFRT.IN,1.5,births per woman,World Bank,2026-10-09
MKD,North Macedonia,2013,SP.DYN.TFRT.IN,1.5,births per woman,World Bank,2026-10-09
MKD,North Macedonia,2014,SP.DYN.TFRT.IN,1.5,births per woman,World Bank,2026-10-09
MKD,North Macedonia,2015,SP.DYN.TFRT.IN,1.49,births per woman,World Bank,2026-10-09
MKD,North Macedonia,2016,SP.DYN.TFRT.IN,1.5,births per woman,World Bank,2026-10-09
MKD,North Macedonia,2017,SP.DYN.TFRT.IN,1.43,births per woman,World Bank,2026-10-09
MKD,North Macedonia,2018,SP.DYN.TFRT.IN,1.42,births per woman,World Bank,2026-10-09
MKD,North Macedonia,2019,SP.DYN.TFRT.IN,1.34,births per woman,World Bank,2026-10-09
MKD,North Macedonia,2020,SP.DYN.TFRT.IN,1.31,births per woman,World Bank,2026-10-09
MKD,North Macedonia,2021,SP.DYN.TFRT.IN,1.6,births per woman,World Bank,2026-10-09
MKD,North Macedonia,2022,SP.DYN.TFRT.IN,1.6,births per woman,World Bank,2026-10-09
MKD,North Macedonia,2023,SP.DYN.TFRT.IN,1.5,births per woman,World Bank,2026-10-09
MKD,North Macedonia,2024,SP.DYN.TFRT.IN,1.4,births per woman,World Bank,2026-10-09
MLT,Malta,2010,SP.DYN.TFRT.IN,1.36,births per woman,World Bank,2026-10-09
MLT,Malta,2011,SP.DYN.TFRT.IN,1.45,births per woman,World Bank,2026-10-09
MLT,Malta,2012,SP.DYN.TFRT.IN,1.42,births per woman,World Bank,2026-10-09
MLT,Malta,2013,SP.DYN.TFRT.IN,1.36,births per woman,World Bank,2026-10-09
MLT,Malta,2014,SP.DYN.TFRT.IN,1.38,births per woman,World Bank,2026-10-09
MLT,Malta,2015,SP.DYN.TFRT.IN,1.37,births per woman,World Bank,2026-10-09
MLT,Malta,2016,SP.DYN.TFRT.IN,1.37,births per woman,World Bank,2026-10-09
MLT,Malta,2017,SP.DYN.TFRT.IN,1.26,births per woman,World Bank,2026-10-09
MLT,Malta,2018,SP.DYN.TFRT.IN,1.23,births per woman,World Bank,2026-10-09
MLT,Malta,2019,SP.DYN.TFRT.IN,1.14,births per woman,World Bank,2026-10-09
MLT,Malta,2020,SP.DYN.TFRT.IN,1.14,births per woman,World Bank,2026-10-09
MLT,Malta,2021,SP.DYN.TFRT.IN,1.13,births per woman,World Bank,2026-10-09
MLT,Malta,2022,SP.DYN.TFRT.IN,1.08,births per woman,World Bank,2026-10-09
MLT,Malta,2023,SP.DYN.TFRT.IN,1.06,births per woman,World Bank,2026-10-09
MLT,Malta,2024,SP.DYN.TFRT.IN,1.01,births per woman,World Bank,2026-10-09
MNE,Montenegro,2010,SP.DYN.TFRT.IN,1.7,births per woman,World Bank,2026-10-09
MNE,Montenegro,2011,SP.DYN.TFRT.IN,1.65,births per woman,World Bank,2026-10-09
MNE,Montenegro,2012,SP.DYN.TFRT.IN,1.72,births per woman,World Bank,2026-10-09
MNE,Montenegro,2013,SP.DYN.TFRT.IN,1.73,births per woman,World Bank,2026-10-09
MNE,Montenegro,2014,SP.DYN.TFRT.IN,1.75,births per woman,World Bank,2026-10-09
MNE,Montenegro,2015,SP.DYN.TFRT.IN,1.7,births per woman,World Bank,2026-10-09
MNE,Montenegro,2016,SP.DYN.TFRT.IN,1.8,births per woman,World Bank,2026-10-09
MNE,Montenegro,2017,SP.DYN.TFRT.IN,1.8,births per woman,World Bank,2026-10-09
MNE,Montenegro,2018,SP.DYN.TFRT.IN,1.8,births per woman,World Bank,2026-10-09
MNE,Montenegro,2019,SP.DYN.TFRT.IN,1.8,births per woman,World Bank,2026-10-09
MNE,Montenegro,2020,SP.DYN.TFRT.IN,1.75,births per woman,World Bank,2026-10-09
MNE,Montenegro,2021,SP.DYN.TFRT.IN,1.75,births per woman,World Bank,2026-10-09
MNE,Montenegro,2022,SP.DYN.TFRT.IN,1.8,births per woman,World Bank,2026-10-09
MNE,Montenegro,2023,SP.DYN.TFRT.IN,1.74,births per woman,World Bank,2026-10-09
MNE,Montenegro,2024,SP.DYN.TFRT.IN,1.8,births per woman,World Bank,2026-10-09
NLD,Netherlands,2010,SP.DYN.TFRT.IN,1.79,births per woman,World Bank,2026-10-09
NLD,Netherlands,2011,SP.DYN.TFRT.IN,1.76,births per woman,World Bank,2026-10-09
NLD,Netherlands,2012,SP.DYN.TFRT.IN,1.72,births per woman,World Bank,2026-10-09
NLD,Netherlands,2013,SP.DYN.TFRT.IN,1.68,births per woman,World Bank,2026-10-09
NLD,Netherlands,2014,SP.DYN.TFRT.IN,1.71,births per woman,World Bank,2026-10-09
NLD,Netherlands,2015,SP.DYN.TFRT.IN,1.66,births per woman,World Bank,2026-10-09
NLD,Netherlands,2016,SP.DYN.TFRT.IN,1.66,births per woman,World Bank,2026-10-09
NLD,Netherlands,2017,SP.DYN.TFRT.IN,1.62,births per woman,World Bank,2026-10-09
NLD,Netherlands,2018,SP.DYN.TFRT.IN,1.59,births per woman,World Bank,2026-10-09
NLD,Netherlands,2019,SP.DYN.TFRT.IN,1.57,births per woman,World Bank,2026-10-09
NLD,Netherlands,2020,SP.DYN.TFRT.IN,1.54,births per woman,World Bank,2026-10-09
NLD,Netherlands,2021,SP.DYN.TFRT.IN,1.62,births per woman,World Bank,2026-10-09
NLD,Netherlands,2022,SP.DYN.TFRT.IN,1.49,births per woman,World Bank,2026-10-09
NLD,Netherlands,2023,SP.DYN.TFRT.IN,1.43,births per woman,World Bank,2026-10-09
NLD,Netherlands,2024,SP.DYN.TFRT.IN,1.43,births per woman,World Bank,2026-10-09
POL,Poland,2010,SP.DYN.TFRT.IN,1.41,births per woman,World Bank,2026-10-09
POL,Poland,2011,SP.DYN.TFRT.IN,1.33,births per woman,World Bank,2026-10-09
POL,Poland,2012,SP.DYN.TFRT.IN,1.33,births per woman,World Bank,2026-10-09
POL,Poland,2013,SP.DYN.TFRT.IN,1.29,births per woman,World Bank,2026-10-09
POL,Poland,2014,SP.DYN.TFRT.IN,1.32,births per woman,World Bank,2026-10-09
POL,Poland,2015,SP.DYN.TFRT.IN,1.32,births per woman,World Bank,2026-10-09
POL,Poland,2016,SP.DYN.TFRT.IN,1.39,births per woman,World Bank,2026-10-09
POL,Poland,2017,SP.DYN.TFRT.IN,1.48,births per woman,World Bank,2026-10-09
POL,Poland,2018,SP.DYN.TFRT.IN,1.46,births per woman,World Bank,2026-10-09
POL,Poland,2019,SP.DYN.TFRT.IN,1.44,births per woman,World Bank,2026-10-09
POL,Poland,2020,SP.DYN.TFRT.IN,1.39,births per woman,World Bank,2026-10-09
POL,Poland,2021,SP.DYN.TFRT.IN,1.33,births per woman,World Bank,2026-10-09
POL,Poland,2022,SP.DYN.TFRT.IN,1.29,births per woman,World Bank,2026-10-09
POL,Poland,2023,SP.DYN.TFRT.IN,1.2,births per woman,World Bank,2026-10-09
POL,Poland,2024,SP.DYN.TFRT.IN,1.14,births per woman,World Bank,2026-10-09
PRT,Portugal,2010,SP.DYN.TFRT.IN,1.39,births per woman,World Bank,2026-10-09
PRT,Portugal,2011,SP.DYN.TFRT.IN,1.35,births per woman,World Bank,2026-10-09
PRT,Portugal,2012,SP.DYN.TFRT.IN,1.28,births per woman,World Bank,2026-10-09
PRT,Portugal,2013,SP.DYN.TFRT.IN,1.21,births per woman,World Bank,2026-10-09
PRT,Portugal,2014,SP.DYN.TFRT.IN,1.24,births per woman,World Bank,2026-10-09
PRT,Portugal,2015,SP.DYN.TFRT.IN,1.31,births per woman,World Bank,2026-10-09
PRT,Portugal,2016,SP.DYN.TFRT.IN,1.37,births per woman,World Bank,2026-10-09
PRT,Portugal,2017,SP.DYN.TFRT.IN,1.38,births per woman,World Bank,2026-10-09
PRT,Portugal,2018,SP.DYN.TFRT.IN,1.42,births per woman,World Bank,2026-10-09
PRT,Portugal,2019,SP.DYN.TFRT.IN,1.44,births per woman,World Bank,2026-10-09
PRT,Portugal,2020,SP.DYN.TFRT.IN,1.42,births per woman,World Bank,2026-10-09
PRT,Portugal,2021,SP.DYN.TFRT.IN,1.35,births per woman,World Bank,2026-10-09
PRT,Portugal,2022,SP.DYN.TFRT.IN,1.43,births per woman,World Bank,2026-10-09
PRT,Portugal,2023,SP.DYN.TFRT.IN,1.45,births per woman,World Bank,2026-10-09
PRT,Portugal,2024,SP.DYN.TFRT.IN,1.41,births per woman,World Bank,2026-10-09
ROU,Romania,2010,SP.DYN.TFRT.IN,1.59,births per woman,World Bank,2026-10-09
ROU,Romania,2011,SP.DYN.TFRT.IN,1.47,births per woman,World Bank,2026-10-09
ROU,Romania,2012,SP.DYN.TFRT.IN,1.52,births per woman,World Bank,2026-10-09
ROU,Romania,2013,SP.DYN.TFRT.IN,1.46,births per woman,World Bank,2026-10-09
ROU,Romania,2014,SP.DYN.TFRT.IN,1.56,births per woman,World Bank,2026-10-09
ROU,Romania,2015,SP.DYN.TFRT.IN,1.62,births per woman,World Bank,2026-10-09
ROU,Romania,2016,SP.DYN.TFRT.IN,1.69,births per woman,World Bank,2026-10-09
ROU,Romania,2017,SP.DYN.TFRT.IN,1.78,births per woman,World Bank,2026-10-09
ROU,Romania,2018,SP.DYN.TFRT.IN,1.76,births per woman,World Bank,2026-10-09
ROU,Romania,2019,SP.DYN.TFRT.IN,1.77,births per woman,World Bank,2026-10-09
ROU,Romania,2020,SP.DYN.TFRT.IN,1.8,births per woman,World Bank,2026-10-09
ROU,Romania,2021,SP.DYN.TFRT.IN,1.81,births per woman,World Bank,2026-10-09
ROU,Romania,2022,SP.DYN.TFRT.IN,1.71,births per woman,World Bank,2026-10-09
ROU,Romania,2023,SP.DYN.TFRT.IN,1.54,births per woman,World Bank,2026-10-09
ROU,Romania,2024,SP.DYN.TFRT.IN,1.39,births per woman,World Bank,2026-10-09
SRB,Serbia,2010,SP.DYN.TFRT.IN,1.4,births per woman,World Bank,2026-10-09
SRB,Serbia,2011,SP.DYN.TFRT.IN,1.4,births per woman,World Bank,2026-10-09
SRB,Serbia,2012,SP.DYN.TFRT.IN,1.45,births per woman,World Bank,2026-10-09
SRB,Serbia,2013,SP.DYN.TFRT.IN,1.43,births per woman,World Bank,2026-10-09
SRB,Serbia,2014,SP.DYN.TFRT.IN,1.46,births per woman,World Bank,2026-10-09
SRB,Serbia,2015,SP.DYN.TFRT.IN,1.46,births per woman,World Bank,2026-10-09
SRB,Serbia,2016,SP.DYN.TFRT.IN,1.46,births per woman,World Bank,2026-10-09
SRB,Serbia,2017,SP.DYN.TFRT.IN,1.49,births per woman,World Bank,2026-10-09
SRB,Serbia,2018,SP.DYN.TFRT.IN,1.49,births per woman,World Bank,2026-10-09
SRB,Serbia,2019,SP.DYN.TFRT.IN,1.52,births per woman,World Bank,2026-10-09
SRB,Serbia,2020,SP.DYN.TFRT.IN,1.48,births per woman,World Bank,2026-10-09
SRB,Serbia,2021,SP.DYN.TFRT.IN,1.52,births per woman,World Bank,2026-10-09
SRB,Serbia,2022,SP.DYN.TFRT.IN,1.59,births per woman,World Bank,2026-10-09
SRB,Serbia,2023,SP.DYN.TFRT.IN,1.62,births per woman,World Bank,2026-10-09
SRB,Serbia,2024,SP.DYN.TFRT.IN,1.64,births per woman,World Bank,2026-10-09
SVK,Slovakia,2010,SP.DYN.TFRT.IN,1.43,births per woman,World Bank,2026-10-09
SVK,Slovakia,2011,SP.DYN.TFRT.IN,1.45,births per woman,World Bank,2026-10-09
SVK,Slovakia,2012,SP.DYN.TFRT.IN,1.34,births per woman,World Bank,2026-10-09
SVK,Slovakia,2013,SP.DYN.TFRT.IN,1.34,births per woman,World Bank,2026-10-09
SVK,Slovakia,2014,SP.DYN.TFRT.IN,1.37,births per woman,World Bank,2026-10-09
SVK,Slovakia,2015,SP.DYN.TFRT.IN,1.4,births per woman,World Bank,2026-10-09
SVK,Slovakia,2016,SP.DYN.TFRT.IN,1.48,births per woman,World Bank,2026-10-09
SVK,Slovakia,2017,SP.DYN.TFRT.IN,1.52,births per woman,World Bank,2026-10-09
SVK,Slovakia,2018,SP.DYN.TFRT.IN,1.54,births per woman,World Bank,2026-10-09
SVK,Slovakia,2019,SP.DYN.TFRT.IN,1.57,births per woman,World Bank,2026-10-09
SVK,Slovakia,2020,SP.DYN.TFRT.IN,1.59,births per woman,World Bank,2026-10-09
SVK,Slovakia,2021,SP.DYN.TFRT.IN,1.63,births per woman,World Bank,2026-10-09
SVK,Slovakia,2022,SP.DYN.TFRT.IN,1.57,births per woman,World Bank,2026-10-09
SVK,Slovakia,2023,SP.DYN.TFRT.IN,1.49,births per woman,World Bank,2026-10-09
SVK,Slovakia,2024,SP.DYN.TFRT.IN,1.46,births per woman,World Bank,2026-10-09
SVN,Slovenia,2010,SP.DYN.TFRT.IN,1.57,births per woman,World Bank,2026-10-09
SVN,Slovenia,2011,SP.DYN.TFRT.IN,1.56,births per woman,World Bank,2026-10-09
SVN,Slovenia,2012,SP.DYN.TFRT.IN,1.58,births per woman,World Bank,2026-10-09
SVN,Slovenia,2013,SP.DYN.TFRT.IN,1.55,births per woman,World Bank,2026-10-09
SVN,Slovenia,2014,SP.DYN.TFRT.IN,1.58,births per woman,World Bank,2026-10-09
SVN,Slovenia,2015,SP.DYN.TFRT.IN,1.57,births per woman,World Bank,2026-10-09
SVN,Slovenia,2016,SP.DYN.TFRT.IN,1.58,births per woman,World Bank,2026-10-09
SVN,Slovenia,2017,SP.DYN.TFRT.IN,1.62,births per woman,World Bank,2026-10-09
SVN,Slovenia,2018,SP.DYN.TFRT.IN,1.6,births per woman,World Bank,2026-10-09
SVN,Slovenia,2019,SP.DYN.TFRT.IN,1.61,births per woman,World Bank,2026-10-09
SVN,Slovenia,2020,SP.DYN.TFRT.IN,1.59,births per woman,World Bank,2026-10-09
SVN,Slovenia,2021,SP.DYN.TFRT.IN,1.64,births per woman,World Bank,2026-10-09
SVN,Slovenia,2022,SP.DYN.TFRT.IN,1.55,births per woman,World Bank,2026-10-09
SVN,Slovenia,2023,SP.DYN.TFRT.IN,1.51,births per woman,World Bank,2026-10-09
SVN,Slovenia,2024,SP.DYN.TFRT.IN,1.52,births per woman,World Bank,2026-10-09
SWE,Sweden,2010,SP.DYN.TFRT.IN,1.98,births per woman,World Bank,2026-10-09
SWE,Sweden,2011,SP.DYN.TFRT.IN,1.9,births per woman,World Bank,2026-10-09
SWE,Sweden,2012,SP.DYN.TFRT.IN,1.91,births per woman,World Bank,2026-10-09
SWE,Sweden,2013,SP.DYN.TFRT.IN,1.89,births per woman,World Bank,2026-10-09
SWE,Sweden,2014,SP.DYN.TFRT.IN,1.88,births per woman,World Bank,2026-10-09
SWE,Sweden,2015,SP.DYN.TFRT.IN,1.85,births per woman,World Bank,2026-10-09
SWE,Sweden,2016,SP.DYN.TFRT.IN,1.85,births per woman,World Bank,2026-10-09
SWE,Sweden,2017,SP.DYN.TFRT.IN,1.78,births per woman,World Bank,2026-10-09
SWE,Sweden,2018,SP.DYN.TFRT.IN,1.76,births per woman,World Bank,2026-10-09
SWE,Sweden,2019,SP.DYN.TFRT.IN,1.71,births per woman,World Bank,2026-10-09
SWE,Sweden,2020,SP.DYN.TFRT.IN,1.67,births per woman,World Bank,2026-10-09
SWE,Sweden,2021,SP.DYN.TFRT.IN,1.67,births per woman,World Bank,2026-10-09
SWE,Sweden,2022,SP.DYN.TFRT.IN,1.53,births per woman,World Bank,2026-10-09
SWE,Sweden,2023,SP.DYN.TFRT.IN,1.45,births per woman,World Bank,2026-10-09
SWE,Sweden,2024,SP.DYN.TFRT.IN,1.43,births per woman,World Bank,2026-10-09
ALB,Albania,2010,SP.POP.65UP.TO.ZS,10.9200550479108,% of total population,World Bank,2026-10-09
ALB,Albania,2011,SP.POP.65UP.TO.ZS,11.2281830971209,% of total population,World Bank,2026-10-09
ALB,Albania,2012,SP.POP.65UP.TO.ZS,11.5093140765442,% of total population,World Bank,2026-10-09
ALB,Albania,2013,SP.POP.65UP.TO.ZS,11.8201351814959,% of total population,World Bank,2026-10-09
ALB,Albania,2014,SP.POP.65UP.TO.ZS,12.1667692065035,% of total population,World Bank,2026-10-09
ALB,Albania,2015,SP.POP.65UP.TO.ZS,12.5431065412926,% of total population,World Bank,2026-10-09
ALB,Albania,2016,SP.POP.65UP.TO.ZS,12.9202121629827,% of total population,World Bank,2026-10-09
ALB,Albania,2017,SP.POP.65UP.TO.ZS,13.3053911120274,% of total population,World Bank,2026-10-09
ALB,Albania,2018,SP.POP.65UP.TO.ZS,13.739521828078,% of total population,World Bank,2026-10-09
ALB,Albania,2019,SP.POP.65UP.TO.ZS,14.2480986631067,% of total population,World Bank,2026-10-09
ALB,Albania,2020,SP.POP.65UP.TO.ZS,14.7670044100644,% of total population,World Bank,2026-10-09
ALB,Albania,2021,SP.POP.65UP.TO.ZS,15.2660050732804,% of total population,World Bank,2026-10-09
ALB,Albania,2022,SP.POP.65UP.TO.ZS,15.7763381628571,% of total population,World Bank,2026-10-09
ALB,Albania,2023,SP.POP.65UP.TO.ZS,16.3020000675759,% of total population,World Bank,2026-10-09
ALB,Albania,2024,SP.POP.65UP.TO.ZS,16.922756199529,% of total population,World Bank,2026-10-09
ALB,Albania,2025,SP.POP.65UP.TO.ZS,17.6221063807332,% of total population,World Bank,2026-10-09
AUT,Austria,2010,SP.POP.65UP.TO.ZS,17.6592449706019,% of total population,World Bank,2026-10-09
AUT,Austria,2011,SP.POP.65UP.TO.ZS,17.7360671109115,% of total population,World Bank,2026-10-09
AUT,Austria,2012,SP.POP.65UP.TO.ZS,17.9497049255533,% of total population,World Bank,2026-10-09
AUT,Austria,2013,SP.POP.65UP.TO.ZS,18.1994460470678,% of total population,World Bank,2026-10-09
AUT,Austria,2014,SP.POP.65UP.TO.ZS,18.3880563664351,% of total population,World Bank,2026-10-09
AUT,Austria,2015,SP.POP.65UP.TO.ZS,18.4613708048616,% of total population,World Bank,2026-10-09
AUT,Austria,2016,SP.POP.65UP.TO.ZS,18.4999156835518,% of total population,World Bank,2026-10-09
AUT,Austria,2017,SP.POP.65UP.TO.ZS,18.6103296736393,% of total population,World Bank,2026-10-09
AUT,Austria,2018,SP.POP.65UP.TO.ZS,18.7625828458159,% of total population,World Bank,2026-10-09
AUT,Austria,2019,SP.POP.65UP.TO.ZS,18.9402993578561,% of total population,World Bank,2026-10-09
AUT,Austria,2020,SP.POP.65UP.TO.ZS,19.169788839314,% of total population,World Bank,2026-10-09
AUT,Austria,2021,SP.POP.65UP.TO.ZS,19.462852720957,% of total population,World Bank,2026-10-09
AUT,Austria,2022,SP.POP.65UP.TO.ZS,19.7897509199721,% of total population,World Bank,2026-10-09
AUT,Austria,2023,SP.POP.65UP.TO.ZS,20.1640196753077,% of total population,World Bank,2026-10-09
AUT,Austria,2024,SP.POP.65UP.TO.ZS,20.6064031791903,% of total population,World Bank,2026-10-09
AUT,Austria,2025,SP.POP.65UP.TO.ZS,21.094709934873,% of total population,World Bank,2026-10-09
BEL,Belgium,2010,SP.POP.65UP.TO.ZS,17.1172634557158,% of total population,World Bank,2026-10-09
BEL,Belgium,2011,SP.POP.65UP.TO.ZS,17.2510605141588,% of total population,World Bank,2026-10-09
BEL,Belgium,2012,SP.POP.65UP.TO.ZS,17.4894292316249,% of total population,World Bank,2026-10-09
BEL,Belgium,2013,SP.POP.65UP.TO.ZS,17.7203816464754,% of total population,World Bank,2026-10-09
BEL,Belgium,2014,SP.POP.65UP.TO.ZS,17.9621509816265,% of total population,World Bank,2026-10-09
BEL,Belgium,2015,SP.POP.65UP.TO.ZS,18.1637094668899,% of total population,World Bank,2026-10-09
BEL,Belgium,2016,SP.POP.65UP.TO.ZS,18.356666180316,% of total population,World Bank,2026-10-09
BEL,Belgium,2017,SP.POP.65UP.TO.ZS,18.584903433857,% of total population,World Bank,2026-10-09
BEL,Belgium,2018,SP.POP.65UP.TO.ZS,18.8086209996758,% of total population,World Bank,2026-10-09
BEL,Belgium,2019,SP.POP.65UP.TO.ZS,19.029838081816,% of total population,World Bank,2026-10-09
BEL,Belgium,2020,SP.POP.65UP.TO.ZS,19.224020193227,% of total population,World Bank,2026-10-09
BEL,Belgium,2021,SP.POP.65UP.TO.ZS,19.4520520478909,% of total population,World Bank,2026-10-09
BEL,Belgium,2022,SP.POP.65UP.TO.ZS,19.7671927585206,% of total population,World Bank,2026-10-09
BEL,Belgium,2023,SP.POP.65UP.TO.ZS,20.1452749547016,% of total population,World Bank,2026-10-09
BEL,Belgium,2024,SP.POP.65UP.TO.ZS,20.5580809256443,% of total population,World Bank,2026-10-09
BEL,Belgium,2025,SP.POP.65UP.TO.ZS,20.9608828531757,% of total population,World Bank,2026-10-09
BGR,Bulgaria,2010,SP.POP.65UP.TO.ZS,18.1472285711578,% of total population,World Bank,2026-10-09
BGR,Bulgaria,2011,SP.POP.65UP.TO.ZS,18.5190836074404,% of total population,World Bank,2026-10-09
BGR,Bulgaria,2012,SP.POP.65UP.TO.ZS,18.9492680312808,% of total population,World Bank,2026-10-09
BGR,Bulgaria,2013,SP.POP.65UP.TO.ZS,19.3546939511256,% of total population,World Bank,2026-10-09
BGR,Bulgaria,2014,SP.POP.65UP.TO.ZS,19.7757387242757,% of total population,World Bank,2026-10-09
BGR,Bulgaria,2015,SP.POP.65UP.TO.ZS,20.209781460636,% of total population,World Bank,2026-10-09
BGR,Bulgaria,2016,SP.POP.65UP.TO.ZS,20.5760516337296,% of total population,World Bank,2026-10-09
BGR,Bulgaria,2017,SP.POP.65UP.TO.ZS,20.8699557799437,% of total population,World Bank,2026-10-09
BGR,Bulgaria,2018,SP.POP.65UP.TO.ZS,21.1708879702475,% of total population,World Bank,2026-10-09
BGR,Bulgaria,2019,SP.POP.65UP.TO.ZS,21.4794589439076,% of total population,World Bank,2026-10-09
BGR,Bulgaria,2020,SP.POP.65UP.TO.ZS,21.6867892994918,% of total population,World Bank,2026-10-09
BGR,Bulgaria,2021,SP.POP.65UP.TO.ZS,21.7032217425472,% of total population,World Bank,2026-10-09
BGR,Bulgaria,2022,SP.POP.65UP.TO.ZS,21.6972972212748,% of total population,World Bank,2026-10-09
BGR,Bulgaria,2023,SP.POP.65UP.TO.ZS,21.8324383446666,% of total population,World Bank,2026-10-09
BGR,Bulgaria,2024,SP.POP.65UP.TO.ZS,22.0303362606903,% of total population,World Bank,2026-10-09
BGR,Bulgaria,2025,SP.POP.65UP.TO.ZS,22.2355986271326,% of total population,World Bank,2026-10-09
BIH,Bosnia and Herzegovina,2010,SP.POP.65UP.TO.ZS,15.1145036765984,% of total population,World Bank,2026-10-09
BIH,Bosnia and Herzegovina,2011,SP.POP.65UP.TO.ZS,15.4536556294134,% of total population,World Bank,2026-10-09
BIH,Bosnia and Herzegovina,2012,SP.POP.65UP.TO.ZS,15.8713075222333,% of total population,World Bank,2026-10-09
BIH,Bosnia and Herzegovina,2013,SP.POP.65UP.TO.ZS,16.3229580551331,% of total population,World Bank,2026-10-09
BIH,Bosnia and Herzegovina,2014,SP.POP.65UP.TO.ZS,16.7737639028408,% of total population,World Bank,2026-10-09
BIH,Bosnia and Herzegovina,2015,SP.POP.65UP.TO.ZS,17.2535174740777,% of total population,World Bank,2026-10-09
BIH,Bosnia and Herzegovina,2016,SP.POP.65UP.TO.ZS,17.7718389532056,% of total population,World Bank,2026-10-09
BIH,Bosnia and Herzegovina,2017,SP.POP.65UP.TO.ZS,18.338880896671,% of total population,World Bank,2026-10-09
BIH,Bosnia and Herzegovina,2018,SP.POP.65UP.TO.ZS,18.9760112193682,% of total population,World Bank,2026-10-09
BIH,Bosnia and Herzegovina,2019,SP.POP.65UP.TO.ZS,19.6456887437667,% of total population,World Bank,2026-10-09
BIH,Bosnia and Herzegovina,2020,SP.POP.65UP.TO.ZS,20.2427175417457,% of total population,World Bank,2026-10-09
BIH,Bosnia and Herzegovina,2021,SP.POP.65UP.TO.ZS,20.6776926615011,% of total population,World Bank,2026-10-09
BIH,Bosnia and Herzegovina,2022,SP.POP.65UP.TO.ZS,21.1032694063471,% of total population,World Bank,2026-10-09
BIH,Bosnia and Herzegovina,2023,SP.POP.65UP.TO.ZS,21.642423894209,% of total population,World Bank,2026-10-09
BIH,Bosnia and Herzegovina,2024,SP.POP.65UP.TO.ZS,22.2302388589029,% of total population,World Bank,2026-10-09
BIH,Bosnia and Herzegovina,2025,SP.POP.65UP.TO.ZS,22.8598779877873,% of total population,World Bank,2026-10-09
CYP,Cyprus,2010,SP.POP.65UP.TO.ZS,11.3182862637672,% of total population,World Bank,2026-10-09
CYP,Cyprus,2011,SP.POP.65UP.TO.ZS,11.5524959823113,% of total population,World Bank,2026-10-09
CYP,Cyprus,2012,SP.POP.65UP.TO.ZS,11.7783896817994,% of total population,World Bank,2026-10-09
CYP,Cyprus,2013,SP.POP.65UP.TO.ZS,12.0174508719101,% of total population,World Bank,2026-10-09
CYP,Cyprus,2014,SP.POP.65UP.TO.ZS,12.2610616321095,% of total population,World Bank,2026-10-09
CYP,Cyprus,2015,SP.POP.65UP.TO.ZS,12.499902624146,% of total population,World Bank,2026-10-09
CYP,Cyprus,2016,SP.POP.65UP.TO.ZS,12.7306530327678,% of total population,World Bank,2026-10-09
CYP,Cyprus,2017,SP.POP.65UP.TO.ZS,12.9503446411893,% of total population,World Bank,2026-10-09
CYP,Cyprus,2018,SP.POP.65UP.TO.ZS,13.1664879646662,% of total population,World Bank,2026-10-09
CYP,Cyprus,2019,SP.POP.65UP.TO.ZS,13.3825533556934,% of total population,World Bank,2026-10-09
CYP,Cyprus,2020,SP.POP.65UP.TO.ZS,13.6112758903357,% of total population,World Bank,2026-10-09
CYP,Cyprus,2021,SP.POP.65UP.TO.ZS,13.8514250837978,% of total population,World Bank,2026-10-09
CYP,Cyprus,2022,SP.POP.65UP.TO.ZS,14.0779422699926,% of total population,World Bank,2026-10-09
CYP,Cyprus,2023,SP.POP.65UP.TO.ZS,14.3232720596026,% of total population,World Bank,2026-10-09
CYP,Cyprus,2024,SP.POP.65UP.TO.ZS,14.616184268068,% of total population,World Bank,2026-10-09
CYP,Cyprus,2025,SP.POP.65UP.TO.ZS,14.9323292144324,% of total population,World Bank,2026-10-09
CZE,Czechia,2010,SP.POP.65UP.TO.ZS,15.4590024087743,% of total population,World Bank,2026-10-09
CZE,Czechia,2011,SP.POP.65UP.TO.ZS,15.8988256979579,% of total population,World Bank,2026-10-09
CZE,Czechia,2012,SP.POP.65UP.TO.ZS,16.5000497271668,% of total population,World Bank,2026-10-09
CZE,Czechia,2013,SP.POP.65UP.TO.ZS,17.0821590856387,% of total population,World Bank,2026-10-09
CZE,Czechia,2014,SP.POP.65UP.TO.ZS,17.6054939584589,% of total population,World Bank,2026-10-09
CZE,Czechia,2015,SP.POP.65UP.TO.ZS,18.0968797652582,% of total population,World Bank,2026-10-09
CZE,Czechia,2016,SP.POP.65UP.TO.ZS,18.5951592241056,% of total population,World Bank,2026-10-09
CZE,Czechia,2017,SP.POP.65UP.TO.ZS,19.085882000882,% of total population,World Bank,2026-10-09
CZE,Czechia,2018,SP.POP.65UP.TO.ZS,19.5315793430182,% of total population,World Bank,2026-10-09
CZE,Czechia,2019,SP.POP.65UP.TO.ZS,19.9485877378936,% of total population,World Bank,2026-10-09
CZE,Czechia,2020,SP.POP.65UP.TO.ZS,20.2939736426932,% of total population,World Bank,2026-10-09
CZE,Czechia,2021,SP.POP.65UP.TO.ZS,20.5371541683077,% of total population,World Bank,2026-10-09
CZE,Czechia,2022,SP.POP.65UP.TO.ZS,20.5183106530339,% of total population,World Bank,2026-10-09
CZE,Czechia,2023,SP.POP.65UP.TO.ZS,20.5459005583495,% of total population,World Bank,2026-10-09
CZE,Czechia,2024,SP.POP.65UP.TO.ZS,20.8453836809891,% of total population,World Bank,2026-10-09
CZE,Czechia,2025,SP.POP.65UP.TO.ZS,21.1800713896599,% of total population,World Bank,2026-10-09
DEU,Germany,2010,SP.POP.65UP.TO.ZS,20.5654453486144,% of total population,World Bank,2026-10-09
DEU,Germany,2011,SP.POP.65UP.TO.ZS,20.5214981321516,% of total population,World Bank,2026-10-09
DEU,Germany,2012,SP.POP.65UP.TO.ZS,20.6376494265399,% of total population,World Bank,2026-10-09
DEU,Germany,2013,SP.POP.65UP.TO.ZS,20.8129761139965,% of total population,World Bank,2026-10-09
DEU,Germany,2014,SP.POP.65UP.TO.ZS,20.9586686898656,% of total population,World Bank,2026-10-09
DEU,Germany,2015,SP.POP.65UP.TO.ZS,21.0533536816501,% of total population,World Bank,2026-10-09
DEU,Germany,2016,SP.POP.65UP.TO.ZS,21.134996177657,% of total population,World Bank,2026-10-09
DEU,Germany,2017,SP.POP.65UP.TO.ZS,21.2936405100178,% of total population,World Bank,2026-10-09
DEU,Germany,2018,SP.POP.65UP.TO.ZS,21.4497613850113,% of total population,World Bank,2026-10-09
DEU,Germany,2019,SP.POP.65UP.TO.ZS,21.6283933065816,% of total population,World Bank,2026-10-09
DEU,Germany,2020,SP.POP.65UP.TO.ZS,21.8447281174981,% of total population,World Bank,2026-10-09
DEU,Germany,2021,SP.POP.65UP.TO.ZS,22.1345373657439,% of total population,World Bank,2026-10-09
DEU,Germany,2022,SP.POP.65UP.TO.ZS,22.4589063795192,% of total population,World Bank,2026-10-09
DEU,Germany,2023,SP.POP.65UP.TO.ZS,22.7900439454493,% of total population,World Bank,2026-10-09
DEU,Germany,2024,SP.POP.65UP.TO.ZS,23.1955871731941,% of total population,World Bank,2026-10-09
DEU,Germany,2025,SP.POP.65UP.TO.ZS,23.7031981458429,% of total population,World Bank,2026-10-09
DNK,Denmark,2010,SP.POP.65UP.TO.ZS,16.5574489274022,% of total population,World Bank,2026-10-09
DNK,Denmark,2011,SP.POP.65UP.TO.ZS,17.0763558660448,% of total population,World Bank,2026-10-09
DNK,Denmark,2012,SP.POP.65UP.TO.ZS,17.6035443304634,% of total population,World Bank,2026-10-09
DNK,Denmark,2013,SP.POP.65UP.TO.ZS,18.0533476868912,% of total population,World Bank,2026-10-09
DNK,Denmark,2014,SP.POP.65UP.TO.ZS,18.4155552098464,% of total population,World Bank,2026-10-09
DNK,Denmark,2015,SP.POP.65UP.TO.ZS,18.7039395633233,% of total population,World Bank,2026-10-09
DNK,Denmark,2016,SP.POP.65UP.TO.ZS,18.9425702764271,% of total population,World Bank,2026-10-09
DNK,Denmark,2017,SP.POP.65UP.TO.ZS,19.1822684091773,% of total population,World Bank,2026-10-09
DNK,Denmark,2018,SP.POP.65UP.TO.ZS,19.4403886413888,% of total population,World Bank,2026-10-09
DNK,Denmark,2019,SP.POP.65UP.TO.ZS,19.7143802297606,% of total population,World Bank,2026-10-09
DNK,Denmark,2020,SP.POP.65UP.TO.ZS,20.0008145375227,% of total population,World Bank,2026-10-09
DNK,Denmark,2021,SP.POP.65UP.TO.ZS,20.2481262517018,% of total population,World Bank,2026-10-09
DNK,Denmark,2022,SP.POP.65UP.TO.ZS,20.4007400764725,% of total population,World Bank,2026-10-09
DNK,Denmark,2023,SP.POP.65UP.TO.ZS,20.6001829312424,% of total population,World Bank,2026-10-09
DNK,Denmark,2024,SP.POP.65UP.TO.ZS,20.8660704666167,% of total population,World Bank,2026-10-09
DNK,Denmark,2025,SP.POP.65UP.TO.ZS,21.1189674580971,% of total population,World Bank,2026-10-09
ESP,Spain,2010,SP.POP.65UP.TO.ZS,16.8924601879808,% of total population,World Bank,2026-10-09
ESP,Spain,2011,SP.POP.65UP.TO.ZS,17.1687054838507,% of total population,World Bank,2026-10-09
ESP,Spain,2012,SP.POP.65UP.TO.ZS,17.4565170843771,% of total population,World Bank,2026-10-09
ESP,Spain,2013,SP.POP.65UP.TO.ZS,17.850818523935,% of total population,World Bank,2026-10-09
ESP,Spain,2014,SP.POP.65UP.TO.ZS,18.2556448430349,% of total population,World Bank,2026-10-09
ESP,Spain,2015,SP.POP.65UP.TO.ZS,18.5417546078088,% of total population,World Bank,2026-10-09
ESP,Spain,2016,SP.POP.65UP.TO.ZS,18.7673388766097,% of total population,World Bank,2026-10-09
ESP,Spain,2017,SP.POP.65UP.TO.ZS,18.9928200430073,% of total population,World Bank,2026-10-09
ESP,Spain,2018,SP.POP.65UP.TO.ZS,19.2023408408683,% of total population,World Bank,2026-10-09
ESP,Spain,2019,SP.POP.65UP.TO.ZS,19.3818276285973,% of total population,World Bank,2026-10-09
ESP,Spain,2020,SP.POP.65UP.TO.ZS,19.5596160856506,% of total population,World Bank,2026-10-09
ESP,Spain,2021,SP.POP.65UP.TO.ZS,19.8133822943511,% of total population,World Bank,2026-10-09
ESP,Spain,2022,SP.POP.65UP.TO.ZS,20.1879992491906,% of total population,World Bank,2026-10-09
ESP,Spain,2023,SP.POP.65UP.TO.ZS,20.6537075238774,% of total population,World Bank,2026-10-09
ESP,Spain,2024,SP.POP.65UP.TO.ZS,21.1454438932121,% of total population,World Bank,2026-10-09
ESP,Spain,2025,SP.POP.65UP.TO.ZS,21.64208099744,% of total population,World Bank,2026-10-09
EST,Estonia,2010,SP.POP.65UP.TO.ZS,17.4402915321171,% of total population,World Bank,2026-10-09
EST,Estonia,2011,SP.POP.65UP.TO.ZS,17.571641400301,% of total population,World Bank,2026-10-09
EST,Estonia,2012,SP.POP.65UP.TO.ZS,17.8628188378184,% of total population,World Bank,2026-10-09
EST,Estonia,2013,SP.POP.65UP.TO.ZS,18.1984559754977,% of total population,World Bank,2026-10-09
EST,Estonia,2014,SP.POP.65UP.TO.ZS,18.5609288129198,% of total population,World Bank,2026-10-09
EST,Estonia,2015,SP.POP.65UP.TO.ZS,18.88875196261,% of total population,World Bank,2026-10-09
EST,Estonia,2016,SP.POP.65UP.TO.ZS,19.186016024635,% of total population,World Bank,2026-10-09
EST,Estonia,2017,SP.POP.65UP.TO.ZS,19.4674154002753,% of total population,World Bank,2026-10-09
EST,Estonia,2018,SP.POP.65UP.TO.ZS,19.6754905294355,% of total population,World Bank,2026-10-09
EST,Estonia,2019,SP.POP.65UP.TO.ZS,19.8965346883511,% of total population,World Bank,2026-10-09
EST,Estonia,2020,SP.POP.65UP.TO.ZS,20.2000948355964,% of total population,World Bank,2026-10-09
EST,Estonia,2021,SP.POP.65UP.TO.ZS,20.4337977975588,% of total population,World Bank,2026-10-09
EST,Estonia,2022,SP.POP.65UP.TO.ZS,20.6300461857585,% of total population,World Bank,2026-10-09
EST,Estonia,2023,SP.POP.65UP.TO.ZS,20.9140825455897,% of total population,World Bank,2026-10-09
EST,Estonia,2024,SP.POP.65UP.TO.ZS,21.2973321004949,% of total population,World Bank,2026-10-09
EST,Estonia,2025,SP.POP.65UP.TO.ZS,21.8016309684638,% of total population,World Bank,2026-10-09
EUU,European Union (aggregate),2010,SP.POP.65UP.TO.ZS,17.6571988575835,% of total population,World Bank,2026-10-09
EUU,European Union (aggregate),2011,SP.POP.65UP.TO.ZS,17.8546794534634,% of total population,World Bank,2026-10-09
EUU,European Union (aggregate),2012,SP.POP.65UP.TO.ZS,18.1644393359346,% of total population,World Bank,2026-10-09
EUU,European Union (aggregate),2013,SP.POP.65UP.TO.ZS,18.5106176946398,% of total population,World Bank,2026-10-09
EUU,European Union (aggregate),2014,SP.POP.65UP.TO.ZS,18.8656769773069,% of total population,World Bank,2026-10-09
EUU,European Union (aggregate),2015,SP.POP.65UP.TO.ZS,19.1927508562703,% of total population,World Bank,2026-10-09
EUU,European Union (aggregate),2016,SP.POP.65UP.TO.ZS,19.4904059703204,% of total population,World Bank,2026-10-09
EUU,European Union (aggregate),2017,SP.POP.65UP.TO.ZS,19.7868737552614,% of total population,World Bank,2026-10-09
EUU,European Union (aggregate),2018,SP.POP.65UP.TO.ZS,20.0764287832456,% of total population,World Bank,2026-10-09
EUU,European Union (aggregate),2019,SP.POP.65UP.TO.ZS,20.3750307956607,% of total population,World Bank,2026-10-09
EUU,European Union (aggregate),2020,SP.POP.65UP.TO.ZS,20.672655758064,% of total population,World Bank,2026-10-09
EUU,European Union (aggregate),2021,SP.POP.65UP.TO.ZS,20.9721893046006,% of total population,World Bank,2026-10-09
EUU,European Union (aggregate),2022,SP.POP.65UP.TO.ZS,21.2740097100551,% of total population,World Bank,2026-10-09
EUU,European Union (aggregate),2023,SP.POP.65UP.TO.ZS,21.6126887723828,% of total population,World Bank,2026-10-09
EUU,European Union (aggregate),2024,SP.POP.65UP.TO.ZS,22.0124926642937,% of total population,World Bank,2026-10-09
EUU,European Union (aggregate),2025,SP.POP.65UP.TO.ZS,22.4427897823407,% of total population,World Bank,2026-10-09
FIN,Finland,2010,SP.POP.65UP.TO.ZS,17.2594164785613,% of total population,World Bank,2026-10-09
FIN,Finland,2011,SP.POP.65UP.TO.ZS,17.8213910625007,% of total population,World Bank,2026-10-09
FIN,Finland,2012,SP.POP.65UP.TO.ZS,18.4499585932434,% of total population,World Bank,2026-10-09
FIN,Finland,2013,SP.POP.65UP.TO.ZS,19.0733570715343,% of total population,World Bank,2026-10-09
FIN,Finland,2014,SP.POP.65UP.TO.ZS,19.6661048130943,% of total population,World Bank,2026-10-09
FIN,Finland,2015,SP.POP.65UP.TO.ZS,20.2090618722589,% of total population,World Bank,2026-10-09
FIN,Finland,2016,SP.POP.65UP.TO.ZS,20.6838033296157,% of total population,World Bank,2026-10-09
FIN,Finland,2017,SP.POP.65UP.TO.ZS,21.1457473282604,% of total population,World Bank,2026-10-09
FIN,Finland,2018,SP.POP.65UP.TO.ZS,21.6154814502107,% of total population,World Bank,2026-10-09
FIN,Finland,2019,SP.POP.65UP.TO.ZS,22.061393842071,% of total population,World Bank,2026-10-09
FIN,Finland,2020,SP.POP.65UP.TO.ZS,22.4906828905898,% of total population,World Bank,2026-10-09
FIN,Finland,2021,SP.POP.65UP.TO.ZS,22.8749565743109,% of total population,World Bank,2026-10-09
FIN,Finland,2022,SP.POP.65UP.TO.ZS,23.2287672110978,% of total population,World Bank,2026-10-09
FIN,Finland,2023,SP.POP.65UP.TO.ZS,23.5778747195571,% of total population,World Bank,2026-10-09
FIN,Finland,2024,SP.POP.65UP.TO.ZS,23.8972369428395,% of total population,World Bank,2026-10-09
FIN,Finland,2025,SP.POP.65UP.TO.ZS,24.2018896456272,% of total population,World Bank,2026-10-09
FRA,France,2010,SP.POP.65UP.TO.ZS,16.7822818238459,% of total population,World Bank,2026-10-09
FRA,France,2011,SP.POP.65UP.TO.ZS,17.0554720144704,% of total population,World Bank,2026-10-09
FRA,France,2012,SP.POP.65UP.TO.ZS,17.4830959695717,% of total population,World Bank,2026-10-09
FRA,France,2013,SP.POP.65UP.TO.ZS,17.9295780155891,% of total population,World Bank,2026-10-09
FRA,France,2014,SP.POP.65UP.TO.ZS,18.387873214191,% of total population,World Bank,2026-10-09
FRA,France,2015,SP.POP.65UP.TO.ZS,18.8516269618174,% of total population,World Bank,2026-10-09
FRA,France,2016,SP.POP.65UP.TO.ZS,19.2846641669454,% of total population,World Bank,2026-10-09
FRA,France,2017,SP.POP.65UP.TO.ZS,19.6708486830069,% of total population,World Bank,2026-10-09
FRA,France,2018,SP.POP.65UP.TO.ZS,20.0394210628073,% of total population,World Bank,2026-10-09
FRA,France,2019,SP.POP.65UP.TO.ZS,20.4100888765873,% of total population,World Bank,2026-10-09
FRA,France,2020,SP.POP.65UP.TO.ZS,20.747440901072,% of total population,World Bank,2026-10-09
FRA,France,2021,SP.POP.65UP.TO.ZS,21.0507539717053,% of total population,World Bank,2026-10-09
FRA,France,2022,SP.POP.65UP.TO.ZS,21.3773491158756,% of total population,World Bank,2026-10-09
FRA,France,2023,SP.POP.65UP.TO.ZS,21.7491423914771,% of total population,World Bank,2026-10-09
FRA,France,2024,SP.POP.65UP.TO.ZS,22.1465618989138,% of total population,World Bank,2026-10-09
FRA,France,2025,SP.POP.65UP.TO.ZS,22.5418906984086,% of total population,World Bank,2026-10-09
GRC,Greece,2010,SP.POP.65UP.TO.ZS,19.1578896272878,% of total population,World Bank,2026-10-09
GRC,Greece,2011,SP.POP.65UP.TO.ZS,19.5073861649055,% of total population,World Bank,2026-10-09
GRC,Greece,2012,SP.POP.65UP.TO.ZS,19.8890960349321,% of total population,World Bank,2026-10-09
GRC,Greece,2013,SP.POP.65UP.TO.ZS,20.2915184129021,% of total population,World Bank,2026-10-09
GRC,Greece,2014,SP.POP.65UP.TO.ZS,20.6970672852563,% of total population,World Bank,2026-10-09
GRC,Greece,2015,SP.POP.65UP.TO.ZS,21.0794802004731,% of total population,World Bank,2026-10-09
GRC,Greece,2016,SP.POP.65UP.TO.ZS,21.3988876993596,% of total population,World Bank,2026-10-09
GRC,Greece,2017,SP.POP.65UP.TO.ZS,21.6563374262051,% of total population,World Bank,2026-10-09
GRC,Greece,2018,SP.POP.65UP.TO.ZS,21.8966337548395,% of total population,World Bank,2026-10-09
GRC,Greece,2019,SP.POP.65UP.TO.ZS,22.1273853041386,% of total population,World Bank,2026-10-09
GRC,Greece,2020,SP.POP.65UP.TO.ZS,22.3934327342108,% of total population,World Bank,2026-10-09
GRC,Greece,2021,SP.POP.65UP.TO.ZS,22.8389533365326,% of total population,World Bank,2026-10-09
GRC,Greece,2022,SP.POP.65UP.TO.ZS,23.2281742678017,% of total population,World Bank,2026-10-09
GRC,Greece,2023,SP.POP.65UP.TO.ZS,23.4829980176041,% of total population,World Bank,2026-10-09
GRC,Greece,2024,SP.POP.65UP.TO.ZS,23.939763430194,% of total population,World Bank,2026-10-09
GRC,Greece,2025,SP.POP.65UP.TO.ZS,24.3998585549859,% of total population,World Bank,2026-10-09
HRV,Croatia,2010,SP.POP.65UP.TO.ZS,17.8775514569316,% of total population,World Bank,2026-10-09
HRV,Croatia,2011,SP.POP.65UP.TO.ZS,17.9482034299939,% of total population,World Bank,2026-10-09
HRV,Croatia,2012,SP.POP.65UP.TO.ZS,18.2004685581559,% of total population,World Bank,2026-10-09
HRV,Croatia,2013,SP.POP.65UP.TO.ZS,18.4765925399494,% of total population,World Bank,2026-10-09
HRV,Croatia,2014,SP.POP.65UP.TO.ZS,18.8122396153648,% of total population,World Bank,2026-10-09
HRV,Croatia,2015,SP.POP.65UP.TO.ZS,19.2311236257324,% of total population,World Bank,2026-10-09
HRV,Croatia,2016,SP.POP.65UP.TO.ZS,19.6581193481792,% of total population,World Bank,2026-10-09
HRV,Croatia,2017,SP.POP.65UP.TO.ZS,20.1354432241616,% of total population,World Bank,2026-10-09
HRV,Croatia,2018,SP.POP.65UP.TO.ZS,20.6682803013664,% of total population,World Bank,2026-10-09
HRV,Croatia,2019,SP.POP.65UP.TO.ZS,21.1822163945349,% of total population,World Bank,2026-10-09
HRV,Croatia,2020,SP.POP.65UP.TO.ZS,21.6661760190675,% of total population,World Bank,2026-10-09
HRV,Croatia,2021,SP.POP.65UP.TO.ZS,22.1006673274542,% of total population,World Bank,2026-10-09
HRV,Croatia,2022,SP.POP.65UP.TO.ZS,22.4847051223347,% of total population,World Bank,2026-10-09
HRV,Croatia,2023,SP.POP.65UP.TO.ZS,22.815365461733,% of total population,World Bank,2026-10-09
HRV,Croatia,2024,SP.POP.65UP.TO.ZS,23.1877713482095,% of total population,World Bank,2026-10-09
HRV,Croatia,2025,SP.POP.65UP.TO.ZS,23.6095692486799,% of total population,World Bank,2026-10-09
HUN,Hungary,2010,SP.POP.65UP.TO.ZS,16.4983294883917,% of total population,World Bank,2026-10-09
HUN,Hungary,2011,SP.POP.65UP.TO.ZS,16.702614184748,% of total population,World Bank,2026-10-09
HUN,Hungary,2012,SP.POP.65UP.TO.ZS,16.9920445700114,% of total population,World Bank,2026-10-09
HUN,Hungary,2013,SP.POP.65UP.TO.ZS,17.3215490022521,% of total population,World Bank,2026-10-09
HUN,Hungary,2014,SP.POP.65UP.TO.ZS,17.6863017779257,% of total population,World Bank,2026-10-09
HUN,Hungary,2015,SP.POP.65UP.TO.ZS,18.0559904650891,% of total population,World Bank,2026-10-09
HUN,Hungary,2016,SP.POP.65UP.TO.ZS,18.4382661409188,% of total population,World Bank,2026-10-09
HUN,Hungary,2017,SP.POP.65UP.TO.ZS,18.7797493757284,% of total population,World Bank,2026-10-09
HUN,Hungary,2018,SP.POP.65UP.TO.ZS,19.1292329288769,% of total population,World Bank,2026-10-09
HUN,Hungary,2019,SP.POP.65UP.TO.ZS,19.6029229874294,% of total population,World Bank,2026-10-09
HUN,Hungary,2020,SP.POP.65UP.TO.ZS,20.0906737724303,% of total population,World Bank,2026-10-09
HUN,Hungary,2021,SP.POP.65UP.TO.ZS,20.4050134893418,% of total population,World Bank,2026-10-09
HUN,Hungary,2022,SP.POP.65UP.TO.ZS,20.6075593133653,% of total population,World Bank,2026-10-09
HUN,Hungary,2023,SP.POP.65UP.TO.ZS,20.819084281895,% of total population,World Bank,2026-10-09
HUN,Hungary,2024,SP.POP.65UP.TO.ZS,20.9931972318078,% of total population,World Bank,2026-10-09
HUN,Hungary,2025,SP.POP.65UP.TO.ZS,21.1574623970403,% of total population,World Bank,2026-10-09
IRL,Ireland,2010,SP.POP.65UP.TO.ZS,11.378359230371,% of total population,World Bank,2026-10-09
IRL,Ireland,2011,SP.POP.65UP.TO.ZS,11.7171523074328,% of total population,World Bank,2026-10-09
IRL,Ireland,2012,SP.POP.65UP.TO.ZS,12.0822402487581,% of total population,World Bank,2026-10-09
IRL,Ireland,2013,SP.POP.65UP.TO.ZS,12.4475140098686,% of total population,World Bank,2026-10-09
IRL,Ireland,2014,SP.POP.65UP.TO.ZS,12.7951907142582,% of total population,World Bank,2026-10-09
IRL,Ireland,2015,SP.POP.65UP.TO.ZS,13.1102542122923,% of total population,World Bank,2026-10-09
IRL,Ireland,2016,SP.POP.65UP.TO.ZS,13.3920921055483,% of total population,World Bank,2026-10-09
IRL,Ireland,2017,SP.POP.65UP.TO.ZS,13.6720454120936,% of total population,World Bank,2026-10-09
IRL,Ireland,2018,SP.POP.65UP.TO.ZS,13.9535917035732,% of total population,World Bank,2026-10-09
IRL,Ireland,2019,SP.POP.65UP.TO.ZS,14.2437778846663,% of total population,World Bank,2026-10-09
IRL,Ireland,2020,SP.POP.65UP.TO.ZS,14.5621473419585,% of total population,World Bank,2026-10-09
IRL,Ireland,2021,SP.POP.65UP.TO.ZS,14.8535759354494,% of total population,World Bank,2026-10-09
IRL,Ireland,2022,SP.POP.65UP.TO.ZS,15.16194031114,% of total population,World Bank,2026-10-09
IRL,Ireland,2023,SP.POP.65UP.TO.ZS,15.5417068369309,% of total population,World Bank,2026-10-09
IRL,Ireland,2024,SP.POP.65UP.TO.ZS,15.8920783803289,% of total population,World Bank,2026-10-09
IRL,Ireland,2025,SP.POP.65UP.TO.ZS,16.2081043488942,% of total population,World Bank,2026-10-09
ITA,Italy,2010,SP.POP.65UP.TO.ZS,20.4589612100469,% of total population,World Bank,2026-10-09
ITA,Italy,2011,SP.POP.65UP.TO.ZS,20.6879338870931,% of total population,World Bank,2026-10-09
ITA,Italy,2012,SP.POP.65UP.TO.ZS,20.9966444751961,% of total population,World Bank,2026-10-09
ITA,Italy,2013,SP.POP.65UP.TO.ZS,21.330672420342,% of total population,World Bank,2026-10-09
ITA,Italy,2014,SP.POP.65UP.TO.ZS,21.6978740078895,% of total population,World Bank,2026-10-09
ITA,Italy,2015,SP.POP.65UP.TO.ZS,22.0285256126439,% of total population,World Bank,2026-10-09
ITA,Italy,2016,SP.POP.65UP.TO.ZS,22.3095886391617,% of total population,World Bank,2026-10-09
ITA,Italy,2017,SP.POP.65UP.TO.ZS,22.558669089969,% of total population,World Bank,2026-10-09
ITA,Italy,2018,SP.POP.65UP.TO.ZS,22.8062143288843,% of total population,World Bank,2026-10-09
ITA,Italy,2019,SP.POP.65UP.TO.ZS,23.104171093177,% of total population,World Bank,2026-10-09
ITA,Italy,2020,SP.POP.65UP.TO.ZS,23.379233231567,% of total population,World Bank,2026-10-09
ITA,Italy,2021,SP.POP.65UP.TO.ZS,23.6619735523658,% of total population,World Bank,2026-10-09
ITA,Italy,2022,SP.POP.65UP.TO.ZS,23.929189689659,% of total population,World Bank,2026-10-09
ITA,Italy,2023,SP.POP.65UP.TO.ZS,24.2187831541913,% of total population,World Bank,2026-10-09
ITA,Italy,2024,SP.POP.65UP.TO.ZS,24.624776723376,% of total population,World Bank,2026-10-09
ITA,Italy,2025,SP.POP.65UP.TO.ZS,25.0981380733118,% of total population,World Bank,2026-10-09
LTU,Lithuania,2010,SP.POP.65UP.TO.ZS,17.6097771279808,% of total population,World Bank,2026-10-09
LTU,Lithuania,2011,SP.POP.65UP.TO.ZS,17.9884941813021,% of total population,World Bank,2026-10-09
LTU,Lithuania,2012,SP.POP.65UP.TO.ZS,18.1799731254535,% of total population,World Bank,2026-10-09
LTU,Lithuania,2013,SP.POP.65UP.TO.ZS,18.3577356444558,% of total population,World Bank,2026-10-09
LTU,Lithuania,2014,SP.POP.65UP.TO.ZS,18.6035201529541,% of total population,World Bank,2026-10-09
LTU,Lithuania,2015,SP.POP.65UP.TO.ZS,18.8803013596424,% of total population,World Bank,2026-10-09
LTU,Lithuania,2016,SP.POP.65UP.TO.ZS,19.1757756195781,% of total population,World Bank,2026-10-09
LTU,Lithuania,2017,SP.POP.65UP.TO.ZS,19.504402571296,% of total population,World Bank,2026-10-09
LTU,Lithuania,2018,SP.POP.65UP.TO.ZS,19.7309309832227,% of total population,World Bank,2026-10-09
LTU,Lithuania,2019,SP.POP.65UP.TO.ZS,19.8571907989029,% of total population,World Bank,2026-10-09
LTU,Lithuania,2020,SP.POP.65UP.TO.ZS,19.9341539675463,% of total population,World Bank,2026-10-09
LTU,Lithuania,2021,SP.POP.65UP.TO.ZS,19.9469849122603,% of total population,World Bank,2026-10-09
LTU,Lithuania,2022,SP.POP.65UP.TO.ZS,19.8607556942966,% of total population,World Bank,2026-10-09
LTU,Lithuania,2023,SP.POP.65UP.TO.ZS,19.8561787800633,% of total population,World Bank,2026-10-09
LTU,Lithuania,2024,SP.POP.65UP.TO.ZS,20.1664889015269,% of total population,World Bank,2026-10-09
LTU,Lithuania,2025,SP.POP.65UP.TO.ZS,20.7219454695688,% of total population,World Bank,2026-10-09
LUX,Luxembourg,2010,SP.POP.65UP.TO.ZS,13.9918409176011,% of total population,World Bank,2026-10-09
LUX,Luxembourg,2011,SP.POP.65UP.TO.ZS,13.958297980655,% of total population,World Bank,2026-10-09
LUX,Luxembourg,2012,SP.POP.65UP.TO.ZS,13.9654108927907,% of total population,World Bank,2026-10-09
LUX,Luxembourg,2013,SP.POP.65UP.TO.ZS,14.0256757341215,% of total population,World Bank,2026-10-09
LUX,Luxembourg,2014,SP.POP.65UP.TO.ZS,14.1251062865936,% of total population,World Bank,2026-10-09
LUX,Luxembourg,2015,SP.POP.65UP.TO.ZS,14.1954152151927,% of total population,World Bank,2026-10-09
LUX,Luxembourg,2016,SP.POP.65UP.TO.ZS,14.2424413802086,% of total population,World Bank,2026-10-09
LUX,Luxembourg,2017,SP.POP.65UP.TO.ZS,14.3068137144371,% of total population,World Bank,2026-10-09
LUX,Luxembourg,2018,SP.POP.65UP.TO.ZS,14.3776280584969,% of total population,World Bank,2026-10-09
LUX,Luxembourg,2019,SP.POP.65UP.TO.ZS,14.4700667405182,% of total population,World Bank,2026-10-09
LUX,Luxembourg,2020,SP.POP.65UP.TO.ZS,14.5852263807154,% of total population,World Bank,2026-10-09
LUX,Luxembourg,2021,SP.POP.65UP.TO.ZS,14.7153406197971,% of total population,World Bank,2026-10-09
LUX,Luxembourg,2022,SP.POP.65UP.TO.ZS,14.8424375777289,% of total population,World Bank,2026-10-09
LUX,Luxembourg,2023,SP.POP.65UP.TO.ZS,15.1061948765445,% of total population,World Bank,2026-10-09
LUX,Luxembourg,2024,SP.POP.65UP.TO.ZS,15.4763638200631,% of total population,World Bank,2026-10-09
LUX,Luxembourg,2025,SP.POP.65UP.TO.ZS,15.8123957037476,% of total population,World Bank,2026-10-09
LVA,Latvia,2010,SP.POP.65UP.TO.ZS,18.2544494766261,% of total population,World Bank,2026-10-09
LVA,Latvia,2011,SP.POP.65UP.TO.ZS,18.4754761239579,% of total population,World Bank,2026-10-09
LVA,Latvia,2012,SP.POP.65UP.TO.ZS,18.6755010177509,% of total population,World Bank,2026-10-09
LVA,Latvia,2013,SP.POP.65UP.TO.ZS,18.9296873835699,% of total population,World Bank,2026-10-09
LVA,Latvia,2014,SP.POP.65UP.TO.ZS,19.2414909818675,% of total population,World Bank,2026-10-09
LVA,Latvia,2015,SP.POP.65UP.TO.ZS,19.5243158412573,% of total population,World Bank,2026-10-09
LVA,Latvia,2016,SP.POP.65UP.TO.ZS,19.7753873612594,% of total population,World Bank,2026-10-09
LVA,Latvia,2017,SP.POP.65UP.TO.ZS,20.0107948444194,% of total population,World Bank,2026-10-09
LVA,Latvia,2018,SP.POP.65UP.TO.ZS,20.1981958800325,% of total population,World Bank,2026-10-09
LVA,Latvia,2019,SP.POP.65UP.TO.ZS,20.4072272200842,% of total population,World Bank,2026-10-09
LVA,Latvia,2020,SP.POP.65UP.TO.ZS,20.6721709557533,% of total population,World Bank,2026-10-09
LVA,Latvia,2021,SP.POP.65UP.TO.ZS,20.8461609037398,% of total population,World Bank,2026-10-09
LVA,Latvia,2022,SP.POP.65UP.TO.ZS,21.0117630297337,% of total population,World Bank,2026-10-09
LVA,Latvia,2023,SP.POP.65UP.TO.ZS,21.3320948408305,% of total population,World Bank,2026-10-09
LVA,Latvia,2024,SP.POP.65UP.TO.ZS,21.7358403074143,% of total population,World Bank,2026-10-09
LVA,Latvia,2025,SP.POP.65UP.TO.ZS,22.1950582635891,% of total population,World Bank,2026-10-09
MKD,North Macedonia,2010,SP.POP.65UP.TO.ZS,11.6140833193192,% of total population,World Bank,2026-10-09
MKD,North Macedonia,2011,SP.POP.65UP.TO.ZS,11.8089652480304,% of total population,World Bank,2026-10-09
MKD,North Macedonia,2012,SP.POP.65UP.TO.ZS,12.0723567464621,% of total population,World Bank,2026-10-09
MKD,North Macedonia,2013,SP.POP.65UP.TO.ZS,12.458575061591,% of total population,World Bank,2026-10-09
MKD,North Macedonia,2014,SP.POP.65UP.TO.ZS,12.9263524713146,% of total population,World Bank,2026-10-09
MKD,North Macedonia,2015,SP.POP.65UP.TO.ZS,13.4042646662284,% of total population,World Bank,2026-10-09
MKD,North Macedonia,2016,SP.POP.65UP.TO.ZS,13.9040754168431,% of total population,World Bank,2026-10-09
MKD,North Macedonia,2017,SP.POP.65UP.TO.ZS,14.4580662828714,% of total population,World Bank,2026-10-09
MKD,North Macedonia,2018,SP.POP.65UP.TO.ZS,15.0850497869881,% of total population,World Bank,2026-10-09
MKD,North Macedonia,2019,SP.POP.65UP.TO.ZS,15.7588026396984,% of total population,World Bank,2026-10-09
MKD,North Macedonia,2020,SP.POP.65UP.TO.ZS,16.3463390126845,% of total population,World Bank,2026-10-09
MKD,North Macedonia,2021,SP.POP.65UP.TO.ZS,16.724393369915,% of total population,World Bank,2026-10-09
MKD,North Macedonia,2022,SP.POP.65UP.TO.ZS,17.047678201619,% of total population,World Bank,2026-10-09
MKD,North Macedonia,2023,SP.POP.65UP.TO.ZS,17.5017325840163,% of total population,World Bank,2026-10-09
MKD,North Macedonia,2024,SP.POP.65UP.TO.ZS,18.0247601630052,% of total population,World Bank,2026-10-09
MKD,North Macedonia,2025,SP.POP.65UP.TO.ZS,18.5237163487965,% of total population,World Bank,2026-10-09
MLT,Malta,2010,SP.POP.65UP.TO.ZS,15.096989119852,% of total population,World Bank,2026-10-09
MLT,Malta,2011,SP.POP.65UP.TO.ZS,15.8139408918619,% of total population,World Bank,2026-10-09
MLT,Malta,2012,SP.POP.65UP.TO.ZS,16.5765962159862,% of total population,World Bank,2026-10-09
MLT,Malta,2013,SP.POP.65UP.TO.ZS,17.3519818416277,% of total population,World Bank,2026-10-09
MLT,Malta,2014,SP.POP.65UP.TO.ZS,17.9435630039737,% of total population,World Bank,2026-10-09
MLT,Malta,2015,SP.POP.65UP.TO.ZS,18.3273199612118,% of total population,World Bank,2026-10-09
MLT,Malta,2016,SP.POP.65UP.TO.ZS,18.6555640731084,% of total population,World Bank,2026-10-09
MLT,Malta,2017,SP.POP.65UP.TO.ZS,18.8131074315696,% of total population,World Bank,2026-10-09
MLT,Malta,2018,SP.POP.65UP.TO.ZS,18.7496839900321,% of total population,World Bank,2026-10-09
MLT,Malta,2019,SP.POP.65UP.TO.ZS,18.5815714000859,% of total population,World Bank,2026-10-09
MLT,Malta,2020,SP.POP.65UP.TO.ZS,18.4997679496494,% of total population,World Bank,2026-10-09
MLT,Malta,2021,SP.POP.65UP.TO.ZS,18.7721036316463,% of total population,World Bank,2026-10-09
MLT,Malta,2022,SP.POP.65UP.TO.ZS,19.2843700775476,% of total population,World Bank,2026-10-09
MLT,Malta,2023,SP.POP.65UP.TO.ZS,19.800039778143,% of total population,World Bank,2026-10-09
MLT,Malta,2024,SP.POP.65UP.TO.ZS,20.2123026573043,% of total population,World Bank,2026-10-09
MLT,Malta,2025,SP.POP.65UP.TO.ZS,20.5407907884966,% of total population,World Bank,2026-10-09
MNE,Montenegro,2010,SP.POP.65UP.TO.ZS,13.3195747114526,% of total population,World Bank,2026-10-09
MNE,Montenegro,2011,SP.POP.65UP.TO.ZS,13.3252988244592,% of total population,World Bank,2026-10-09
MNE,Montenegro,2012,SP.POP.65UP.TO.ZS,13.4746819458913,% of total population,World Bank,2026-10-09
MNE,Montenegro,2013,SP.POP.65UP.TO.ZS,13.6939604628851,% of total population,World Bank,2026-10-09
MNE,Montenegro,2014,SP.POP.65UP.TO.ZS,14.0035525610354,% of total population,World Bank,2026-10-09
MNE,Montenegro,2015,SP.POP.65UP.TO.ZS,14.420476163943,% of total population,World Bank,2026-10-09
MNE,Montenegro,2016,SP.POP.65UP.TO.ZS,14.8258265738724,% of total population,World Bank,2026-10-09
MNE,Montenegro,2017,SP.POP.65UP.TO.ZS,15.2378556506188,% of total population,World Bank,2026-10-09
MNE,Montenegro,2018,SP.POP.65UP.TO.ZS,15.7080684318645,% of total population,World Bank,2026-10-09
MNE,Montenegro,2019,SP.POP.65UP.TO.ZS,16.2013123164339,% of total population,World Bank,2026-10-09
MNE,Montenegro,2020,SP.POP.65UP.TO.ZS,16.6406770460658,% of total population,World Bank,2026-10-09
MNE,Montenegro,2021,SP.POP.65UP.TO.ZS,16.9128782703666,% of total population,World Bank,2026-10-09
MNE,Montenegro,2022,SP.POP.65UP.TO.ZS,17.1459251034129,% of total population,World Bank,2026-10-09
MNE,Montenegro,2023,SP.POP.65UP.TO.ZS,17.4661274844054,% of total population,World Bank,2026-10-09
MNE,Montenegro,2024,SP.POP.65UP.TO.ZS,17.8320804850907,% of total population,World Bank,2026-10-09
MNE,Montenegro,2025,SP.POP.65UP.TO.ZS,18.2940089675043,% of total population,World Bank,2026-10-09
NLD,Netherlands,2010,SP.POP.65UP.TO.ZS,15.2790715770186,% of total population,World Bank,2026-10-09
NLD,Netherlands,2011,SP.POP.65UP.TO.ZS,15.7302862366438,% of total population,World Bank,2026-10-09
NLD,Netherlands,2012,SP.POP.65UP.TO.ZS,16.3399904352262,% of total population,World Bank,2026-10-09
NLD,Netherlands,2013,SP.POP.65UP.TO.ZS,16.8801636441145,% of total population,World Bank,2026-10-09
NLD,Netherlands,2014,SP.POP.65UP.TO.ZS,17.3524406523196,% of total population,World Bank,2026-10-09
NLD,Netherlands,2015,SP.POP.65UP.TO.ZS,17.7566909073968,% of total population,World Bank,2026-10-09
NLD,Netherlands,2016,SP.POP.65UP.TO.ZS,18.0943972670713,% of total population,World Bank,2026-10-09
NLD,Netherlands,2017,SP.POP.65UP.TO.ZS,18.4202330068604,% of total population,World Bank,2026-10-09
NLD,Netherlands,2018,SP.POP.65UP.TO.ZS,18.7510079268288,% of total population,World Bank,2026-10-09
NLD,Netherlands,2019,SP.POP.65UP.TO.ZS,19.0648534024819,% of total population,World Bank,2026-10-09
NLD,Netherlands,2020,SP.POP.65UP.TO.ZS,19.3703952280046,% of total population,World Bank,2026-10-09
NLD,Netherlands,2021,SP.POP.65UP.TO.ZS,19.6618088308361,% of total population,World Bank,2026-10-09
NLD,Netherlands,2022,SP.POP.65UP.TO.ZS,19.9012830406524,% of total population,World Bank,2026-10-09
NLD,Netherlands,2023,SP.POP.65UP.TO.ZS,20.1567559021407,% of total population,World Bank,2026-10-09
NLD,Netherlands,2024,SP.POP.65UP.TO.ZS,20.4960775816586,% of total population,World Bank,2026-10-09
NLD,Netherlands,2025,SP.POP.65UP.TO.ZS,20.8687702211484,% of total population,World Bank,2026-10-09
POL,Poland,2010,SP.POP.65UP.TO.ZS,13.5707882889596,% of total population,World Bank,2026-10-09
POL,Poland,2011,SP.POP.65UP.TO.ZS,13.7095291987932,% of total population,World Bank,2026-10-09
POL,Poland,2012,SP.POP.65UP.TO.ZS,14.0246184967044,% of total population,World Bank,2026-10-09
POL,Poland,2013,SP.POP.65UP.TO.ZS,14.4308218173312,% of total population,World Bank,2026-10-09
POL,Poland,2014,SP.POP.65UP.TO.ZS,14.8828006858362,% of total population,World Bank,2026-10-09
POL,Poland,2015,SP.POP.65UP.TO.ZS,15.3775328347538,% of total population,World Bank,2026-10-09
POL,Poland,2016,SP.POP.65UP.TO.ZS,15.9129115092505,% of total population,World Bank,2026-10-09
POL,Poland,2017,SP.POP.65UP.TO.ZS,16.4659360432975,% of total population,World Bank,2026-10-09
POL,Poland,2018,SP.POP.65UP.TO.ZS,17.0145616085721,% of total population,World Bank,2026-10-09
POL,Poland,2019,SP.POP.65UP.TO.ZS,17.5584217024462,% of total population,World Bank,2026-10-09
POL,Poland,2020,SP.POP.65UP.TO.ZS,18.0760468179361,% of total population,World Bank,2026-10-09
POL,Poland,2021,SP.POP.65UP.TO.ZS,18.5352368986876,% of total population,World Bank,2026-10-09
POL,Poland,2022,SP.POP.65UP.TO.ZS,19.0192157040405,% of total population,World Bank,2026-10-09
POL,Poland,2023,SP.POP.65UP.TO.ZS,19.5609114692528,% of total population,World Bank,2026-10-09
POL,Poland,2024,SP.POP.65UP.TO.ZS,20.1434028173028,% of total population,World Bank,2026-10-09
POL,Poland,2025,SP.POP.65UP.TO.ZS,20.75382733073,% of total population,World Bank,2026-10-09
PRT,Portugal,2010,SP.POP.65UP.TO.ZS,18.5177045107792,% of total population,World Bank,2026-10-09
PRT,Portugal,2011,SP.POP.65UP.TO.ZS,18.8655829835079,% of total population,World Bank,2026-10-09
PRT,Portugal,2012,SP.POP.65UP.TO.ZS,19.2003728663626,% of total population,World Bank,2026-10-09
PRT,Portugal,2013,SP.POP.65UP.TO.ZS,19.6276592820198,% of total population,World Bank,2026-10-09
PRT,Portugal,2014,SP.POP.65UP.TO.ZS,20.1141031472732,% of total population,World Bank,2026-10-09
PRT,Portugal,2015,SP.POP.65UP.TO.ZS,20.5742532955034,% of total population,World Bank,2026-10-09
PRT,Portugal,2016,SP.POP.65UP.TO.ZS,21.026998642616,% of total population,World Bank,2026-10-09
PRT,Portugal,2017,SP.POP.65UP.TO.ZS,21.4882830483163,% of total population,World Bank,2026-10-09
PRT,Portugal,2018,SP.POP.65UP.TO.ZS,21.9323930135851,% of total population,World Bank,2026-10-09
PRT,Portugal,2019,SP.POP.65UP.TO.ZS,22.3900784021367,% of total population,World Bank,2026-10-09
PRT,Portugal,2020,SP.POP.65UP.TO.ZS,22.8627033998973,% of total population,World Bank,2026-10-09
PRT,Portugal,2021,SP.POP.65UP.TO.ZS,23.2908706037669,% of total population,World Bank,2026-10-09
PRT,Portugal,2022,SP.POP.65UP.TO.ZS,23.688003515383,% of total population,World Bank,2026-10-09
PRT,Portugal,2023,SP.POP.65UP.TO.ZS,24.1115106141099,% of total population,World Bank,2026-10-09
PRT,Portugal,2024,SP.POP.65UP.TO.ZS,24.5306498594644,% of total population,World Bank,2026-10-09
PRT,Portugal,2025,SP.POP.65UP.TO.ZS,24.9426193763087,% of total population,World Bank,2026-10-09
ROU,Romania,2010,SP.POP.65UP.TO.ZS,15.8399964683843,% of total population,World Bank,2026-10-09
ROU,Romania,2011,SP.POP.65UP.TO.ZS,16.0573968725291,% of total population,World Bank,2026-10-09
ROU,Romania,2012,SP.POP.65UP.TO.ZS,16.2663527867529,% of total population,World Bank,2026-10-09
ROU,Romania,2013,SP.POP.65UP.TO.ZS,16.4582814237269,% of total population,World Bank,2026-10-09
ROU,Romania,2014,SP.POP.65UP.TO.ZS,16.7939266755188,% of total population,World Bank,2026-10-09
ROU,Romania,2015,SP.POP.65UP.TO.ZS,17.209625303825,% of total population,World Bank,2026-10-09
ROU,Romania,2016,SP.POP.65UP.TO.ZS,17.5741928757273,% of total population,World Bank,2026-10-09
ROU,Romania,2017,SP.POP.65UP.TO.ZS,17.9121340991497,% of total population,World Bank,2026-10-09
ROU,Romania,2018,SP.POP.65UP.TO.ZS,18.2496778221635,% of total population,World Bank,2026-10-09
ROU,Romania,2019,SP.POP.65UP.TO.ZS,18.604236526527,% of total population,World Bank,2026-10-09
ROU,Romania,2020,SP.POP.65UP.TO.ZS,19.0166656963587,% of total population,World Bank,2026-10-09
ROU,Romania,2021,SP.POP.65UP.TO.ZS,19.3269658332554,% of total population,World Bank,2026-10-09
ROU,Romania,2022,SP.POP.65UP.TO.ZS,19.5152470245056,% of total population,World Bank,2026-10-09
ROU,Romania,2023,SP.POP.65UP.TO.ZS,19.7531409207066,% of total population,World Bank,2026-10-09
ROU,Romania,2024,SP.POP.65UP.TO.ZS,19.9809987731847,% of total population,World Bank,2026-10-09
ROU,Romania,2025,SP.POP.65UP.TO.ZS,20.1384043774039,% of total population,World Bank,2026-10-09
SRB,Serbia,2010,SP.POP.65UP.TO.ZS,17.3759538185157,% of total population,World Bank,2026-10-09
SRB,Serbia,2011,SP.POP.65UP.TO.ZS,17.3957653090008,% of total population,World Bank,2026-10-09
SRB,Serbia,2012,SP.POP.65UP.TO.ZS,17.5891851362179,% of total population,World Bank,2026-10-09
SRB,Serbia,2013,SP.POP.65UP.TO.ZS,17.9500038447375,% of total population,World Bank,2026-10-09
SRB,Serbia,2014,SP.POP.65UP.TO.ZS,18.3902831005496,% of total population,World Bank,2026-10-09
SRB,Serbia,2015,SP.POP.65UP.TO.ZS,18.883979706442,% of total population,World Bank,2026-10-09
SRB,Serbia,2016,SP.POP.65UP.TO.ZS,19.3853692133533,% of total population,World Bank,2026-10-09
SRB,Serbia,2017,SP.POP.65UP.TO.ZS,19.9073825690271,% of total population,World Bank,2026-10-09
SRB,Serbia,2018,SP.POP.65UP.TO.ZS,20.4864046664261,% of total population,World Bank,2026-10-09
SRB,Serbia,2019,SP.POP.65UP.TO.ZS,21.0643608505556,% of total population,World Bank,2026-10-09
SRB,Serbia,2020,SP.POP.65UP.TO.ZS,21.5708751193576,% of total population,World Bank,2026-10-09
SRB,Serbia,2021,SP.POP.65UP.TO.ZS,21.888601009739,% of total population,World Bank,2026-10-09
SRB,Serbia,2022,SP.POP.65UP.TO.ZS,22.0776743361109,% of total population,World Bank,2026-10-09
SRB,Serbia,2023,SP.POP.65UP.TO.ZS,22.3383596618497,% of total population,World Bank,2026-10-09
SRB,Serbia,2024,SP.POP.65UP.TO.ZS,22.6860376805019,% of total population,World Bank,2026-10-09
SRB,Serbia,2025,SP.POP.65UP.TO.ZS,23.050411277315,% of total population,World Bank,2026-10-09
SVK,Slovakia,2010,SP.POP.65UP.TO.ZS,12.4478217220765,% of total population,World Bank,2026-10-09
SVK,Slovakia,2011,SP.POP.65UP.TO.ZS,12.6254872424295,% of total population,World Bank,2026-10-09
SVK,Slovakia,2012,SP.POP.65UP.TO.ZS,12.9097808254813,% of total population,World Bank,2026-10-09
SVK,Slovakia,2013,SP.POP.65UP.TO.ZS,13.2842884791878,% of total population,World Bank,2026-10-09
SVK,Slovakia,2014,SP.POP.65UP.TO.ZS,13.6950033798192,% of total population,World Bank,2026-10-09
SVK,Slovakia,2015,SP.POP.65UP.TO.ZS,14.1487853575038,% of total population,World Bank,2026-10-09
SVK,Slovakia,2016,SP.POP.65UP.TO.ZS,14.6624290456748,% of total population,World Bank,2026-10-09
SVK,Slovakia,2017,SP.POP.65UP.TO.ZS,15.2000556322042,% of total population,World Bank,2026-10-09
SVK,Slovakia,2018,SP.POP.65UP.TO.ZS,15.7269155531126,% of total population,World Bank,2026-10-09
SVK,Slovakia,2019,SP.POP.65UP.TO.ZS,16.259188968312,% of total population,World Bank,2026-10-09
SVK,Slovakia,2020,SP.POP.65UP.TO.ZS,16.7640891006244,% of total population,World Bank,2026-10-09
SVK,Slovakia,2021,SP.POP.65UP.TO.ZS,17.1648882487724,% of total population,World Bank,2026-10-09
SVK,Slovakia,2022,SP.POP.65UP.TO.ZS,17.5706371952843,% of total population,World Bank,2026-10-09
SVK,Slovakia,2023,SP.POP.65UP.TO.ZS,18.0508365765507,% of total population,World Bank,2026-10-09
SVK,Slovakia,2024,SP.POP.65UP.TO.ZS,18.5373993543753,% of total population,World Bank,2026-10-09
SVK,Slovakia,2025,SP.POP.65UP.TO.ZS,19.0363041680723,% of total population,World Bank,2026-10-09
SVN,Slovenia,2010,SP.POP.65UP.TO.ZS,16.3680688560959,% of total population,World Bank,2026-10-09
SVN,Slovenia,2011,SP.POP.65UP.TO.ZS,16.4955993838356,% of total population,World Bank,2026-10-09
SVN,Slovenia,2012,SP.POP.65UP.TO.ZS,16.7904579946341,% of total population,World Bank,2026-10-09
SVN,Slovenia,2013,SP.POP.65UP.TO.ZS,17.1479957003396,% of total population,World Bank,2026-10-09
SVN,Slovenia,2014,SP.POP.65UP.TO.ZS,17.5469496825326,% of total population,World Bank,2026-10-09
SVN,Slovenia,2015,SP.POP.65UP.TO.ZS,18.0184247458794,% of total population,World Bank,2026-10-09
SVN,Slovenia,2016,SP.POP.65UP.TO.ZS,18.5120548294753,% of total population,World Bank,2026-10-09
SVN,Slovenia,2017,SP.POP.65UP.TO.ZS,19.0009988314642,% of total population,World Bank,2026-10-09
SVN,Slovenia,2018,SP.POP.65UP.TO.ZS,19.4617683036878,% of total population,World Bank,2026-10-09
SVN,Slovenia,2019,SP.POP.65UP.TO.ZS,19.8516683589804,% of total population,World Bank,2026-10-09
SVN,Slovenia,2020,SP.POP.65UP.TO.ZS,20.1213887142885,% of total population,World Bank,2026-10-09
SVN,Slovenia,2021,SP.POP.65UP.TO.ZS,20.4309073032618,% of total population,World Bank,2026-10-09
SVN,Slovenia,2022,SP.POP.65UP.TO.ZS,20.8812714279501,% of total population,World Bank,2026-10-09
SVN,Slovenia,2023,SP.POP.65UP.TO.ZS,21.3323429613727,% of total population,World Bank,2026-10-09
SVN,Slovenia,2024,SP.POP.65UP.TO.ZS,21.7723491779025,% of total population,World Bank,2026-10-09
SVN,Slovenia,2025,SP.POP.65UP.TO.ZS,22.2111482273631,% of total population,World Bank,2026-10-09
SWE,Sweden,2010,SP.POP.65UP.TO.ZS,18.2772882991165,% of total population,World Bank,2026-10-09
SWE,Sweden,2011,SP.POP.65UP.TO.ZS,18.6361385585896,% of total population,World Bank,2026-10-09
SWE,Sweden,2012,SP.POP.65UP.TO.ZS,18.9775519929568,% of total population,World Bank,2026-10-09
SWE,Sweden,2013,SP.POP.65UP.TO.ZS,19.2744218602549,% of total population,World Bank,2026-10-09
SWE,Sweden,2014,SP.POP.65UP.TO.ZS,19.5210692673755,% of total population,World Bank,2026-10-09
SWE,Sweden,2015,SP.POP.65UP.TO.ZS,19.6982615865952,% of total population,World Bank,2026-10-09
SWE,Sweden,2016,SP.POP.65UP.TO.ZS,19.773834861054,% of total population,World Bank,2026-10-09
SWE,Sweden,2017,SP.POP.65UP.TO.ZS,19.8018336203973,% of total population,World Bank,2026-10-09
SWE,Sweden,2018,SP.POP.65UP.TO.ZS,19.8625371600706,% of total population,World Bank,2026-10-09
SWE,Sweden,2019,SP.POP.65UP.TO.ZS,19.9506621429353,% of total population,World Bank,2026-10-09
SWE,Sweden,2020,SP.POP.65UP.TO.ZS,20.0599853974717,% of total population,World Bank,2026-10-09
SWE,Sweden,2021,SP.POP.65UP.TO.ZS,20.1967832299352,% of total population,World Bank,2026-10-09
SWE,Sweden,2022,SP.POP.65UP.TO.ZS,20.3419018248482,% of total population,World Bank,2026-10-09
SWE,Sweden,2023,SP.POP.65UP.TO.ZS,20.5364235623884,% of total population,World Bank,2026-10-09
SWE,Sweden,2024,SP.POP.65UP.TO.ZS,20.7467682423653,% of total population,World Bank,2026-10-09
SWE,Sweden,2025,SP.POP.65UP.TO.ZS,20.9127967529707,% of total population,World Bank,2026-10-09
ALB,Albania,2010,SP.POP.TOTL,2913021.0,persons,World Bank,2026-10-09
ALB,Albania,2011,SP.POP.TOTL,2905195.0,persons,World Bank,2026-10-09
ALB,Albania,2012,SP.POP.TOTL,2860708.0,persons,World Bank,2026-10-09
ALB,Albania,2013,SP.POP.TOTL,2816902.0,persons,World Bank,2026-10-09
ALB,Albania,2014,SP.POP.TOTL,2773767.0,persons,World Bank,2026-10-09
ALB,Albania,2015,SP.POP.TOTL,2731293.0,persons,World Bank,2026-10-09
ALB,Albania,2016,SP.POP.TOTL,2689469.0,persons,World Bank,2026-10-09
ALB,Albania,2017,SP.POP.TOTL,2648285.0,persons,World Bank,2026-10-09
ALB,Albania,2018,SP.POP.TOTL,2607733.0,persons,World Bank,2026-10-09
ALB,Albania,2019,SP.POP.TOTL,2567801.0,persons,World Bank,2026-10-09
ALB,Albania,2020,SP.POP.TOTL,2528480.0,persons,World Bank,2026-10-09
ALB,Albania,2021,SP.POP.TOTL,2489762.0,persons,World Bank,2026-10-09
ALB,Albania,2022,SP.POP.TOTL,2451636.0,persons,World Bank,2026-10-09
ALB,Albania,2023,SP.POP.TOTL,2411658.0,persons,World Bank,2026-10-09
ALB,Albania,2024,SP.POP.TOTL,2377128.0,persons,World Bank,2026-10-09
ALB,Albania,2025,SP.POP.TOTL,2349580.0,persons,World Bank,2026-10-09
AUT,Austria,2010,SP.POP.TOTL,8363404.0,persons,World Bank,2026-10-09
AUT,Austria,2011,SP.POP.TOTL,8391643.0,persons,World Bank,2026-10-09
AUT,Austria,2012,SP.POP.TOTL,8429991.0,persons,World Bank,2026-10-09
AUT,Austria,2013,SP.POP.TOTL,8479823.0,persons,World Bank,2026-10-09
AUT,Austria,2014,SP.POP.TOTL,8546356.0,persons,World Bank,2026-10-09
AUT,Austria,2015,SP.POP.TOTL,8642699.0,persons,World Bank,2026-10-09
AUT,Austria,2016,SP.POP.TOTL,8736668.0,persons,World Bank,2026-10-09
AUT,Austria,2017,SP.POP.TOTL,8797566.0,persons,World Bank,2026-10-09
AUT,Austria,2018,SP.POP.TOTL,8840521.0,persons,World Bank,2026-10-09
AUT,Austria,2019,SP.POP.TOTL,8879920.0,persons,World Bank,2026-10-09
AUT,Austria,2020,SP.POP.TOTL,8916864.0,persons,World Bank,2026-10-09
AUT,Austria,2021,SP.POP.TOTL,8955797.0,persons,World Bank,2026-10-09
AUT,Austria,2022,SP.POP.TOTL,9041851.0,persons,World Bank,2026-10-09
AUT,Austria,2023,SP.POP.TOTL,9131761.0,persons,World Bank,2026-10-09
AUT,Austria,2024,SP.POP.TOTL,9177982.0,persons,World Bank,2026-10-09
AUT,Austria,2025,SP.POP.TOTL,9208163.0,persons,World Bank,2026-10-09
BEL,Belgium,2010,SP.POP.TOTL,10895586.0,persons,World Bank,2026-10-09
BEL,Belgium,2011,SP.POP.TOTL,11038264.0,persons,World Bank,2026-10-09
BEL,Belgium,2012,SP.POP.TOTL,11106932.0,persons,World Bank,2026-10-09
BEL,Belgium,2013,SP.POP.TOTL,11159407.0,persons,World Bank,2026-10-09
BEL,Belgium,2014,SP.POP.TOTL,11209057.0,persons,World Bank,2026-10-09
BEL,Belgium,2015,SP.POP.TOTL,11274196.0,persons,World Bank,2026-10-09
BEL,Belgium,2016,SP.POP.TOTL,11331422.0,persons,World Bank,2026-10-09
BEL,Belgium,2017,SP.POP.TOTL,11375158.0,persons,World Bank,2026-10-09
BEL,Belgium,2018,SP.POP.TOTL,11427054.0,persons,World Bank,2026-10-09
BEL,Belgium,2019,SP.POP.TOTL,11488980.0,persons,World Bank,2026-10-09
BEL,Belgium,2020,SP.POP.TOTL,11538604.0,persons,World Bank,2026-10-09
BEL,Belgium,2021,SP.POP.TOTL,11586195.0,persons,World Bank,2026-10-09
BEL,Belgium,2022,SP.POP.TOTL,11680210.0,persons,World Bank,2026-10-09
BEL,Belgium,2023,SP.POP.TOTL,11779946.0,persons,World Bank,2026-10-09
BEL,Belgium,2024,SP.POP.TOTL,11858610.0,persons,World Bank,2026-10-09
BEL,Belgium,2025,SP.POP.TOTL,11941781.0,persons,World Bank,2026-10-09
BGR,Bulgaria,2010,SP.POP.TOTL,7395599.0,persons,World Bank,2026-10-09
BGR,Bulgaria,2011,SP.POP.TOTL,7348328.0,persons,World Bank,2026-10-09
BGR,Bulgaria,2012,SP.POP.TOTL,7305888.0,persons,World Bank,2026-10-09
BGR,Bulgaria,2013,SP.POP.TOTL,7160005.0,persons,World Bank,2026-10-09
BGR,Bulgaria,2014,SP.POP.TOTL,7073572.0,persons,World Bank,2026-10-09
BGR,Bulgaria,2015,SP.POP.TOTL,6984225.0,persons,World Bank,2026-10-09
BGR,Bulgaria,2016,SP.POP.TOTL,6894139.0,persons,World Bank,2026-10-09
BGR,Bulgaria,2017,SP.POP.TOTL,6803468.0,persons,World Bank,2026-10-09
BGR,Bulgaria,2018,SP.POP.TOTL,6710798.0,persons,World Bank,2026-10-09
BGR,Bulgaria,2019,SP.POP.TOTL,6616726.0,persons,World Bank,2026-10-09
BGR,Bulgaria,2020,SP.POP.TOTL,6550696.0,persons,World Bank,2026-10-09
BGR,Bulgaria,2021,SP.POP.TOTL,6507301.0,persons,World Bank,2026-10-09
BGR,Bulgaria,2022,SP.POP.TOTL,6465097.0,persons,World Bank,2026-10-09
BGR,Bulgaria,2023,SP.POP.TOTL,6446596.0,persons,World Bank,2026-10-09
BGR,Bulgaria,2024,SP.POP.TOTL,6441421.0,persons,World Bank,2026-10-09
BGR,Bulgaria,2025,SP.POP.TOTL,6433302.0,persons,World Bank,2026-10-09
BIH,Bosnia and Herzegovina,2010,SP.POP.TOTL,3811472.0,persons,World Bank,2026-10-09
BIH,Bosnia and Herzegovina,2011,SP.POP.TOTL,3741798.0,persons,World Bank,2026-10-09
BIH,Bosnia and Herzegovina,2012,SP.POP.TOTL,3670113.0,persons,World Bank,2026-10-09
BIH,Bosnia and Herzegovina,2013,SP.POP.TOTL,3610859.0,persons,World Bank,2026-10-09
BIH,Bosnia and Herzegovina,2014,SP.POP.TOTL,3564829.0,persons,World Bank,2026-10-09
BIH,Bosnia and Herzegovina,2015,SP.POP.TOTL,3518541.0,persons,World Bank,2026-10-09
BIH,Bosnia and Herzegovina,2016,SP.POP.TOTL,3473003.0,persons,World Bank,2026-10-09
BIH,Bosnia and Herzegovina,2017,SP.POP.TOTL,3428682.0,persons,World Bank,2026-10-09
BIH,Bosnia and Herzegovina,2018,SP.POP.TOTL,3387000.0,persons,World Bank,2026-10-09
BIH,Bosnia and Herzegovina,2019,SP.POP.TOTL,3345533.0,persons,World Bank,2026-10-09
BIH,Bosnia and Herzegovina,2020,SP.POP.TOTL,3299349.0,persons,World Bank,2026-10-09
BIH,Bosnia and Herzegovina,2021,SP.POP.TOTL,3244907.0,persons,World Bank,2026-10-09
BIH,Bosnia and Herzegovina,2022,SP.POP.TOTL,3204802.0,persons,World Bank,2026-10-09
BIH,Bosnia and Herzegovina,2023,SP.POP.TOTL,3185073.0,persons,World Bank,2026-10-09
BIH,Bosnia and Herzegovina,2024,SP.POP.TOTL,3164253.0,persons,World Bank,2026-10-09
BIH,Bosnia and Herzegovina,2025,SP.POP.TOTL,3140095.0,persons,World Bank,2026-10-09
CYP,Cyprus,2010,SP.POP.TOTL,1127816.0,persons,World Bank,2026-10-09
CYP,Cyprus,2011,SP.POP.TOTL,1146493.0,persons,World Bank,2026-10-09
CYP,Cyprus,2012,SP.POP.TOTL,1165397.0,persons,World Bank,2026-10-09
CYP,Cyprus,2013,SP.POP.TOTL,1183895.0,persons,World Bank,2026-10-09
CYP,Cyprus,2014,SP.POP.TOTL,1201801.0,persons,World Bank,2026-10-09
CYP,Cyprus,2015,SP.POP.TOTL,1219502.0,persons,World Bank,2026-10-09
CYP,Cyprus,2016,SP.POP.TOTL,1237112.0,persons,World Bank,2026-10-09
CYP,Cyprus,2017,SP.POP.TOTL,1254275.0,persons,World Bank,2026-10-09
CYP,Cyprus,2018,SP.POP.TOTL,1270737.0,persons,World Bank,2026-10-09
CYP,Cyprus,2019,SP.POP.TOTL,1286671.0,persons,World Bank,2026-10-09
CYP,Cyprus,2020,SP.POP.TOTL,1302247.0,persons,World Bank,2026-10-09
CYP,Cyprus,2021,SP.POP.TOTL,1317309.0,persons,World Bank,2026-10-09
CYP,Cyprus,2022,SP.POP.TOTL,1331370.0,persons,World Bank,2026-10-09
CYP,Cyprus,2023,SP.POP.TOTL,1344976.0,persons,World Bank,2026-10-09
CYP,Cyprus,2024,SP.POP.TOTL,1358282.0,persons,World Bank,2026-10-09
CYP,Cyprus,2025,SP.POP.TOTL,1370754.0,persons,World Bank,2026-10-09
CZE,Czechia,2010,SP.POP.TOTL,10474410.0,persons,World Bank,2026-10-09
CZE,Czechia,2011,SP.POP.TOTL,10496088.0,persons,World Bank,2026-10-09
CZE,Czechia,2012,SP.POP.TOTL,10510785.0,persons,World Bank,2026-10-09
CZE,Czechia,2013,SP.POP.TOTL,10514272.0,persons,World Bank,2026-10-09
CZE,Czechia,2014,SP.POP.TOTL,10525347.0,persons,World Bank,2026-10-09
CZE,Czechia,2015,SP.POP.TOTL,10546059.0,persons,World Bank,2026-10-09
CZE,Czechia,2016,SP.POP.TOTL,10566332.0,persons,World Bank,2026-10-09
CZE,Czechia,2017,SP.POP.TOTL,10594438.0,persons,World Bank,2026-10-09
CZE,Czechia,2018,SP.POP.TOTL,10629928.0,persons,World Bank,2026-10-09
CZE,Czechia,2019,SP.POP.TOTL,10671870.0,persons,World Bank,2026-10-09
CZE,Czechia,2020,SP.POP.TOTL,10697858.0,persons,World Bank,2026-10-09
CZE,Czechia,2021,SP.POP.TOTL,10505772.0,persons,World Bank,2026-10-09
CZE,Czechia,2022,SP.POP.TOTL,10672118.0,persons,World Bank,2026-10-09
CZE,Czechia,2023,SP.POP.TOTL,10864042.0,persons,World Bank,2026-10-09
CZE,Czechia,2024,SP.POP.TOTL,10905028.0,persons,World Bank,2026-10-09
CZE,Czechia,2025,SP.POP.TOTL,10886878.0,persons,World Bank,2026-10-09
DEU,Germany,2010,SP.POP.TOTL,81776930.0,persons,World Bank,2026-10-09
DEU,Germany,2011,SP.POP.TOTL,80274983.0,persons,World Bank,2026-10-09
DEU,Germany,2012,SP.POP.TOTL,80425823.0,persons,World Bank,2026-10-09
DEU,Germany,2013,SP.POP.TOTL,80645605.0,persons,World Bank,2026-10-09
DEU,Germany,2014,SP.POP.TOTL,80982500.0,persons,World Bank,2026-10-09
DEU,Germany,2015,SP.POP.TOTL,81686611.0,persons,World Bank,2026-10-09
DEU,Germany,2016,SP.POP.TOTL,82348669.0,persons,World Bank,2026-10-09
DEU,Germany,2017,SP.POP.TOTL,82657002.0,persons,World Bank,2026-10-09
DEU,Germany,2018,SP.POP.TOTL,82905782.0,persons,World Bank,2026-10-09
DEU,Germany,2019,SP.POP.TOTL,83092962.0,persons,World Bank,2026-10-09
DEU,Germany,2020,SP.POP.TOTL,83160871.0,persons,World Bank,2026-10-09
DEU,Germany,2021,SP.POP.TOTL,83196078.0,persons,World Bank,2026-10-09
DEU,Germany,2022,SP.POP.TOTL,83177813.0,persons,World Bank,2026-10-09
DEU,Germany,2023,SP.POP.TOTL,83287273.0,persons,World Bank,2026-10-09
DEU,Germany,2024,SP.POP.TOTL,83516593.0,persons,World Bank,2026-10-09
DEU,Germany,2025,SP.POP.TOTL,83491249.0,persons,World Bank,2026-10-09
DNK,Denmark,2010,SP.POP.TOTL,5547683.0,persons,World Bank,2026-10-09
DNK,Denmark,2011,SP.POP.TOTL,5570572.0,persons,World Bank,2026-10-09
DNK,Denmark,2012,SP.POP.TOTL,5591572.0,persons,World Bank,2026-10-09
DNK,Denmark,2013,SP.POP.TOTL,5614932.0,persons,World Bank,2026-10-09
DNK,Denmark,2014,SP.POP.TOTL,5643475.0,persons,World Bank,2026-10-09
DNK,Denmark,2015,SP.POP.TOTL,5683483.0,persons,World Bank,2026-10-09
DNK,Denmark,2016,SP.POP.TOTL,5728010.0,persons,World Bank,2026-10-09
DNK,Denmark,2017,SP.POP.TOTL,5764980.0,persons,World Bank,2026-10-09
DNK,Denmark,2018,SP.POP.TOTL,5793636.0,persons,World Bank,2026-10-09
DNK,Denmark,2019,SP.POP.TOTL,5814422.0,persons,World Bank,2026-10-09
DNK,Denmark,2020,SP.POP.TOTL,5831404.0,persons,World Bank,2026-10-09
DNK,Denmark,2021,SP.POP.TOTL,5856733.0,persons,World Bank,2026-10-09
DNK,Denmark,2022,SP.POP.TOTL,5903037.0,persons,World Bank,2026-10-09
DNK,Denmark,2023,SP.POP.TOTL,5946952.0,persons,World Bank,2026-10-09
DNK,Denmark,2024,SP.POP.TOTL,5976992.0,persons,World Bank,2026-10-09
DNK,Denmark,2025,SP.POP.TOTL,6009169.0,persons,World Bank,2026-10-09
ESP,Spain,2010,SP.POP.TOTL,46576897.0,persons,World Bank,2026-10-09
ESP,Spain,2011,SP.POP.TOTL,46742697.0,persons,World Bank,2026-10-09
ESP,Spain,2012,SP.POP.TOTL,46773055.0,persons,World Bank,2026-10-09
ESP,Spain,2013,SP.POP.TOTL,46604197.0,persons,World Bank,2026-10-09
ESP,Spain,2014,SP.POP.TOTL,46460733.0,persons,World Bank,2026-10-09
ESP,Spain,2015,SP.POP.TOTL,46422303.0,persons,World Bank,2026-10-09
ESP,Spain,2016,SP.POP.TOTL,46458139.0,persons,World Bank,2026-10-09
ESP,Spain,2017,SP.POP.TOTL,46571232.0,persons,World Bank,2026-10-09
ESP,Spain,2018,SP.POP.TOTL,46782011.0,persons,World Bank,2026-10-09
ESP,Spain,2019,SP.POP.TOTL,47118501.0,persons,World Bank,2026-10-09
ESP,Spain,2020,SP.POP.TOTL,47359424.0,persons,World Bank,2026-10-09
ESP,Spain,2021,SP.POP.TOTL,47443821.0,persons,World Bank,2026-10-09
ESP,Spain,2022,SP.POP.TOTL,47786102.0,persons,World Bank,2026-10-09
ESP,Spain,2023,SP.POP.TOTL,48352528.0,persons,World Bank,2026-10-09
ESP,Spain,2024,SP.POP.TOTL,48848840.0,persons,World Bank,2026-10-09
ESP,Spain,2025,SP.POP.TOTL,49355143.0,persons,World Bank,2026-10-09
EST,Estonia,2010,SP.POP.TOTL,1331475.0,persons,World Bank,2026-10-09
EST,Estonia,2011,SP.POP.TOTL,1327439.0,persons,World Bank,2026-10-09
EST,Estonia,2012,SP.POP.TOTL,1322696.0,persons,World Bank,2026-10-09
EST,Estonia,2013,SP.POP.TOTL,1317997.0,persons,World Bank,2026-10-09
EST,Estonia,2014,SP.POP.TOTL,1314545.0,persons,World Bank,2026-10-09
EST,Estonia,2015,SP.POP.TOTL,1315407.0,persons,World Bank,2026-10-09
EST,Estonia,2016,SP.POP.TOTL,1315790.0,persons,World Bank,2026-10-09
EST,Estonia,2017,SP.POP.TOTL,1317384.0,persons,World Bank,2026-10-09
EST,Estonia,2018,SP.POP.TOTL,1321977.0,persons,World Bank,2026-10-09
EST,Estonia,2019,SP.POP.TOTL,1326898.0,persons,World Bank,2026-10-09
EST,Estonia,2020,SP.POP.TOTL,1329522.0,persons,World Bank,2026-10-09
EST,Estonia,2021,SP.POP.TOTL,1330932.0,persons,World Bank,2026-10-09
EST,Estonia,2022,SP.POP.TOTL,1348840.0,persons,World Bank,2026-10-09
EST,Estonia,2023,SP.POP.TOTL,1370286.0,persons,World Bank,2026-10-09
EST,Estonia,2024,SP.POP.TOTL,1372341.0,persons,World Bank,2026-10-09
EST,Estonia,2025,SP.POP.TOTL,1366475.0,persons,World Bank,2026-10-09
EUU,European Union (aggregate),2010,SP.POP.TOTL,442088310.0,persons,World Bank,2026-10-09
EUU,European Union (aggregate),2011,SP.POP.TOTL,441414078.0,persons,World Bank,2026-10-09
EUU,European Union (aggregate),2012,SP.POP.TOTL,442069839.0,persons,World Bank,2026-10-09
EUU,European Union (aggregate),2013,SP.POP.TOTL,442425741.0,persons,World Bank,2026-10-09
EUU,European Union (aggregate),2014,SP.POP.TOTL,442920819.0,persons,World Bank,2026-10-09
EUU,European Union (aggregate),2015,SP.POP.TOTL,443793218.0,persons,World Bank,2026-10-09
EUU,European Union (aggregate),2016,SP.POP.TOTL,444676652.0,persons,World Bank,2026-10-09
EUU,European Union (aggregate),2017,SP.POP.TOTL,445321060.0,persons,World Bank,2026-10-09
EUU,European Union (aggregate),2018,SP.POP.TOTL,446058453.0,persons,World Bank,2026-10-09
EUU,European Union (aggregate),2019,SP.POP.TOTL,446910453.0,persons,World Bank,2026-10-09
EUU,European Union (aggregate),2020,SP.POP.TOTL,446870959.0,persons,World Bank,2026-10-09
EUU,European Union (aggregate),2021,SP.POP.TOTL,446228281.0,persons,World Bank,2026-10-09
EUU,European Union (aggregate),2022,SP.POP.TOTL,447203596.0,persons,World Bank,2026-10-09
EUU,European Union (aggregate),2023,SP.POP.TOTL,448897545.0,persons,World Bank,2026-10-09
EUU,European Union (aggregate),2024,SP.POP.TOTL,450228188.0,persons,World Bank,2026-10-09
EUU,European Union (aggregate),2025,SP.POP.TOTL,451127411.0,persons,World Bank,2026-10-09
FIN,Finland,2010,SP.POP.TOTL,5363352.0,persons,World Bank,2026-10-09
FIN,Finland,2011,SP.POP.TOTL,5388272.0,persons,World Bank,2026-10-09
FIN,Finland,2012,SP.POP.TOTL,5413971.0,persons,World Bank,2026-10-09
FIN,Finland,2013,SP.POP.TOTL,5438972.0,persons,World Bank,2026-10-09
FIN,Finland,2014,SP.POP.TOTL,5461512.0,persons,World Bank,2026-10-09
FIN,Finland,2015,SP.POP.TOTL,5479531.0,persons,World Bank,2026-10-09
FIN,Finland,2016,SP.POP.TOTL,5495303.0,persons,World Bank,2026-10-09
FIN,Finland,2017,SP.POP.TOTL,5508214.0,persons,World Bank,2026-10-09
FIN,Finland,2018,SP.POP.TOTL,5515525.0,persons,World Bank,2026-10-09
FIN,Finland,2019,SP.POP.TOTL,5521606.0,persons,World Bank,2026-10-09
FIN,Finland,2020,SP.POP.TOTL,5529543.0,persons,World Bank,2026-10-09
FIN,Finland,2021,SP.POP.TOTL,5541017.0,persons,World Bank,2026-10-09
FIN,Finland,2022,SP.POP.TOTL,5556106.0,persons,World Bank,2026-10-09
FIN,Finland,2023,SP.POP.TOTL,5583911.0,persons,World Bank,2026-10-09
FIN,Finland,2024,SP.POP.TOTL,5619911.0,persons,World Bank,2026-10-09
FIN,Finland,2025,SP.POP.TOTL,5646436.0,persons,World Bank,2026-10-09
FRA,France,2010,SP.POP.TOTL,65026211.0,persons,World Bank,2026-10-09
FRA,France,2011,SP.POP.TOTL,65340830.0,persons,World Bank,2026-10-09
FRA,France,2012,SP.POP.TOTL,65657659.0,persons,World Bank,2026-10-09
FRA,France,2013,SP.POP.TOTL,65997932.0,persons,World Bank,2026-10-09
FRA,France,2014,SP.POP.TOTL,66312067.0,persons,World Bank,2026-10-09
FRA,France,2015,SP.POP.TOTL,66548272.0,persons,World Bank,2026-10-09
FRA,France,2016,SP.POP.TOTL,66724104.0,persons,World Bank,2026-10-09
FRA,France,2017,SP.POP.TOTL,66918020.0,persons,World Bank,2026-10-09
FRA,France,2018,SP.POP.TOTL,67158348.0,persons,World Bank,2026-10-09
FRA,France,2019,SP.POP.TOTL,67382061.0,persons,World Bank,2026-10-09
FRA,France,2020,SP.POP.TOTL,67601110.0,persons,World Bank,2026-10-09
FRA,France,2021,SP.POP.TOTL,67842811.0,persons,World Bank,2026-10-09
FRA,France,2022,SP.POP.TOTL,68184457.0,persons,World Bank,2026-10-09
FRA,France,2023,SP.POP.TOTL,68372286.0,persons,World Bank,2026-10-09
FRA,France,2024,SP.POP.TOTL,68551653.0,persons,World Bank,2026-10-09
FRA,France,2025,SP.POP.TOTL,68720337.0,persons,World Bank,2026-10-09
GRC,Greece,2010,SP.POP.TOTL,11121341.0,persons,World Bank,2026-10-09
GRC,Greece,2011,SP.POP.TOTL,11104899.0,persons,World Bank,2026-10-09
GRC,Greece,2012,SP.POP.TOTL,11045011.0,persons,World Bank,2026-10-09
GRC,Greece,2013,SP.POP.TOTL,10965211.0,persons,World Bank,2026-10-09
GRC,Greece,2014,SP.POP.TOTL,10892413.0,persons,World Bank,2026-10-09
GRC,Greece,2015,SP.POP.TOTL,10820883.0,persons,World Bank,2026-10-09
GRC,Greece,2016,SP.POP.TOTL,10775971.0,persons,World Bank,2026-10-09
GRC,Greece,2017,SP.POP.TOTL,10754679.0,persons,World Bank,2026-10-09
GRC,Greece,2018,SP.POP.TOTL,10732882.0,persons,World Bank,2026-10-09
GRC,Greece,2019,SP.POP.TOTL,10721582.0,persons,World Bank,2026-10-09
GRC,Greece,2020,SP.POP.TOTL,10698599.0,persons,World Bank,2026-10-09
GRC,Greece,2021,SP.POP.TOTL,10570130.0,persons,World Bank,2026-10-09
GRC,Greece,2022,SP.POP.TOTL,10437805.0,persons,World Bank,2026-10-09
GRC,Greece,2023,SP.POP.TOTL,10407351.0,persons,World Bank,2026-10-09
GRC,Greece,2024,SP.POP.TOTL,10405134.0,persons,World Bank,2026-10-09
GRC,Greece,2025,SP.POP.TOTL,10413962.0,persons,World Bank,2026-10-09
HRV,Croatia,2010,SP.POP.TOTL,4295427.0,persons,World Bank,2026-10-09
HRV,Croatia,2011,SP.POP.TOTL,4280622.0,persons,World Bank,2026-10-09
HRV,Croatia,2012,SP.POP.TOTL,4260368.0,persons,World Bank,2026-10-09
HRV,Croatia,2013,SP.POP.TOTL,4233922.0,persons,World Bank,2026-10-09
HRV,Croatia,2014,SP.POP.TOTL,4201598.0,persons,World Bank,2026-10-09
HRV,Croatia,2015,SP.POP.TOTL,4151725.0,persons,World Bank,2026-10-09
HRV,Croatia,2016,SP.POP.TOTL,4106867.0,persons,World Bank,2026-10-09
HRV,Croatia,2017,SP.POP.TOTL,4041407.0,persons,World Bank,2026-10-09
HRV,Croatia,2018,SP.POP.TOTL,3988775.0,persons,World Bank,2026-10-09
HRV,Croatia,2019,SP.POP.TOTL,3949390.0,persons,World Bank,2026-10-09
HRV,Croatia,2020,SP.POP.TOTL,3914206.0,persons,World Bank,2026-10-09
HRV,Croatia,2021,SP.POP.TOTL,3878981.0,persons,World Bank,2026-10-09
HRV,Croatia,2022,SP.POP.TOTL,3855641.0,persons,World Bank,2026-10-09
HRV,Croatia,2023,SP.POP.TOTL,3859686.0,persons,World Bank,2026-10-09
HRV,Croatia,2024,SP.POP.TOTL,3866200.0,persons,World Bank,2026-10-09
HRV,Croatia,2025,SP.POP.TOTL,3876200.0,persons,World Bank,2026-10-09
HUN,Hungary,2010,SP.POP.TOTL,10000023.0,persons,World Bank,2026-10-09
HUN,Hungary,2011,SP.POP.TOTL,9971727.0,persons,World Bank,2026-10-09
HUN,Hungary,2012,SP.POP.TOTL,9920362.0,persons,World Bank,2026-10-09
HUN,Hungary,2013,SP.POP.TOTL,9872734.0,persons,World Bank,2026-10-09
HUN,Hungary,2014,SP.POP.TOTL,9833038.0,persons,World Bank,2026-10-09
HUN,Hungary,2015,SP.POP.TOTL,9797755.0,persons,World Bank,2026-10-09
HUN,Hungary,2016,SP.POP.TOTL,9759755.0,persons,World Bank,2026-10-09
HUN,Hungary,2017,SP.POP.TOTL,9726756.0,persons,World Bank,2026-10-09
HUN,Hungary,2018,SP.POP.TOTL,9706964.0,persons,World Bank,2026-10-09
HUN,Hungary,2019,SP.POP.TOTL,9694824.0,persons,World Bank,2026-10-09
HUN,Hungary,2020,SP.POP.TOTL,9670419.0,persons,World Bank,2026-10-09
HUN,Hungary,2021,SP.POP.TOTL,9630932.0,persons,World Bank,2026-10-09
HUN,Hungary,2022,SP.POP.TOTL,9605074.0,persons,World Bank,2026-10-09
HUN,Hungary,2023,SP.POP.TOTL,9592186.0,persons,World Bank,2026-10-09
HUN,Hungary,2024,SP.POP.TOTL,9562065.0,persons,World Bank,2026-10-09
HUN,Hungary,2025,SP.POP.TOTL,9514251.0,persons,World Bank,2026-10-09
IRL,Ireland,2010,SP.POP.TOTL,4560155.0,persons,World Bank,2026-10-09
IRL,Ireland,2011,SP.POP.TOTL,4580084.0,persons,World Bank,2026-10-09
IRL,Ireland,2012,SP.POP.TOTL,4599533.0,persons,World Bank,2026-10-09
IRL,Ireland,2013,SP.POP.TOTL,4623816.0,persons,World Bank,2026-10-09
IRL,Ireland,2014,SP.POP.TOTL,4657740.0,persons,World Bank,2026-10-09
IRL,Ireland,2015,SP.POP.TOTL,4701957.0,persons,World Bank,2026-10-09
IRL,Ireland,2016,SP.POP.TOTL,4762722.0,persons,World Bank,2026-10-09
IRL,Ireland,2017,SP.POP.TOTL,4827445.0,persons,World Bank,2026-10-09
IRL,Ireland,2018,SP.POP.TOTL,4898022.0,persons,World Bank,2026-10-09
IRL,Ireland,2019,SP.POP.TOTL,4976456.0,persons,World Bank,2026-10-09
IRL,Ireland,2020,SP.POP.TOTL,5039747.0,persons,World Bank,2026-10-09
IRL,Ireland,2021,SP.POP.TOTL,5110585.0,persons,World Bank,2026-10-09
IRL,Ireland,2022,SP.POP.TOTL,5212836.0,persons,World Bank,2026-10-09
IRL,Ireland,2023,SP.POP.TOTL,5311538.0,persons,World Bank,2026-10-09
IRL,Ireland,2024,SP.POP.TOTL,5395790.0,persons,World Bank,2026-10-09
IRL,Ireland,2025,SP.POP.TOTL,5484367.0,persons,World Bank,2026-10-09
ITA,Italy,2010,SP.POP.TOTL,59819407.0,persons,World Bank,2026-10-09
ITA,Italy,2011,SP.POP.TOTL,60026841.0,persons,World Bank,2026-10-09
ITA,Italy,2012,SP.POP.TOTL,60191247.0,persons,World Bank,2026-10-09
ITA,Italy,2013,SP.POP.TOTL,60311613.0,persons,World Bank,2026-10-09
ITA,Italy,2014,SP.POP.TOTL,60320707.0,persons,World Bank,2026-10-09
ITA,Italy,2015,SP.POP.TOTL,60229605.0,persons,World Bank,2026-10-09
ITA,Italy,2016,SP.POP.TOTL,60115223.0,persons,World Bank,2026-10-09
ITA,Italy,2017,SP.POP.TOTL,60002252.0,persons,World Bank,2026-10-09
ITA,Italy,2018,SP.POP.TOTL,59877221.0,persons,World Bank,2026-10-09
ITA,Italy,2019,SP.POP.TOTL,59729081.0,persons,World Bank,2026-10-09
ITA,Italy,2020,SP.POP.TOTL,59438851.0,persons,World Bank,2026-10-09
ITA,Italy,2021,SP.POP.TOTL,59133173.0,persons,World Bank,2026-10-09
ITA,Italy,2022,SP.POP.TOTL,59013667.0,persons,World Bank,2026-10-09
ITA,Italy,2023,SP.POP.TOTL,58984216.0,persons,World Bank,2026-10-09
ITA,Italy,2024,SP.POP.TOTL,58952704.0,persons,World Bank,2026-10-09
ITA,Italy,2025,SP.POP.TOTL,58915656.0,persons,World Bank,2026-10-09
LTU,Lithuania,2010,SP.POP.TOTL,3097282.0,persons,World Bank,2026-10-09
LTU,Lithuania,2011,SP.POP.TOTL,3028115.0,persons,World Bank,2026-10-09
LTU,Lithuania,2012,SP.POP.TOTL,2989139.0,persons,World Bank,2026-10-09
LTU,Lithuania,2013,SP.POP.TOTL,2961250.0,persons,World Bank,2026-10-09
LTU,Lithuania,2014,SP.POP.TOTL,2937253.0,persons,World Bank,2026-10-09
LTU,Lithuania,2015,SP.POP.TOTL,2911109.0,persons,World Bank,2026-10-09
LTU,Lithuania,2016,SP.POP.TOTL,2877325.0,persons,World Bank,2026-10-09
LTU,Lithuania,2017,SP.POP.TOTL,2842639.0,persons,World Bank,2026-10-09
LTU,Lithuania,2018,SP.POP.TOTL,2819200.0,persons,World Bank,2026-10-09
LTU,Lithuania,2019,SP.POP.TOTL,2811089.0,persons,World Bank,2026-10-09
LTU,Lithuania,2020,SP.POP.TOTL,2810369.0,persons,World Bank,2026-10-09
LTU,Lithuania,2021,SP.POP.TOTL,2808380.0,persons,World Bank,2026-10-09
LTU,Lithuania,2022,SP.POP.TOTL,2831639.0,persons,World Bank,2026-10-09
LTU,Lithuania,2023,SP.POP.TOTL,2871585.0,persons,World Bank,2026-10-09
LTU,Lithuania,2024,SP.POP.TOTL,2888278.0,persons,World Bank,2026-10-09
LTU,Lithuania,2025,SP.POP.TOTL,2888774.0,persons,World Bank,2026-10-09
LUX,Luxembourg,2010,SP.POP.TOTL,506953.0,persons,World Bank,2026-10-09
LUX,Luxembourg,2011,SP.POP.TOTL,518347.0,persons,World Bank,2026-10-09
LUX,Luxembourg,2012,SP.POP.TOTL,530946.0,persons,World Bank,2026-10-09
LUX,Luxembourg,2013,SP.POP.TOTL,543360.0,persons,World Bank,2026-10-09
LUX,Luxembourg,2014,SP.POP.TOTL,556319.0,persons,World Bank,2026-10-09
LUX,Luxembourg,2015,SP.POP.TOTL,569604.0,persons,World Bank,2026-10-09
LUX,Luxembourg,2016,SP.POP.TOTL,582014.0,persons,World Bank,2026-10-09
LUX,Luxembourg,2017,SP.POP.TOTL,596336.0,persons,World Bank,2026-10-09
LUX,Luxembourg,2018,SP.POP.TOTL,607950.0,persons,World Bank,2026-10-09
LUX,Luxembourg,2019,SP.POP.TOTL,620001.0,persons,World Bank,2026-10-09
LUX,Luxembourg,2020,SP.POP.TOTL,630419.0,persons,World Bank,2026-10-09
LUX,Luxembourg,2021,SP.POP.TOTL,640064.0,persons,World Bank,2026-10-09
LUX,Luxembourg,2022,SP.POP.TOTL,653103.0,persons,World Bank,2026-10-09
LUX,Luxembourg,2023,SP.POP.TOTL,666430.0,persons,World Bank,2026-10-09
LUX,Luxembourg,2024,SP.POP.TOTL,677012.0,persons,World Bank,2026-10-09
LUX,Luxembourg,2025,SP.POP.TOTL,686970.0,persons,World Bank,2026-10-09
LVA,Latvia,2010,SP.POP.TOTL,2097555.0,persons,World Bank,2026-10-09
LVA,Latvia,2011,SP.POP.TOTL,2059709.0,persons,World Bank,2026-10-09
LVA,Latvia,2012,SP.POP.TOTL,2034319.0,persons,World Bank,2026-10-09
LVA,Latvia,2013,SP.POP.TOTL,2012647.0,persons,World Bank,2026-10-09
LVA,Latvia,2014,SP.POP.TOTL,1993782.0,persons,World Bank,2026-10-09
LVA,Latvia,2015,SP.POP.TOTL,1977527.0,persons,World Bank,2026-10-09
LVA,Latvia,2016,SP.POP.TOTL,1959537.0,persons,World Bank,2026-10-09
LVA,Latvia,2017,SP.POP.TOTL,1942248.0,persons,World Bank,2026-10-09
LVA,Latvia,2018,SP.POP.TOTL,1927174.0,persons,World Bank,2026-10-09
LVA,Latvia,2019,SP.POP.TOTL,1913822.0,persons,World Bank,2026-10-09
LVA,Latvia,2020,SP.POP.TOTL,1900449.0,persons,World Bank,2026-10-09
LVA,Latvia,2021,SP.POP.TOTL,1884490.0,persons,World Bank,2026-10-09
LVA,Latvia,2022,SP.POP.TOTL,1879383.0,persons,World Bank,2026-10-09
LVA,Latvia,2023,SP.POP.TOTL,1883710.0,persons,World Bank,2026-10-09
LVA,Latvia,2024,SP.POP.TOTL,1866124.0,persons,World Bank,2026-10-09
LVA,Latvia,2025,SP.POP.TOTL,1847785.0,persons,World Bank,2026-10-09
MKD,North Macedonia,2010,SP.POP.TOTL,1946298.0,persons,World Bank,2026-10-09
MKD,North Macedonia,2011,SP.POP.TOTL,1937398.0,persons,World Bank,2026-10-09
MKD,North Macedonia,2012,SP.POP.TOTL,1929821.0,persons,World Bank,2026-10-09
MKD,North Macedonia,2013,SP.POP.TOTL,1922716.0,persons,World Bank,2026-10-09
MKD,North Macedonia,2014,SP.POP.TOTL,1917557.0,persons,World Bank,2026-10-09
MKD,North Macedonia,2015,SP.POP.TOTL,1912430.0,persons,World Bank,2026-10-09
MKD,North Macedonia,2016,SP.POP.TOTL,1906313.0,persons,World Bank,2026-10-09
MKD,North Macedonia,2017,SP.POP.TOTL,1898657.0,persons,World Bank,2026-10-09
MKD,North Macedonia,2018,SP.POP.TOTL,1889051.0,persons,World Bank,2026-10-09
MKD,North Macedonia,2019,SP.POP.TOTL,1876262.0,persons,World Bank,2026-10-09
MKD,North Macedonia,2020,SP.POP.TOTL,1856124.0,persons,World Bank,2026-10-09
MKD,North Macedonia,2021,SP.POP.TOTL,1837114.0,persons,World Bank,2026-10-09
MKD,North Macedonia,2022,SP.POP.TOTL,1831712.0,persons,World Bank,2026-10-09
MKD,North Macedonia,2023,SP.POP.TOTL,1827816.0,persons,World Bank,2026-10-09
MKD,North Macedonia,2024,SP.POP.TOTL,1824359.0,persons,World Bank,2026-10-09
MKD,North Macedonia,2025,SP.POP.TOTL,1820909.0,persons,World Bank,2026-10-09
MLT,Malta,2010,SP.POP.TOTL,414508.0,persons,World Bank,2026-10-09
MLT,Malta,2011,SP.POP.TOTL,416268.0,persons,World Bank,2026-10-09
MLT,Malta,2012,SP.POP.TOTL,420028.0,persons,World Bank,2026-10-09
MLT,Malta,2013,SP.POP.TOTL,424810.0,persons,World Bank,2026-10-09
MLT,Malta,2014,SP.POP.TOTL,433481.0,persons,World Bank,2026-10-09
MLT,Malta,2015,SP.POP.TOTL,444220.0,persons,World Bank,2026-10-09
MLT,Malta,2016,SP.POP.TOTL,454505.0,persons,World Bank,2026-10-09
MLT,Malta,2017,SP.POP.TOTL,467106.0,persons,World Bank,2026-10-09
MLT,Malta,2018,SP.POP.TOTL,483903.0,persons,World Bank,2026-10-09
MLT,Malta,2019,SP.POP.TOTL,503912.0,persons,World Bank,2026-10-09
MLT,Malta,2020,SP.POP.TOTL,515490.0,persons,World Bank,2026-10-09
MLT,Malta,2021,SP.POP.TOTL,518150.0,persons,World Bank,2026-10-09
MLT,Malta,2022,SP.POP.TOTL,531113.0,persons,World Bank,2026-10-09
MLT,Malta,2023,SP.POP.TOTL,552747.0,persons,World Bank,2026-10-09
MLT,Malta,2024,SP.POP.TOTL,568847.0,persons,World Bank,2026-10-09
MLT,Malta,2025,SP.POP.TOTL,579704.0,persons,World Bank,2026-10-09
MNE,Montenegro,2010,SP.POP.TOTL,619428.0,persons,World Bank,2026-10-09
MNE,Montenegro,2011,SP.POP.TOTL,620345.0,persons,World Bank,2026-10-09
MNE,Montenegro,2012,SP.POP.TOTL,621418.0,persons,World Bank,2026-10-09
MNE,Montenegro,2013,SP.POP.TOTL,622587.0,persons,World Bank,2026-10-09
MNE,Montenegro,2014,SP.POP.TOTL,623744.0,persons,World Bank,2026-10-09
MNE,Montenegro,2015,SP.POP.TOTL,624651.0,persons,World Bank,2026-10-09
MNE,Montenegro,2016,SP.POP.TOTL,625353.0,persons,World Bank,2026-10-09
MNE,Montenegro,2017,SP.POP.TOTL,625982.0,persons,World Bank,2026-10-09
MNE,Montenegro,2018,SP.POP.TOTL,626438.0,persons,World Bank,2026-10-09
MNE,Montenegro,2019,SP.POP.TOTL,626753.0,persons,World Bank,2026-10-09
MNE,Montenegro,2020,SP.POP.TOTL,626590.0,persons,World Bank,2026-10-09
MNE,Montenegro,2021,SP.POP.TOTL,625053.0,persons,World Bank,2026-10-09
MNE,Montenegro,2022,SP.POP.TOTL,623591.0,persons,World Bank,2026-10-09
MNE,Montenegro,2023,SP.POP.TOTL,623529.0,persons,World Bank,2026-10-09
MNE,Montenegro,2024,SP.POP.TOTL,623525.0,persons,World Bank,2026-10-09
MNE,Montenegro,2025,SP.POP.TOTL,623129.0,persons,World Bank,2026-10-09
NLD,Netherlands,2010,SP.POP.TOTL,16615394.0,persons,World Bank,2026-10-09
NLD,Netherlands,2011,SP.POP.TOTL,16693074.0,persons,World Bank,2026-10-09
NLD,Netherlands,2012,SP.POP.TOTL,16754962.0,persons,World Bank,2026-10-09
NLD,Netherlands,2013,SP.POP.TOTL,16804432.0,persons,World Bank,2026-10-09
NLD,Netherlands,2014,SP.POP.TOTL,16865008.0,persons,World Bank,2026-10-09
NLD,Netherlands,2015,SP.POP.TOTL,16939923.0,persons,World Bank,2026-10-09
NLD,Netherlands,2016,SP.POP.TOTL,17030314.0,persons,World Bank,2026-10-09
NLD,Netherlands,2017,SP.POP.TOTL,17131296.0,persons,World Bank,2026-10-09
NLD,Netherlands,2018,SP.POP.TOTL,17231624.0,persons,World Bank,2026-10-09
NLD,Netherlands,2019,SP.POP.TOTL,17344874.0,persons,World Bank,2026-10-09
NLD,Netherlands,2020,SP.POP.TOTL,17441500.0,persons,World Bank,2026-10-09
NLD,Netherlands,2021,SP.POP.TOTL,17533044.0,persons,World Bank,2026-10-09
NLD,Netherlands,2022,SP.POP.TOTL,17700982.0,persons,World Bank,2026-10-09
NLD,Netherlands,2023,SP.POP.TOTL,17877117.0,persons,World Bank,2026-10-09
NLD,Netherlands,2024,SP.POP.TOTL,17993485.0,persons,World Bank,2026-10-09
NLD,Netherlands,2025,SP.POP.TOTL,18087633.0,persons,World Bank,2026-10-09
POL,Poland,2010,SP.POP.TOTL,38042794.0,persons,World Bank,2026-10-09
POL,Poland,2011,SP.POP.TOTL,38063255.0,persons,World Bank,2026-10-09
POL,Poland,2012,SP.POP.TOTL,38063164.0,persons,World Bank,2026-10-09
POL,Poland,2013,SP.POP.TOTL,38040196.0,persons,World Bank,2026-10-09
POL,Poland,2014,SP.POP.TOTL,38011735.0,persons,World Bank,2026-10-09
POL,Poland,2015,SP.POP.TOTL,37986412.0,persons,World Bank,2026-10-09
POL,Poland,2016,SP.POP.TOTL,37970087.0,persons,World Bank,2026-10-09
POL,Poland,2017,SP.POP.TOTL,37974826.0,persons,World Bank,2026-10-09
POL,Poland,2018,SP.POP.TOTL,37974750.0,persons,World Bank,2026-10-09
POL,Poland,2019,SP.POP.TOTL,37965475.0,persons,World Bank,2026-10-09
POL,Poland,2020,SP.POP.TOTL,37515748.0,persons,World Bank,2026-10-09
POL,Poland,2021,SP.POP.TOTL,36981559.0,persons,World Bank,2026-10-09
POL,Poland,2022,SP.POP.TOTL,36821749.0,persons,World Bank,2026-10-09
POL,Poland,2023,SP.POP.TOTL,36687353.0,persons,World Bank,2026-10-09
POL,Poland,2024,SP.POP.TOTL,36559233.0,persons,World Bank,2026-10-09
POL,Poland,2025,SP.POP.TOTL,36435861.0,persons,World Bank,2026-10-09
PRT,Portugal,2010,SP.POP.TOTL,10573100.0,persons,World Bank,2026-10-09
PRT,Portugal,2011,SP.POP.TOTL,10557560.0,persons,World Bank,2026-10-09
PRT,Portugal,2012,SP.POP.TOTL,10514844.0,persons,World Bank,2026-10-09
PRT,Portugal,2013,SP.POP.TOTL,10457295.0,persons,World Bank,2026-10-09
PRT,Portugal,2014,SP.POP.TOTL,10401062.0,persons,World Bank,2026-10-09
PRT,Portugal,2015,SP.POP.TOTL,10358076.0,persons,World Bank,2026-10-09
PRT,Portugal,2016,SP.POP.TOTL,10325452.0,persons,World Bank,2026-10-09
PRT,Portugal,2017,SP.POP.TOTL,10300300.0,persons,World Bank,2026-10-09
PRT,Portugal,2018,SP.POP.TOTL,10283822.0,persons,World Bank,2026-10-09
PRT,Portugal,2019,SP.POP.TOTL,10286263.0,persons,World Bank,2026-10-09
PRT,Portugal,2020,SP.POP.TOTL,10297081.0,persons,World Bank,2026-10-09
PRT,Portugal,2021,SP.POP.TOTL,10361831.0,persons,World Bank,2026-10-09
PRT,Portugal,2022,SP.POP.TOTL,10434332.0,persons,World Bank,2026-10-09
PRT,Portugal,2023,SP.POP.TOTL,10578174.0,persons,World Bank,2026-10-09
PRT,Portugal,2024,SP.POP.TOTL,10694681.0,persons,World Bank,2026-10-09
PRT,Portugal,2025,SP.POP.TOTL,10804871.0,persons,World Bank,2026-10-09
ROU,Romania,2010,SP.POP.TOTL,20246871.0,persons,World Bank,2026-10-09
ROU,Romania,2011,SP.POP.TOTL,20147528.0,persons,World Bank,2026-10-09
ROU,Romania,2012,SP.POP.TOTL,20058035.0,persons,World Bank,2026-10-09
ROU,Romania,2013,SP.POP.TOTL,19983693.0,persons,World Bank,2026-10-09
ROU,Romania,2014,SP.POP.TOTL,19908979.0,persons,World Bank,2026-10-09
ROU,Romania,2015,SP.POP.TOTL,19815616.0,persons,World Bank,2026-10-09
ROU,Romania,2016,SP.POP.TOTL,19702267.0,persons,World Bank,2026-10-09
ROU,Romania,2017,SP.POP.TOTL,19588715.0,persons,World Bank,2026-10-09
ROU,Romania,2018,SP.POP.TOTL,19473970.0,persons,World Bank,2026-10-09
ROU,Romania,2019,SP.POP.TOTL,19371648.0,persons,World Bank,2026-10-09
ROU,Romania,2020,SP.POP.TOTL,19265250.0,persons,World Bank,2026-10-09
ROU,Romania,2021,SP.POP.TOTL,19122059.0,persons,World Bank,2026-10-09
ROU,Romania,2022,SP.POP.TOTL,19048502.0,persons,World Bank,2026-10-09
ROU,Romania,2023,SP.POP.TOTL,19061062.0,persons,World Bank,2026-10-09
ROU,Romania,2024,SP.POP.TOTL,19051804.0,persons,World Bank,2026-10-09
ROU,Romania,2025,SP.POP.TOTL,19020271.0,persons,World Bank,2026-10-09
SRB,Serbia,2010,SP.POP.TOTL,7291436.0,persons,World Bank,2026-10-09
SRB,Serbia,2011,SP.POP.TOTL,7236519.0,persons,World Bank,2026-10-09
SRB,Serbia,2012,SP.POP.TOTL,7201497.0,persons,World Bank,2026-10-09
SRB,Serbia,2013,SP.POP.TOTL,7166553.0,persons,World Bank,2026-10-09
SRB,Serbia,2014,SP.POP.TOTL,7131787.0,persons,World Bank,2026-10-09
SRB,Serbia,2015,SP.POP.TOTL,7095383.0,persons,World Bank,2026-10-09
SRB,Serbia,2016,SP.POP.TOTL,7058322.0,persons,World Bank,2026-10-09
SRB,Serbia,2017,SP.POP.TOTL,7020858.0,persons,World Bank,2026-10-09
SRB,Serbia,2018,SP.POP.TOTL,6982604.0,persons,World Bank,2026-10-09
SRB,Serbia,2019,SP.POP.TOTL,6945235.0,persons,World Bank,2026-10-09
SRB,Serbia,2020,SP.POP.TOTL,6899126.0,persons,World Bank,2026-10-09
SRB,Serbia,2021,SP.POP.TOTL,6834326.0,persons,World Bank,2026-10-09
SRB,Serbia,2022,SP.POP.TOTL,6664449.0,persons,World Bank,2026-10-09
SRB,Serbia,2023,SP.POP.TOTL,6623183.0,persons,World Bank,2026-10-09
SRB,Serbia,2024,SP.POP.TOTL,6586476.0,persons,World Bank,2026-10-09
SRB,Serbia,2025,SP.POP.TOTL,6549143.0,persons,World Bank,2026-10-09
SVK,Slovakia,2010,SP.POP.TOTL,5391428.0,persons,World Bank,2026-10-09
SVK,Slovakia,2011,SP.POP.TOTL,5398384.0,persons,World Bank,2026-10-09
SVK,Slovakia,2012,SP.POP.TOTL,5407579.0,persons,World Bank,2026-10-09
SVK,Slovakia,2013,SP.POP.TOTL,5413393.0,persons,World Bank,2026-10-09
SVK,Slovakia,2014,SP.POP.TOTL,5418649.0,persons,World Bank,2026-10-09
SVK,Slovakia,2015,SP.POP.TOTL,5423801.0,persons,World Bank,2026-10-09
SVK,Slovakia,2016,SP.POP.TOTL,5430798.0,persons,World Bank,2026-10-09
SVK,Slovakia,2017,SP.POP.TOTL,5439232.0,persons,World Bank,2026-10-09
SVK,Slovakia,2018,SP.POP.TOTL,5446771.0,persons,World Bank,2026-10-09
SVK,Slovakia,2019,SP.POP.TOTL,5454147.0,persons,World Bank,2026-10-09
SVK,Slovakia,2020,SP.POP.TOTL,5458827.0,persons,World Bank,2026-10-09
SVK,Slovakia,2021,SP.POP.TOTL,5447247.0,persons,World Bank,2026-10-09
SVK,Slovakia,2022,SP.POP.TOTL,5431752.0,persons,World Bank,2026-10-09
SVK,Slovakia,2023,SP.POP.TOTL,5426740.0,persons,World Bank,2026-10-09
SVK,Slovakia,2024,SP.POP.TOTL,5422069.0,persons,World Bank,2026-10-09
SVK,Slovakia,2025,SP.POP.TOTL,5413813.0,persons,World Bank,2026-10-09
SVN,Slovenia,2010,SP.POP.TOTL,2048583.0,persons,World Bank,2026-10-09
SVN,Slovenia,2011,SP.POP.TOTL,2052843.0,persons,World Bank,2026-10-09
SVN,Slovenia,2012,SP.POP.TOTL,2057159.0,persons,World Bank,2026-10-09
SVN,Slovenia,2013,SP.POP.TOTL,2059953.0,persons,World Bank,2026-10-09
SVN,Slovenia,2014,SP.POP.TOTL,2061980.0,persons,World Bank,2026-10-09
SVN,Slovenia,2015,SP.POP.TOTL,2063531.0,persons,World Bank,2026-10-09
SVN,Slovenia,2016,SP.POP.TOTL,2065042.0,persons,World Bank,2026-10-09
SVN,Slovenia,2017,SP.POP.TOTL,2066388.0,persons,World Bank,2026-10-09
SVN,Slovenia,2018,SP.POP.TOTL,2073894.0,persons,World Bank,2026-10-09
SVN,Slovenia,2019,SP.POP.TOTL,2088385.0,persons,World Bank,2026-10-09
SVN,Slovenia,2020,SP.POP.TOTL,2102419.0,persons,World Bank,2026-10-09
SVN,Slovenia,2021,SP.POP.TOTL,2108079.0,persons,World Bank,2026-10-09
SVN,Slovenia,2022,SP.POP.TOTL,2112076.0,persons,World Bank,2026-10-09
SVN,Slovenia,2023,SP.POP.TOTL,2120461.0,persons,World Bank,2026-10-09
SVN,Slovenia,2024,SP.POP.TOTL,2127400.0,persons,World Bank,2026-10-09
SVN,Slovenia,2025,SP.POP.TOTL,2130986.0,persons,World Bank,2026-10-09
SWE,Sweden,2010,SP.POP.TOTL,9378126.0,persons,World Bank,2026-10-09
SWE,Sweden,2011,SP.POP.TOTL,9449213.0,persons,World Bank,2026-10-09
SWE,Sweden,2012,SP.POP.TOTL,9519374.0,persons,World Bank,2026-10-09
SWE,Sweden,2013,SP.POP.TOTL,9600379.0,persons,World Bank,2026-10-09
SWE,Sweden,2014,SP.POP.TOTL,9696110.0,persons,World Bank,2026-10-09
SWE,Sweden,2015,SP.POP.TOTL,9799186.0,persons,World Bank,2026-10-09
SWE,Sweden,2016,SP.POP.TOTL,9923085.0,persons,World Bank,2026-10-09
SWE,Sweden,2017,SP.POP.TOTL,10057698.0,persons,World Bank,2026-10-09
SWE,Sweden,2018,SP.POP.TOTL,10175214.0,persons,World Bank,2026-10-09
SWE,Sweden,2019,SP.POP.TOTL,10278887.0,persons,World Bank,2026-10-09
SWE,Sweden,2020,SP.POP.TOTL,10353442.0,persons,World Bank,2026-10-09
SWE,Sweden,2021,SP.POP.TOTL,10415811.0,persons,World Bank,2026-10-09
SWE,Sweden,2022,SP.POP.TOTL,10486941.0,persons,World Bank,2026-10-09
SWE,Sweden,2023,SP.POP.TOTL,10536632.0,persons,World Bank,2026-10-09
SWE,Sweden,2024,SP.POP.TOTL,10569709.0,persons,World Bank,2026-10-09
SWE,Sweden,2025,SP.POP.TOTL,10596620.0,persons,World Bank,2026-10-09
