iso3,country,year,SL.UEM.TOTL.ZS,SL.UEM.1524.ZS,SL.TLF.CACT.FE.ZS,NY.GDP.PCAP.PP.KD,NY.GDP.MKTP.KD.ZG,FP.CPI.TOTL.ZG,NV.SRV.TOTL.ZS,SI.POV.GINI,GGXWDG_NGDP,GC.TAX.TOTL.GD.ZS,SP.POP.TOTL,SP.POP.65UP.TO.ZS,SP.DYN.TFRT.IN,SE.TER.ENRR,SE.XPD.TOTL.GD.ZS,SP.DYN.LE00.IN,SH.XPD.CHEX.GD.ZS,IT.NET.USER.ZS,IT.NET.BBND.P2,EG.FEC.RNEW.ZS,EN.GHG.CO2.PC.CE.AR5
ALB,Albania,2010,14.086,30.867,46.835,11829.0042369631,2.97315442681247,3.62710091517479,41.3131845921318,,57.7,,2913021.0,10.9200550479108,1.653,43.3279304504395,,78.414,6.16333199,45.0,3.60358545467955,37.0,1.56778821711206
ALB,Albania,2011,13.481,22.697,52.561,12153.0636591785,2.46351683915714,3.42807130141501,42.2390195525462,,59.4,17.9067230671409,2905195.0,11.2281830971209,1.677,49.3997040639925,3.17881310743026,78.303,6.11026192,47.0,4.40356599200963,35.8,1.72129581663193
ALB,Albania,2012,13.376,28.871,48.936,12463.518369846,0.984129880204108,2.03159268395296,43.5059236088597,29.0,62.1,17.5879265953551,2860708.0,11.5093140765442,1.719,58.6214186004979,3.29533986928598,78.084,6.08504725,49.40000153,5.50129828000236,39.9,1.58649537107597
ALB,Albania,2013,15.866,31.207,43.783,12873.4298184073,1.7072283175406,1.93762080205223,42.6287844572944,,70.4,16.4764962744668,2816902.0,11.8201351814959,1.741,63.8440585382953,3.53355002403259,77.995,6.20897436,51.79999924,6.27863857588442,41.1,1.69345614437421
ALB,Albania,2014,18.055,39.554,43.958,13366.5040948145,2.24022695382642,1.62586504402613,42.6575638095964,34.6,72.0,18.2080954662381,2773767.0,12.1667692065035,1.721,65.5507096860696,3.18177734553254,78.029,6.35884142,54.29999924,7.16191378800303,38.6,1.83944794209463
ALB,Albania,2015,17.193,39.628,47.117,13876.7616296598,2.2277040745779,1.89617402592356,42.8778647519282,32.8,73.7,18.3812921492969,2731293.0,12.5431065412926,1.631,61.9608485481051,3.41300010681152,78.358,6.38810158,56.90000153,8.37878005900715,38.5,1.78508860089342
ALB,Albania,2016,15.418,35.918,49.888,14643.4285614716,3.90893551362245,1.27543168367423,43.4481768975831,33.7,73.3,17.4032025232446,2689469.0,12.9202121629827,1.555,58.4884791901189,3.91997003555298,78.643,6.65018797,59.59999847,9.19224381243169,39.4,1.68739628528903
ALB,Albania,2017,13.616,31.184,49.736,15359.3974577025,3.28317593330073,1.98666133171194,44.5621307131911,33.1,71.9,18.5476631833556,2648285.0,13.3053911120274,1.486,58.0177836674929,3.54673004150391,78.9,6.50111914,62.40000153,10.4757297699778,36.9,2.0244422333699
ALB,Albania,2018,12.304,28.109,51.406,16170.9234325287,3.67141928098908,2.02805963071134,44.3970282534603,30.1,68.5,18.2769527327116,2607733.0,13.739521828078,1.415,56.0802964109938,3.08201370407389,79.238,6.59002447,65.40000153,12.5058089696365,37.8,2.04549315439886
ALB,Albania,2019,11.466,26.942,52.931,16761.1230178682,2.06257790176122,1.41109078954242,45.4534114346696,30.1,66.6,17.9309939892851,2567801.0,14.2480986631067,1.395,61.4085141527142,3.8701798915863,79.467,6.78144073,68.5503911218006,15.1192543526712,40.1,1.94096037816015
ALB,Albania,2020,11.639,26.422,52.252,16457.7189744991,-3.31375636888916,1.6208866171702,45.7213497398907,29.4,75.4,16.8955410663729,2528480.0,14.7670044100644,1.371,61.5853024328899,3.32505011558533,77.824,7.46513748,72.23767711,17.720931463387,44.4,1.80646079858255
ALB,Albania,2021,11.474,27.089,52.523,18212.794718288,8.96957619074095,2.04147163139544,45.278770333241,,74.8,18.0962279133573,2489762.0,15.2660050732804,1.365,59.9698690125562,3.00555992126465,76.844,7.35750389,79.32371752,19.6303737145283,41.9,2.0532886275877
ALB,Albania,2022,10.785,24.543,56.407,19388.7927279351,4.8268006234359,6.72520271530059,46.2991272417493,,64.7,18.0607759287802,2451636.0,15.7763381628571,1.355,62.647921513098,2.72977995872498,78.769,7.53646231,82.61367544,20.6989441252111,,1.84525761573088
ALB,Albania,2023,10.669,25.41,57.963,20501.6470726741,4.01541716935742,4.75834555150038,47.6649908239316,,58.0,17.8021587949933,2411658.0,16.3020000675759,1.348,64.7293520237257,3.09153008460998,79.602,7.05240345,83.13559161,22.5048592377088,,1.75091161350407
ALB,Albania,2024,10.689,25.582,58.154,21640.9835773271,4.04592845095348,2.21587375089991,48.6899937474805,,54.5,18.0152934113212,2377128.0,16.922756199529,1.341,84.1496200561523,,79.776,,85.86389923,24.8815713356962,,1.7852214941728
ALB,Albania,2025,10.926,25.567,58.567,22724.2938194949,3.78893836241024,2.14618551167387,49.716107038347,,52.6,,2349580.0,17.6221063807332,,,,,,,,,
AUT,Austria,2010,4.883,9.673,53.648,59730.4673903053,1.80898243043663,1.81353438995061,61.6368683831245,30.3,83.7,25.495733887384,8363404.0,17.6592449706019,1.44,75.0402526855469,5.73625993728638,80.5804878048781,10.31620026,75.17,24.5113861270145,31.1,8.82413428790478
AUT,Austria,2011,4.637,9.173,53.942,61272.1724662899,2.92746800169145,3.2865791487538,61.6607142402264,30.8,83.4,25.6466391466356,8391643.0,17.7360671109115,1.43,77.2625122070312,5.62787008285522,80.9829268292683,10.1370182,78.7399930986888,24.9926429150975,31.6,8.6022725227944
AUT,Austria,2012,4.909,9.561,54.446,61376.6345930428,0.628246239479637,2.48567562177014,61.3539590600962,30.5,82.9,26.1830994283732,8429991.0,17.9497049255533,1.44,79.5471267700195,5.51612997055054,80.9365853658537,10.30198097,80.0299939169903,25.2644782408466,34.4,8.18751763791919
AUT,Austria,2013,5.367,9.767,54.711,60862.9693673785,-0.250726423318454,2.00015616900597,61.5862394505333,30.8,82.4,26.7741686943731,8479823.0,18.1994460470678,1.44,80.9616012573242,5.59404993057251,81.1365853658537,10.40574837,80.6188,26.3222866586035,34.6,8.2087562440867
AUT,Austria,2014,5.674,10.508,54.763,60845.5743980711,0.755798850316665,1.60581182954473,61.8415922139115,30.5,85.2,26.8419027283415,8546356.0,18.3880563664351,1.46,81.0195693969727,5.49767017364502,81.490243902439,10.51159096,80.9958249574764,27.597689562142,35.7,7.71395434498633
AUT,Austria,2015,5.802,10.91,54.827,60951.6037273662,1.30352331826198,0.896563335260319,62.1631640037401,30.5,85.6,27.2160274066387,8642699.0,18.4613708048616,1.49,82.2563095092773,5.49143981933594,81.190243902439,10.51688385,83.9401419315026,28.4068593397138,34.8,7.79423187131705
AUT,Austria,2016,6.064,11.424,55.349,61572.6257402404,2.11721964494312,0.891591752655362,61.764351964317,30.8,83.4,25.8220277699052,8736668.0,18.4999156835518,1.53,82.8496932983398,5.50954008102417,81.6414634146342,10.51713753,84.3237425711653,28.8775983744406,34.6,7.75747687791272
AUT,Austria,2017,5.561,9.971,55.351,62535.8105711345,2.27224992038207,2.08126911385586,61.8559536613009,29.7,79.1,25.7616861075799,8797566.0,18.6103296736393,1.52,83.8392562866211,5.40181016921997,81.6439024390244,10.57132816,87.9355865856062,28.5425998928488,34.0,7.96641934826064
AUT,Austria,2018,4.933,9.572,55.426,63777.9362157476,2.48422114080024,1.99837981429548,62.2430323743685,30.8,74.6,25.7216448598991,8840521.0,18.7625828458159,1.47,85.8698883056641,5.25437021255493,81.6926829268293,10.5157156,87.4791372262556,28.5150396136468,34.1,7.60710822359904
AUT,Austria,2019,4.56,8.767,55.514,64609.2836396895,1.75497619649288,1.53089564152643,62.5614077818279,30.2,71.0,25.8096620383826,8879920.0,18.9402993578561,1.46,86.3234329223633,5.23678016662598,81.8951219512195,10.62530422,87.7522047870069,28.3631930003301,34.0,7.74519365039325
AUT,Austria,2020,5.201,10.325,55.224,60276.3307697326,-6.31825509209936,1.38191063351853,62.8123620241372,29.8,83.2,24.666005775658,8916864.0,19.169788839314,1.44,88.7071990966797,5.57961988449097,81.1926829268293,11.41292953,87.52942813,29.2106456326106,35.8,7.05586627765098
AUT,Austria,2021,6.459,12.023,55.35,62968.8538770186,4.92309171717903,2.7666666666667,62.30330605534,30.7,82.4,26.0148539837239,8955797.0,19.462852720957,1.48,93.940071105957,5.48071002960205,81.190243902439,12.185215,92.52915104,29.2537339731419,36.0,7.39223990896623
AUT,Austria,2022,4.992,10.327,55.688,65694.4591501468,5.33096379400371,8.54686993188457,62.4358937094137,30.9,78.1,26.1260712279325,9041851.0,19.7897509199721,1.41,94.5116882324219,5.27749013900757,81.2951219512195,11.22519779,93.61409139,29.2342573265435,,6.92858132698714
AUT,Austria,2023,5.264,10.98,55.812,64536.2076307547,-0.786244288594673,7.81413417002831,62.579986897047,31.2,77.8,25.6473559790513,9131761.0,20.1640196753077,1.32,91.6818237304688,,81.7926829268293,11.15297318,95.33467117,29.3725409835617,,6.40359510066021
AUT,Austria,2024,5.2,10.428,55.408,63787.9891749462,-0.659089573171372,2.93791574279375,63.9706809373681,,79.2,25.7804428492832,9177982.0,20.6064031791903,1.31,92.6126708984375,,81.9951219512195,11.8325634,94.91974877,30.12779672163,,6.32278424603578
AUT,Austria,2025,5.582,10.998,55.059,63970.4008534859,0.615747280959056,3.52719439956928,64.050393646334,,80.5,,9208163.0,21.094709934873,,,,,,91.92573373,,,
BEL,Belgium,2010,8.293,22.391,47.774,56240.2030936241,2.71031150254662,2.18950032253256,67.916796056848,28.4,100.2,24.4642971194993,10895586.0,17.1172634557158,1.86,66.8578872680664,6.44078016281128,80.1829268292683,10.41325188,77.6397855126946,30.842629161864,6.2,10.5458393885377
BEL,Belgium,2011,7.14,18.724,47.103,56585.302500068,1.93115502411325,3.5325394224116,68.1083915474617,28.1,102.7,24.7565250957503,11038264.0,17.2510605141588,1.81,67.7034072875977,6.38481998443604,80.5853658536585,10.41302204,81.6099959955952,32.1032472233196,6.7,9.46659728377578
BEL,Belgium,2012,7.542,19.738,47.155,56356.8251292137,0.215803612089744,2.83865067360794,68.6739965906651,27.5,104.3,25.7090042684997,11106932.0,17.4894292316249,1.8,69.7490615844727,6.56625986099243,80.3853658536585,10.5865345,80.7199905482042,33.2388297727719,7.7,9.27476642514783
BEL,Belgium,2013,8.425,23.689,47.804,56263.175267967,0.305494549070232,1.11278332649242,68.8013394276922,27.7,105.0,26.0759882447836,11159407.0,17.7203816464754,1.76,71.7841110229492,6.60135984420776,80.5878048780488,10.63787556,82.1702,34.3084525866565,8.3,9.35170659157785
BEL,Belgium,2014,8.523,23.225,48.125,57002.9092185206,1.76554038149924,0.349555725948367,69.2884674792442,28.1,106.6,26.0023315980929,11209057.0,17.9621509816265,1.74,74.0397262573242,6.55866003036499,81.2878048780488,10.62032604,85.0012379539925,35.7819662752911,9.1,8.72331187181937
BEL,Belgium,2015,8.482,22.125,48.045,57509.0245728704,1.47416433731927,0.561835629368236,69.4272004004447,27.7,105.6,24.4105472905005,11274196.0,18.1637094668899,1.7,76.423942565918,6.46963977813721,80.9926829268293,10.88387299,85.0529417508701,36.5492377831789,9.4,9.08415110044211
BEL,Belgium,2016,7.83,20.108,47.81,57901.497690315,1.19350273007754,1.97443404027092,69.5878866778803,27.6,105.5,22.900964858212,11331422.0,18.356666180316,1.68,77.2435073852539,6.48613023757935,81.4390243902439,10.89833736,86.5164766644457,37.6812994536783,9.2,8.94429666461985
BEL,Belgium,2017,7.09,19.236,47.974,58529.3302957537,1.47446761556785,2.1246753815978,69.4180202757195,27.4,102.5,23.4813733290754,11375158.0,18.584903433857,1.65,80.7738189697266,6.44915008544922,81.4926829268293,10.94042683,87.6796808175598,38.4911160919085,9.7,8.77081443615992
BEL,Belgium,2018,5.941,15.748,48.769,59357.6896884396,1.87796847383565,2.05257510729613,69.6766949921631,27.2,100.1,23.9585559524675,11427054.0,18.8086209996758,1.62,79.1237487792969,6.38883018493652,81.5951219512195,10.9937973,88.6473429951691,39.4006967604533,10.7,8.79128601300038
BEL,Belgium,2019,5.364,14.236,49.097,60479.9769955469,2.4428900448156,1.43828919285485,69.5353313801023,27.2,97.6,22.4711327620755,11488980.0,19.029838081816,1.6,79.3044815063477,6.32381010055542,81.9951219512195,10.85831451,90.275428012141,39.9517850127817,10.2,8.73127988733552
BEL,Belgium,2020,5.545,15.326,48.659,57333.5424137924,-4.7929839083518,0.736932660316535,70.3395076969123,26.0,111.2,21.7037422461067,11538604.0,19.224020193227,1.55,79.4996032714844,6.75470018386841,80.6951219512195,11.46253014,91.52641629,41.0239697084264,12.3,7.96694296814415
BEL,Belgium,2021,6.248,18.206,49.367,60669.2137746534,6.25445686466593,2.4425878673141,70.7487167204956,26.6,108.5,23.0538574267381,11586195.0,19.4520520478909,1.6,82.6882019042969,6.38081979751587,81.790243902439,11.28825092,92.78867618,43.0218054966431,11.7,8.2875698190821
BEL,Belgium,2022,5.57,16.41,50.029,62602.9270469765,4.02460852835887,9.59765381756827,69.4375533891114,26.4,103.1,22.6698668383427,11680210.0,19.7671927585206,1.53,83.5736465454102,6.27611017227173,81.7487804878049,10.73976326,94.00783071,43.5657139519422,,7.6776616173853
BEL,Belgium,2023,5.547,16.119,49.834,63042.0099876309,1.56125539542029,4.04867945968735,70.3450349869946,26.8,102.2,22.4836404750887,11779946.0,20.1452749547016,1.47,82.1475601196289,,82.4,10.80371571,94.62625074,43.7026445985633,,7.27763098404696
BEL,Belgium,2024,5.7,17.343,49.97,63311.2766917178,1.09775383828703,3.14426633785448,71.0243496560734,,103.9,22.9598994570701,11858610.0,20.5580809256443,1.44,,,82.3,,95.77579144,44.2321563183446,,7.30661519351762
BEL,Belgium,2025,5.906,17.777,49.78,63488.4217622523,0.983117967125935,2.46605755272817,71.2309348390918,,106.3,,11941781.0,20.9608828531757,,,,,,,,,
BGR,Bulgaria,2010,10.279,21.95,47.819,21724.2863457596,1.55536266288017,2.43899060504117,59.5005727822015,35.7,14.1,17.8714307967066,7395599.0,18.1472285711578,1.57,58.354850769043,3.85746002197266,73.5121951219512,7.09477949,46.23,15.1221247609612,14.3,6.69444084245238
BGR,Bulgaria,2011,11.26,25.056,47.2,22321.033168819,2.09017598337418,4.21990346601872,57.590505300629,34.3,14.3,17.8827145966643,7348328.0,18.5190836074404,1.51,59.8246803283691,3.54690003395081,74.1634146341463,7.10250568,47.9799930506026,17.0296984088807,13.2,7.4553286135295
BGR,Bulgaria,2012,12.27,28.11,47.958,22618.8104278919,0.748814556346105,2.95456829831012,57.1818716563556,36.0,16.5,18.3853361329214,7305888.0,18.9492680312808,1.5,62.1616516113281,3.47650003433227,74.3146341463415,7.53903675,51.8999876658503,18.2006758494654,15.6,6.83236589446759
BGR,Bulgaria,2013,12.941,28.374,48.534,22954.396399855,-0.542753400392826,0.890093540913096,58.1902294032503,36.6,17.2,19.6862824134423,7160005.0,19.3546939511256,1.54,68.2013397216797,4.05766010284424,74.8609756097561,7.14167452,53.0615,19.5682074718498,18.2,6.20837555281037
BGR,Bulgaria,2014,11.424,23.774,48.389,23455.4830019277,0.949449772002041,-1.41818380264839,58.7280745497789,37.4,26.3,19.5666201796398,7073572.0,19.7757387242757,1.62,72.981559753418,4.19388008117676,74.4658536585366,7.68306208,55.4903766299262,20.5011345688189,17.1,6.68898259606321
BGR,Bulgaria,2015,9.143,21.653,48.725,24562.648880929,3.39755351999294,-0.104633261008479,58.2751741097437,38.6,25.4,20.077804276825,6984225.0,20.209781460636,1.64,78.2999572753906,3.88469004631042,74.6146341463415,7.39363575,56.6562516053086,22.4944225140811,17.9,7.138544362474
BGR,Bulgaria,2016,7.575,17.224,47.437,25636.7443903478,3.02662820096305,-0.798649886453617,57.5930631888419,40.6,27.0,20.3330308112228,6894139.0,20.5760516337296,1.67,80.6399612426758,3.81435990333557,74.8121951219512,7.45975018,59.825547661014,23.8176881048635,17.7,6.83625613002581
BGR,Bulgaria,2017,6.164,12.927,49.604,26691.758001902,2.74592737750996,2.06159619443141,57.9586668938625,40.4,22.9,20.5232251884627,6803468.0,20.8699557799437,1.71,81.2245864868164,4.07754993438721,74.8146341463415,7.49624491,63.4101013837926,25.3925159519229,17.1,7.2438350558862
BGR,Bulgaria,2018,5.211,12.676,49.175,27690.893655005,2.33015054210419,2.81454473824838,60.9475526776986,41.3,20.1,19.9835387737086,6710798.0,21.1708879702475,1.73,83.134880065918,4.05201005935669,74.9634146341464,7.34086275,64.78201069118,27.103417988838,19.6,6.90134019828938
BGR,Bulgaria,2019,4.148,8.777,50.385,29149.921509976,3.79331964589196,3.10372944796771,61.496657326055,40.3,18.4,20.5951033538617,6616726.0,21.4794589439076,1.79,84.7503128051758,4.21430015563965,75.1121951219512,7.11813641,67.9469809417603,28.8836779290396,19.3,6.74590424327681
BGR,Bulgaria,2020,5.037,14.143,49.517,28521.2062482596,-3.13323543125917,1.67244096855756,61.5163692495584,40.5,22.7,20.1966634423721,6550696.0,21.6867892994918,1.77,85.5331115722656,4.48298978805542,73.3560975609756,8.44060898,70.16248359,30.5042854761098,21.1,6.01693316252197
BGR,Bulgaria,2021,5.166,15.701,49.193,30958.9830238332,7.82817310703665,3.29774435299506,62.428388629992,39.0,23.9,20.5917859903497,6507301.0,21.7032217425472,1.8,85.3017501831055,4.7092399597168,71.2121951219512,8.58048916,75.27144583,32.7688420838347,20.4,7.04917445804336
BGR,Bulgaria,2022,4.148,10.582,50.802,32433.6587569626,4.08386398118941,15.3252589264367,59.8938030631662,38.2,22.5,21.7263551010023,6465097.0,21.6972972212748,1.78,84.1293563842773,4.50109004974365,74.1609756097561,7.63849449,79.12686326,34.9667968772891,,7.64769654654833
BGR,Bulgaria,2023,4.319,12.049,51.029,33073.6803093453,1.68151075832925,9.44284140088564,62.4320950245747,39.5,22.9,20.5150881353998,6446596.0,21.8324383446666,1.81,79.8532333374023,,75.7560975609756,7.91853094,80.38956462,37.0235717545079,,5.73490257494032
BGR,Bulgaria,2024,4.2,12.493,50.487,34221.3866940362,3.38708962009333,2.44651943006078,63.7625821557051,,23.8,20.6721408609361,6441421.0,22.0303362606903,1.72,69.5460433959961,,75.7609756097561,,82.438955,,,5.30760215797104
BGR,Bulgaria,2025,3.536,10.152,50.376,35325.5317883474,3.0963663917961,4.58084355235697,63.3132907714732,,27.1,,6433302.0,22.2355986271326,,,,,,,,,
BIH,Bosnia and Herzegovina,2010,27.312,59.665,40.214,12142.8616958168,0.865667236280544,1.99621236745884,55.5086584313191,,42.2,19.685676403117,3811472.0,15.1145036765984,1.26,38.5334587097168,,76.827,9.01212692,42.75,10.2559326160601,19.6,5.82913897832648
BIH,Bosnia and Herzegovina,2011,27.582,59.568,39.774,12487.6490566037,0.959511709726897,3.6712499999999,55.814728624189,33.3,40.9,20.3056652821355,3741798.0,15.4536556294134,1.209,41.9769592285156,,76.963,9.1712122,43.88769913,11.4984026395866,14.2,6.75293000851462
BIH,Bosnia and Herzegovina,2012,28.01,65.019,39.563,12626.9263237753,-0.821837252962993,2.05267452001707,56.7861594532843,,43.6,20.4775399413527,3670113.0,15.8713075222333,1.252,44.7015495300293,,77.037,9.4791584,45.0644989,12.7897151940553,15.3,6.35152105670861
BIH,Bosnia and Herzegovina,2013,27.49,60.919,39.306,13135.7175053454,2.34985873172397,-0.093045683832137,56.157123436097,,43.8,19.7515439048604,3610859.0,16.3229580551331,1.278,51.3600883483887,,77.129,9.43616295,48.52130127,14.2931086481084,19.5,6.42871959276172
BIH,Bosnia and Herzegovina,2014,27.517,64.598,38.994,13458.852576408,1.15384793371298,-0.897194054194149,56.7834638990021,,47.1,19.7779011945026,3564829.0,16.7737639028408,1.262,54.1655807495117,3.31473965674631,77.089,9.4710331,49.91770172,15.2154563374569,23.6,5.83357574795313
BIH,Bosnia and Herzegovina,2015,27.695,65.239,38.824,14220.0900038037,4.28413016137854,-1.03602303425427,54.9288452772086,32.9,46.4,19.7000106527246,3518541.0,17.2535174740777,1.322,55.5336608886719,3.0181128667772,77.073,9.24086571,52.59999847,18.0468836372803,25.2,5.92032322488213
BIH,Bosnia and Herzegovina,2016,25.408,56.261,38.632,14873.6411107879,3.24225822231566,-1.58410000000001,54.1749753827059,,44.9,19.713745311694,3473003.0,17.7718389532056,1.36,56.9546089172363,4.26451015472412,77.124,9.13943481,60.2565354318987,19.0747891666088,23.0,6.7682636611601
BIH,Bosnia and Herzegovina,2017,20.527,47.925,38.558,15554.6587430766,3.24409895306594,0.810133321953037,54.4500637250392,,38.6,19.9876501162954,3428682.0,18.338880896671,1.419,54.528678894043,2.83868424239217,77.385,8.81797314,64.8920205128383,20.4261287573476,18.5,6.99679935322086
BIH,Bosnia and Herzegovina,2018,18.4,40.535,38.384,16348.9997145353,3.82900399349064,1.41710814018033,53.7328144420159,,34.5,20.1410184410233,3387000.0,18.9760112193682,1.504,49.7987518310547,3.89297008514404,77.942,8.76100445,70.1201350394885,21.1504576321228,35.4,7.10487156775908
BIH,Bosnia and Herzegovina,2019,15.692,35.263,38.209,17029.2971980343,2.88585242083978,0.562782154061229,54.5707623650675,,32.8,19.8265969682994,3345533.0,19.6456887437667,1.509,46.6677894592285,4.04449987411499,77.394,8.92544365,69.9463476317266,22.2950124838105,36.8,6.75452909895075
BIH,Bosnia and Herzegovina,2020,15.868,37.924,37.115,16747.0353918695,-3.01509335460439,-1.05129600763489,54.6561575085516,,37.2,18.7506430555408,3299349.0,20.2427175417457,1.515,43.8039207458496,3.01954088371123,76.04,9.70311832,73.21175294,23.3507882918721,37.7,6.83055960433407
BIH,Bosnia and Herzegovina,2021,14.897,35.816,37.416,18286.6614977175,7.39164256472846,1.98163900587621,53.8615361275146,30.3,35.8,19.0981492953639,3244907.0,20.6776926615011,1.49,45.0589485168457,4.13622999191284,74.567,9.55514336,75.67620138,24.5890868366952,36.6,7.09101986590062
BIH,Bosnia and Herzegovina,2022,12.657,31.728,38.537,19298.117076437,4.22681333390325,14.020844082677,54.5016857184557,,31.2,19.0910598727413,3204802.0,21.1032694063471,1.481,45.6063499450684,2.97012986426524,76.777,8.71644783,78.8455371,27.3190356221695,,6.98907452004835
BIH,Bosnia and Herzegovina,2023,10.668,27.27,39.533,19804.9181465635,1.99439414850893,6.10590112848287,55.9111157268349,,29.0,19.0586852166841,3185073.0,21.642423894209,1.486,45.5027618408203,3.24564826597779,77.85,8.9216938,83.3771539,28.440133083292,,6.53950474604507
BIH,Bosnia and Herzegovina,2024,10.69,27.334,39.399,20578.4995446816,3.22679979810856,1.69212733599715,56.6511610029932,,29.4,20.221417887462,3164253.0,22.2302388589029,1.492,,,78.044,,86.10091103,29.3909178564419,,6.44935787372249
BIH,Bosnia and Herzegovina,2025,11.037,28.201,39.241,21178.2260059497,2.12861913138053,3.97821271880433,57.693564154269,,29.9,,3140095.0,22.8598779877873,,,,,,,,,
CYP,Cyprus,2010,6.359,15.852,57.839,42102.28125,2.28267100119788,2.4300408410225,71.6413288911788,31.5,55.3,23.0541633071918,1127816.0,11.3182862637672,1.434,48.311580657959,6.52559995651245,80.632,6.50055742,52.99,23.1549178375804,6.5,7.01719074742689
CYP,Cyprus,2011,7.942,21.156,57.516,41212.6875,0.416711868408683,3.2894493956421,73.9856217691986,32.6,64.8,23.1497754364522,1146493.0,11.5524959823113,1.36,46.5397300720215,6.52042007446289,80.855,6.43139076,56.8598923503507,24.611252900232,7.6,6.67871500305715
CYP,Cyprus,2012,12.097,27.244,57.202,39190.22265625,-3.44738151374587,2.38905410042326,74.948228738595,34.3,79.2,23.3347688877135,1165397.0,11.7783896817994,1.382,45.8635902404785,,81.128,6.53638792,60.6898684001903,25.5626376173369,8.6,6.11139379970946
CYP,Cyprus,2013,16.131,38.083,57.37,36650.5703125,-6.58747751118347,-0.399357676464425,76.1139226487119,37.0,102.7,23.5211674986721,1183895.0,12.0174508719101,1.304,47.470890045166,6.46747016906738,81.317,6.92774534,65.4548,26.6505813953488,9.7,5.440262861149
CYP,Cyprus,2014,16.277,35.516,58.944,36104.90234375,-1.77605867728616,-1.35498885446314,75.8273775269052,35.6,113.0,24.7157220076717,1201801.0,12.2610616321095,1.312,52.1083793640137,6.42111015319824,81.337,6.93137264,69.3286967086473,28.3005343866171,9.5,5.67256975156453
CYP,Cyprus,2015,15.026,32.539,59.097,37258.5,3.41892038889013,-2.09699769053119,75.5176128959667,34.0,111.6,24.0473874693333,1219502.0,12.499902624146,1.323,59.8640594482422,6.30491018295288,81.464,6.79382181,71.7157409175171,30.1736513081732,10.4,5.62213100101517
CYP,Cyprus,2016,13.006,28.902,58.281,39500.8515625,6.57359080924678,-1.42916666666665,74.5691185819827,32.9,106.8,23.5160580075036,1237112.0,12.7306530327678,1.357,68.3754730224609,6.11811017990112,81.534,6.65254688,75.9002054030125,32.0132199103345,10.3,5.83770911607033
CYP,Cyprus,2017,11.155,25.013,58.922,41417.98828125,5.75083236554525,0.531766496174467,74.1380086156061,31.4,96.4,23.819883399544,1254275.0,12.9503446411893,1.323,79.827522277832,5.69961977005005,81.543,6.62192535,80.743188971932,33.6542226269064,10.9,5.87048294831676
CYP,Cyprus,2018,8.504,20.654,59.627,43510.03125,6.27166360056404,1.43549119531759,73.4972493548522,32.7,100.7,23.8366578406169,1270737.0,13.1664879646662,1.319,86.5899276733398,,81.556,6.78446245,84.4335825186889,35.2355650415637,12.0,5.67702050070156
CYP,Cyprus,2019,7.155,16.856,60.096,45454.17578125,5.87559583386607,0.250370996758493,73.285711141751,31.2,92.3,23.0786439213439,1286671.0,13.3825533556934,1.33,93.9260711669922,5.16293001174927,81.454,6.99843168,86.0636299618935,36.1884973404255,12.0,5.60889302704421
CYP,Cyprus,2020,7.755,18.491,59.05,43402.359375,-3.22063018637567,-0.638422797978861,74.5571998617301,31.7,113.6,21.9468107958125,1302247.0,13.6112758903357,1.361,102.390762329102,5.56462001800537,81.23,8.64796448,90.80194644,36.3127392017496,15.0,5.22358661605671
CYP,Cyprus,2021,7.513,17.173,59.534,47632.5703125,11.3975590801512,2.44608867175473,75.7895819401386,31.3,96.5,22.5643516266251,1317309.0,13.8514250837978,1.392,106.362930297852,5.08247995376587,80.573,8.87445068,90.75951564,36.6502473650247,15.6,5.25252617267475
CYP,Cyprus,2022,6.806,18.707,61.219,50840.9140625,8.73854684881674,8.39548297993333,77.1560605407942,31.5,80.3,23.0296883506274,1331370.0,14.0779422699926,1.393,105.384979248047,4.74210977554321,80.434,8.27201366,89.60099194,36.7656727425982,,5.425313774533
CYP,Cyprus,2023,5.835,16.22,62.495,51674.90234375,3.62045368236082,3.54134188751645,76.2218713773525,31.8,71.1,23.2974440918698,1344976.0,14.3232720596026,1.389,107.26212310791,,81.648,8.11912918,91.22110357,36.9005587748344,,5.35563459868429
CYP,Cyprus,2024,4.9,12.857,61.408,52861.8359375,3.94076934447787,1.80023018624823,76.4769046707826,,62.8,23.9417875708341,1358282.0,14.616184268068,1.38,120.87727355957,,81.821,,89.60099246,37.5627069536424,,5.40469504859816
CYP,Cyprus,2025,4.924,12.709,61.213,54103.26171875,3.77325347982725,0.126528851920188,76.8460803504221,,55.3,,1370754.0,14.9323292144324,,,,,,,,,
CZE,Czechia,2010,7.281,18.356,49.231,39097.3886218756,2.71466509907701,1.47272727272728,56.2888177196257,26.6,36.7,17.6231703228801,10474410.0,15.4590024087743,1.51,64.9327697753906,3.99341988563538,77.4243902439025,7.47836781,68.82,21.6090542510609,10.9,11.551447766509
CZE,Czechia,2011,6.712,18.077,49.472,39708.1626280195,1.77238085338473,1.9172191363555,55.1142697031149,26.4,39.4,18.6585289919921,10496088.0,15.8988256979579,1.43,66.7968215942383,4.20787000656128,77.8731707317073,7.47281456,70.49,23.9064110361087,12.2,11.253602294493
CZE,Czechia,2012,6.979,19.508,50.041,39347.0492956846,-0.770668190622743,3.28762306610411,55.1671455759611,26.1,43.8,19.1215199352368,10510785.0,16.5000497271668,1.45,66.9287719726562,4.19049978256226,78.0756097560976,7.53974962,73.4300078241036,25.2869067180213,12.8,10.8487615339863
CZE,Czechia,2013,6.953,18.958,50.888,39317.5535692377,-0.0418124160447491,1.4382978723404,54.9680487770361,26.5,44.1,19.5864678697178,10514272.0,17.0821590856387,1.46,66.3243179321289,4.02132987976074,78.1756097560976,7.44831276,74.1104,27.1727115258321,13.9,10.41753532722
CZE,Czechia,2014,6.108,15.841,50.803,40158.0164275735,2.24521219862635,0.343988589646793,54.5981250304078,25.9,41.5,18.9583304305559,10525347.0,17.6054939584589,1.53,67.3959732055664,3.93603992462158,78.8243902439024,7.53919601,74.2317116367383,28.475360327904,14.8,10.1886522126064
CZE,Czechia,2015,5.048,12.582,51.187,42066.5759800801,4.95875848915604,0.309364548494975,54.3330095169346,25.9,39.5,19.2777740635748,10546059.0,18.0968797652582,1.57,67.2303619384766,5.71913003921509,78.5780487804878,7.29346752,75.668838699279,27.9980000790543,14.8,10.2684424579836
CZE,Czechia,2016,3.952,10.488,51.735,43069.4659744727,2.58087013921376,0.683504209385702,54.8701536021871,25.4,36.2,19.660997350832,10566332.0,18.5951592241056,1.63,67.5056381225586,5.50080013275146,79.0268292682927,7.32258606,76.4811986951838,29.14911847267,14.8,10.3928969863904
CZE,Czechia,2017,2.893,7.936,52.114,45177.5226053634,5.17356529967881,2.4505339846014,55.6563920064008,24.9,33.8,19.7270542369845,10594438.0,19.085882000882,1.69,67.7142181396484,3.75574994087219,78.9780487804878,7.24190664,78.7191728513432,29.8452606888193,14.5,10.4187499138699
CZE,Czechia,2018,2.246,6.714,52.559,46301.082036029,2.83030588267866,2.14949494949492,57.0226523268952,25.0,31.7,19.7959447917216,10629928.0,19.5315793430182,1.71,66.7902221679688,4.21541023254395,79.0292682926829,7.37173605,80.6881675434288,30.5512773467128,14.7,10.2865042924091
CZE,Czechia,2019,2.015,5.615,52.3,47763.6165520254,3.56577658128261,2.84787595918041,57.8053442859741,25.3,29.6,19.6608550810011,10671870.0,19.9485877378936,1.71,66.8802185058594,4.46737003326416,79.2292682926829,7.48754358,80.8669444139622,35.4302064212035,15.9,9.72456561033821
CZE,Czechia,2020,2.55,7.936,51.463,45119.9387309139,-5.30487955463876,3.1612952849781,59.5821298700586,26.2,36.9,19.1431387237278,10697858.0,20.2939736426932,1.74,67.1843719482422,4.62503004074097,78.2268292682927,8.96995831,81.33889705,36.4490898642092,17.0,8.86715826663618
CZE,Czechia,2021,2.803,8.134,51.555,47796.0337408466,4.02901832055149,3.83984491500146,60.8665523629247,26.2,40.7,18.2484893595265,10505772.0,20.5371541683077,1.83,69.8369293212891,4.65163993835449,77.2219512195122,9.15420723,82.67062427,37.4984794433561,17.2,9.4724309646164
CZE,Czechia,2022,2.224,6.72,52.191,48390.661678675,2.8471706583814,15.100165146837,59.7439357764226,25.9,42.5,18.1487266719169,10672118.0,20.5183106530339,1.64,70.8145904541016,4.30291986465454,78.9292682926829,8.47063065,84.54009378,37.7136856539825,,9.15364691432385
CZE,Czechia,2023,2.579,8.507,53.241,47558.4106763314,0.0475803308973752,10.6612601372427,59.6975973460946,25.7,42.2,18.1439634030514,10864042.0,20.5459005583495,1.46,66.7282867431641,,79.8268292682927,8.42677402,85.99404818,37.9099783935119,,7.88005974203708
CZE,Czechia,2024,2.6,9.2,53.656,47972.53171792,1.25131096245923,2.43531202435314,60.1776237199618,,43.3,18.6481947859548,10905028.0,20.8453836809891,1.36,,,79.9780487804878,8.50710297,87.68776014,38.8656371139002,,7.12966532502255
CZE,Czechia,2025,2.825,9.219,53.456,49292.4878713208,2.58046673293437,2.45996367838864,60.7998735924657,,44.6,,10886878.0,21.1800713896599,,,,,,,,,
DEU,Germany,2010,7.043,10.416,52.528,54826.255453315,4.13463778522758,1.1038103778926,62.7061554109343,30.2,81.0,11.3044209753524,81776930.0,20.5654453486144,1.39,,4.99525022506714,79.9878048780488,10.8311739,82.0,32.3662636839336,11.6,9.96567124737992
DEU,Germany,2011,5.967,8.927,53.71,57950.9589729677,3.75796884489337,2.07517283735874,62.0438601919976,30.4,78.5,11.7508036302609,80274983.0,20.5214981321516,1.39,,4.88583993911743,80.4365853658537,10.52106953,81.26999953602,33.7098845809377,12.5,9.81776726131477
DEU,Germany,2012,5.372,8.119,53.68,58110.3768512245,0.463512036709204,2.00848884782956,61.8201108856563,30.9,79.8,11.9144565745477,80425823.0,20.6376494265399,1.41,,4.83153009414673,80.5390243902439,10.59356213,82.3499984738392,34.5501078335304,13.6,9.94745307113612
DEU,Germany,2013,5.316,7.825,54.194,58182.0766176953,0.396995583779145,1.50472330251876,62.3613630655019,31.4,77.5,12.0952178281376,80645605.0,20.8129761139965,1.42,60.8984489440918,4.83911991119385,80.490243902439,10.7432127,84.17,35.3423024244517,13.6,10.1408601249876
DEU,Germany,2014,4.979,7.612,54.468,59203.2340879963,2.18018602168017,0.906794000434245,62.2965551672491,30.8,74.5,12.050213270698,80982500.0,20.9586686898656,1.47,65.1844787597656,4.82582998275757,81.090243902439,10.76819706,86.1937006578756,36.3409222955935,14.0,9.61630846170469
DEU,Germany,2015,4.612,7.328,54.441,59668.9890355282,1.66300602334775,0.514426137125456,62.6076196214484,31.4,71.2,11.9885456247591,81686611.0,21.0533536816501,1.5,68.23291015625,4.76157999038696,80.6414634146341,10.92317677,87.5897993525767,37.412701768023,14.6,9.60884887243027
DEU,Germany,2016,4.104,7.079,54.808,60504.5857417161,2.22222216259371,0.491747008445174,62.3594067369594,31.3,68.3,11.8344647143693,82348669.0,21.134996177657,1.6,67.9464111328125,4.76321983337402,80.990243902439,10.97133732,84.1652066441212,38.4991067314054,14.2,9.58423383867929
DEU,Germany,2017,3.781,6.77,55.138,61965.4342904965,2.797906720551,1.50949485109628,62.4900468331378,31.3,64.0,11.9735022246491,82657002.0,21.2936405100178,1.57,68.4692306518555,4.77830982208252,80.9926829268293,11.05091095,84.3941537010844,39.9888046312857,15.2,9.36976518940283
DEU,Germany,2018,3.384,6.22,55.211,62481.1183971045,1.13569604599849,1.73216879766941,62.7863181160328,31.9,60.8,11.9511186565056,82905782.0,21.4497613850113,1.57,69.1634292602539,4.88401985168457,80.8926829268293,11.18380833,87.037112092841,40.9651498488548,16.0,9.00657809367265
DEU,Germany,2019,3.163,5.859,55.709,62949.8932511855,0.977734697038784,1.44565976888253,63.0067735661299,32.2,58.7,11.9024504704179,83092962.0,21.6283933065816,1.54,72.705078125,5.02757978439331,81.2926829268293,11.42805386,88.1345169091916,42.1155574684512,17.1,8.38218043063623
DEU,Germany,2020,3.881,7.862,55.113,60299.5767710809,-4.13191443239947,0.144877925813981,63.8751333055131,32.5,68.0,11.1648583484027,83160871.0,21.8447281174981,1.53,72.3894195556641,5.51600980758667,81.0414634146342,12.46780777,89.81294133,43.3048696627,18.5,7.72103264767393
DEU,Germany,2021,3.594,6.665,55.018,62630.7748127737,3.90999994204108,3.06666666666673,63.5453543127468,33.6,67.9,11.4694189021112,83196078.0,22.1345373657439,1.58,75.6655426025391,5.36734008789062,80.790243902439,12.72403336,91.43060973,44.0643361489671,17.6,8.06128144646434
DEU,Germany,2022,3.137,6.049,55.538,63777.9291029299,1.8092581243061,6.87257438551096,63.4806825103587,33.7,64.4,11.2560065573935,83177813.0,22.4589063795192,1.455,77.3656997680664,5.23916006088257,80.6080487804878,12.44708347,91.62984383,44.6186317766404,,7.91182860265874
DEU,Germany,2023,3.071,6.02,55.821,63140.1949099669,-0.869647578573321,5.94643667725823,63.6154489715143,,62.3,10.6875057770109,83287273.0,22.7900439454493,1.39,78.5947494506836,,81.0414634146342,11.74428654,92.4763763,45.380522509099,,7.07982839106762
DEU,Germany,2024,3.4,6.604,55.622,62654.602264023,-0.495851897260366,2.2564981433876,64.0456505820091,,62.2,10.890812364142,83516593.0,23.1955871731941,1.36,76.7096862792969,,80.7926829268293,12.26655293,93.49999579,45.6069242965787,,6.94395663386317
DEU,Germany,2025,3.711,6.862,55.288,62823.7736648822,0.239578342117881,2.17178770949721,64.459664735979,,62.9,,83491249.0,23.7031981458429,,,,,,,,,
DNK,Denmark,2010,7.746,15.554,58.97,59856.3490860003,1.58289703108802,2.30429013710748,65.7784928937093,27.2,46.1,32.7637143283641,5547683.0,16.5574489274022,1.87,72.4951477050781,8.55023002624512,79.1,10.59621811,88.72,38.076030356193,21.2,8.75320381499808
DNK,Denmark,2011,7.769,16.306,58.71,60391.7799332206,1.3108037609606,2.75063767238771,65.1652486553664,27.3,50.0,32.8089690985065,5570572.0,17.0763558660448,1.75,75.9300231933594,8.47716045379639,79.8,10.39758492,89.8100133895232,38.4725380278661,23.8,7.80618220175594
DNK,Denmark,2012,7.798,15.775,58.281,60161.7010660256,-0.00543230161670749,2.41508798872394,64.867511994022,27.8,48.7,33.5146741563207,5591572.0,17.6035443304634,1.73,77.7465515136719,7.24570989608765,80.0512195121951,10.53344631,92.2600117153012,38.9767051263458,26.9,6.9026384708987
DNK,Denmark,2013,7.384,14.774,57.679,60745.7784800252,1.39267343161971,0.777486776562432,65.5690146038965,28.5,47.8,33.7961426931306,5614932.0,18.0533476868912,1.67,80.4186782836914,8.46860980987549,80.3,10.29778957,94.6297,40.467787039522,27.0,7.18355983652162
DNK,Denmark,2014,6.925,14.196,57.097,61210.9490922919,1.27799983192831,0.55441185462997,65.9892898028769,28.4,48.7,36.5850723841222,5643475.0,18.4155552098464,1.69,81.3143615722656,7.63833999633789,80.7,10.31388664,95.9935053764454,41.4926377539648,30.2,6.41399137942491
DNK,Denmark,2015,6.278,12.152,56.837,62059.1285991721,2.10441456445301,0.465205845985444,66.268123644985,28.2,44.6,34.1560427381574,5683483.0,18.7039395633233,1.71,83.300407409668,,80.7024390243902,10.3754549,96.3305016195436,42.3133095847231,32.5,5.99477468305967
DNK,Denmark,2016,5.989,12.147,57.677,63468.9888246814,3.07304549209093,0.257250945775504,65.5816572655399,28.2,41.7,33.4903267444358,5728010.0,18.9425702764271,1.79,82.1714935302734,7.71534013748169,80.8536585365854,10.28229332,96.9677852516645,42.9699132415221,32.0,6.2287600754887
DNK,Denmark,2017,5.833,12.384,57.739,64989.4459872347,3.05647723922718,1.13704970819079,65.2651305462279,28.7,40.2,33.2797095205553,5764980.0,19.1822684091773,1.75,81.3220062255859,7.3700098991394,81.1024390243903,10.1137991,97.0993621555621,43.5697797531659,35.0,5.81887534735593
DNK,Denmark,2018,5.131,10.52,57.649,65870.8302554341,1.8600074900921,0.824793552880295,65.1569808657312,28.2,38.5,32.3839236687064,5793636.0,19.4403886413888,1.73,81.1405487060547,7.32747983932495,80.9536585365854,10.14163208,97.3192043651002,43.7690892923223,34.6,5.78874820578994
DNK,Denmark,2019,5.018,10.041,58.06,66758.6323346131,1.71140093932736,0.740090192324771,65.1563499910143,27.7,38.3,34.9773905428147,5814422.0,19.7143802297606,1.7,81.6945877075195,7.27585983276367,81.4512195121951,10.18468761,98.0464347521549,43.6229516711158,37.2,5.17323991963432
DNK,Denmark,2020,5.644,11.634,57.886,65379.3066120995,-1.78010601831291,0.423160183761248,65.9864386706891,27.5,45.2,34.470930251185,5831404.0,20.0008145375227,1.68,82.6643295288086,7.38574981689453,81.6024390243903,10.69237614,96.54914573,44.4185659681079,39.5,4.76521606117498
DNK,Denmark,2021,5.065,10.8,58.161,69327.998216527,6.50025445756295,1.83962310160841,66.6398766336931,28.3,39.6,35.1568120616605,5856733.0,20.2481262517018,1.72,83.982292175293,6.95915985107422,81.4048780487805,10.65575886,98.8658506,44.9598379722906,39.5,5.04788249694838
DNK,Denmark,2022,4.434,10.533,59.551,69089.4692492289,0.443832614908331,7.70063309931329,66.429806790063,29.3,33.3,30.728476081674,5903037.0,20.4007400764725,1.55,84.5866088867188,6.35586023330688,81.3048780487805,9.47411346,97.86011812,44.8863644064006,,4.8270407249692
DNK,Denmark,2023,5.094,11.499,59.812,68993.9031100362,0.604587766175584,3.31178243972716,63.9079515293954,29.9,33.0,31.9731854836669,5946952.0,20.6001829312424,1.5,81.2308197021484,,81.7536585365854,9.5572958,98.77559197,44.0352069959396,,4.4073670007762
DNK,Denmark,2024,5.358,11.786,60.902,71034.5789667138,3.47783593140312,1.37986244415555,63.5495635161649,,30.5,33.3582767843919,5976992.0,20.8660704666167,1.47,78.9604110717773,,82.2536585365854,9.38812923,99.76915157,43.3933280824544,,4.2782054919933
DNK,Denmark,2025,5.529,11.737,60.792,72723.2747867992,2.92843280014236,1.8900606245861,62.6610171745273,,27.5,,6009169.0,21.1189674580971,,,,,,,,,
ESP,Spain,2010,19.86,41.453,51.711,42695.5274189933,0.0941223116369514,1.79982772602942,66.4836210538043,35.2,60.3,12.3552539351712,46576897.0,16.8924601879808,1.37,76.3829116821289,4.83606004714966,81.6268292682927,9.16992569,65.8,22.7418123101281,14.4,6.17799635729276
ESP,Spain,2011,21.39,46.158,52.29,42271.8346788238,-0.639920636520344,3.19609425018081,67.9189474964676,35.7,69.5,11.8256931383282,46742697.0,17.1687054838507,1.34,80.7240905761719,4.71897983551025,82.4756097560976,9.21749687,67.0899993926581,23.7622851657887,14.7,6.19393014485236
ESP,Spain,2012,24.789,52.829,52.895,41034.0481566356,-2.86511368637748,2.44595735030202,68.7981435648343,35.4,89.6,11.7062948133333,46773055.0,17.4565170843771,1.32,82.89208984375,4.46012020111084,82.4268292682927,9.2189045,69.8099999420024,24.5107487138578,15.8,6.09265740713323
ESP,Spain,2013,26.094,55.444,52.831,40594.914008768,-1.42732224757626,1.40871603132886,68.7816140367298,36.2,100.0,13.5446525722175,46604197.0,17.850818523935,1.27,85.1826324462891,4.32852983474731,83.0780487804878,9.13714981,71.635,26.1458798389403,16.9,5.5007234648845
ESP,Spain,2014,24.441,53.169,52.629,41339.4111169417,1.52048593647231,-0.150921217655048,68.7044311125955,36.1,104.4,14.0482352839264,46460733.0,18.2556448430349,1.32,87.9358520507812,4.27524995803833,83.2292682926829,9.1512289,76.1867089778712,27.8358661570454,17.3,5.49369292128904
ESP,Spain,2015,22.057,48.353,52.62,43053.761430314,4.06086672473866,-0.500327420149904,68.2307802691903,36.2,102.4,14.0820816990338,46422303.0,18.5417546078088,1.33,88.5305328369141,4.24903011322021,82.8317073170732,9.17553329,78.6896318703515,29.0099329346016,16.3,5.84933711711804
ESP,Spain,2016,19.635,44.445,52.485,44274.6676149922,2.91515598595787,-0.202721903367454,68.1684323760182,35.8,102.0,13.6838393292056,46458139.0,18.7673388766097,1.33,89.810791015625,4.19327020645142,83.3292682926829,8.88084984,80.5613329432179,30.1986308494311,16.7,5.66204126256542
ESP,Spain,2017,17.224,38.594,52.281,45446.2508575695,2.89604207865007,1.95575728963107,67.9841610086631,34.7,101.1,13.6257034043746,46571232.0,18.9928200430073,1.31,92.070182800293,4.17846012115479,83.2829268292683,9.0217495,84.6022457016524,31.2964612808116,15.2,5.97761510797052
ESP,Spain,2018,15.255,34.362,51.873,46325.2099441141,2.39541124478878,1.67539821465287,68.1207909749925,34.7,99.7,14.1254961741386,46782011.0,19.2023408408683,1.26,92.5194931030273,4.15045022964478,83.4317073170732,9.07122517,86.107235525659,32.2277444368856,16.9,5.80969253331158
ESP,Spain,2019,14.104,32.555,52.039,46896.4171141424,1.96117850841711,0.699267137814226,68.2703336497276,34.3,97.6,13.6580229877723,47118501.0,19.3818276285973,1.23,91.5387725830078,4.20255994796753,83.8317073170732,9.21539497,90.718665325267,32.9220023670648,16.7,5.3981216422823
ESP,Spain,2020,15.532,38.312,50.922,41553.4477945675,-10.9400706350371,-0.322564616861942,68.3951846151394,34.9,119.2,13.4462555370373,47359424.0,19.5596160856506,1.18,91.59912109375,4.85118007659912,82.2317073170732,10.79479218,93.20564892,33.9527590155171,19.3,4.52823497177668
ESP,Spain,2021,14.914,34.999,52.177,44251.6658222621,6.68314420473001,3.09304989531805,67.4549201359154,33.9,115.6,14.8775287865224,47443821.0,19.8133822943511,1.18,95.3768997192383,4.81316995620728,83.1780487804878,10.34419918,93.89752157,34.9302420932073,19.0,4.91513320564969
ESP,Spain,2022,13.033,29.713,52.281,46733.4809780536,6.37031712129601,8.39041940748896,67.6016434775846,33.6,109.2,15.471017099813,47786102.0,20.1879992491906,1.16,95.0271606445312,4.58553981781006,83.1341463414634,9.6799593,94.4855432,35.7846414290159,,4.99422196018416
ESP,Spain,2023,12.179,28.747,52.773,47322.5937004504,2.46085796805582,3.53247287667898,68.6891967410021,33.4,105.1,15.0007244146429,48352528.0,20.6537075238774,1.12,93.7303466796875,,83.9341463414634,9.2206583,95.44564516,37.2148181549182,,4.57046216901007
ESP,Spain,2024,11.4,26.631,53.195,48460.2914069661,3.45525405630191,2.77406987275873,68.9025484059134,,101.6,14.934361142298,48848840.0,21.1454438932121,1.1,93.7689666748047,,83.8878048780488,,95.7574516,39.2337541858756,,4.50540688376633
ESP,Spain,2025,10.376,24.745,52.825,49318.105559037,2.82495400578509,2.67326741144651,68.3569115290146,,100.4,,49355143.0,21.64208099744,,,,,,,,,
EST,Estonia,2010,16.707,32.938,55.069,30067.501040775,2.4497502063999,2.97731881907779,59.9238449450358,32.0,8.0,20.1886259760194,1331475.0,17.4402915321171,1.72,68.7101593017578,5.51753997802734,75.4292682926829,6.59404182,74.1,26.1281702327091,25.3,16.6849546555512
EST,Estonia,2011,12.328,22.386,55.617,32453.1008476709,7.60697458913162,4.9763290500186,58.4513474222125,32.5,7.6,19.4461104284907,1327439.0,17.571641400301,1.61,71.0235290527344,4.99514007568359,76.2292682926829,6.05471659,76.5,26.2887630917959,25.2,16.8260839104471
EST,Estonia,2012,10.021,20.862,55.38,33765.4302075072,3.67201872506541,3.93547672886573,59.1902030673717,32.9,11.1,20.1620993799871,1322696.0,17.8628188378184,1.56,72.9364700317383,4.67340993881226,76.3268292682927,6.03782082,78.3899259259259,26.4254326274595,25.0,16.0506269014195
EST,Estonia,2013,8.631,18.704,55.341,34481.0148921506,1.75649379621869,2.78805297257004,59.7117104104209,35.1,11.4,20.239593208473,1317997.0,18.1984559754977,1.52,75.4523162841797,4.78006982803345,77.1414634146341,6.19788504,80.0043,27.3877226142123,24.5,17.9337282254815
EST,Estonia,2014,7.352,14.975,54.54,35720.3025335234,3.32278988182702,-0.110671520472092,59.8999341045038,34.6,11.6,20.7046889899527,1314545.0,18.5609288129198,1.54,76.2024536132812,4.32586002349854,77.0341463414634,6.26286125,84.2415280294352,28.2253745287009,25.3,17.3074333704818
EST,Estonia,2015,6.412,14.342,55.747,36353.0580520449,1.83815262882932,-0.490368222574699,60.7172758310752,32.7,10.8,21.5659169044997,1315407.0,18.88875196261,1.58,74.5832824707031,5.05127000808716,77.590243902439,6.52138662,88.4097035040431,29.6882797190881,28.2,15.9815175075091
EST,Estonia,2016,6.882,14.125,56.295,37466.5561839318,3.09301920751959,0.148809523809514,60.8286220187256,31.2,10.2,21.6774027118622,1315790.0,19.186016024635,1.6,73.0334320068359,5.05511999130249,77.6414634146342,6.56918621,87.2402327514547,31.4989029896287,27.2,15.6467217413113
EST,Estonia,2017,5.807,12.176,57.006,39529.785973279,5.63467248963991,3.41458982047815,61.1536734130969,30.4,9.4,20.8680916555804,1317384.0,19.4674154002753,1.59,72.1369781494141,4.86288022994995,78.0926829268293,6.46636105,88.1024568740199,32.5220031500844,27.5,16.6729670316324
EST,Estonia,2018,5.412,12.076,57.281,40849.8473475564,3.69969756161726,3.43257432967867,61.6254146608775,30.3,8.5,20.8332765978306,1321977.0,19.6754905294355,1.67,72.0659637451172,5.13962984085083,78.2439024390244,6.56314421,89.3570077747426,33.3725174267095,28.6,17.8889647853178
EST,Estonia,2019,4.514,11.623,57.34,42215.0343835811,3.72664943466884,2.28787209229983,62.3217011004787,30.8,9.0,21.0626465669172,1326898.0,19.8965346883511,1.66,72.7060317993164,5.16415023803711,78.6463414634147,6.64763546,90.2289281997919,33.8508104327483,31.3,11.6534202327534
EST,Estonia,2020,6.956,18.417,57.133,40916.7194113327,-2.88380751483778,-0.447581601077956,63.9507885502749,30.7,19.1,20.7215984585967,1329522.0,20.2000948355964,1.58,72.0443572998047,5.44180011749268,78.5951219512195,7.47179365,89.05828666,34.2700326171401,40.4,9.12576098778358
EST,Estonia,2021,6.178,16.622,57.777,44247.4198971873,8.25488044580031,4.64974641556665,62.7166747108643,31.8,18.4,21.7424154968985,1330932.0,20.4337977975588,1.61,73.1502075195312,5.21514987945557,76.9439024390244,7.47591066,90.97970174,37.357189680638,38.0,9.71169075504984
EST,Estonia,2022,5.571,18.392,60.138,43124.6196563775,-1.22616966587796,19.4014768461511,62.7008753798491,32.3,19.2,21.098827586414,1348840.0,20.6300461857585,1.41,71.4251937866211,5.20733976364136,77.8439024390244,6.93641424,91.52016546,39.7219150412824,,11.1341597224282
EST,Estonia,2023,6.378,17.207,61.049,41284.7746875532,-2.74421914571231,9.15293232611363,65.135665233461,30.7,20.2,21.3870655324956,1370286.0,20.9140825455897,1.31,67.6179275512695,,78.7926829268293,7.47082138,93.18342241,35.2539796781149,,8.37350742837627
EST,Estonia,2024,7.6,19.256,61.258,41185.8348356109,-0.0900428648493801,3.52246471160196,65.6971144966199,,23.5,22.6679583165361,1372341.0,21.2973321004949,1.18,65.6692276000977,,79.2951219512195,7.83648062,92.23796204,35.3527186879385,,7.75936884491537
EST,Estonia,2025,8.313,19.695,60.984,41604.3226612806,0.584308464789387,4.82894582449954,65.8221431827353,,24.2,,1366475.0,21.8016309684638,,,,,,,,,
EUU,European Union (aggregate),2010,9.87327234610775,22.9366329839002,49.3325907280392,45251.0407991374,2.1818021924601,1.5331755858805,65.2788728568643,,,18.7481470848678,442088310.0,17.6571988575835,1.5634616186116,66.8966522216797,5.36880016326904,79.6354307923887,9.84090766528016,,25.8445416691152,14.469048952148,7.7121715794747
EUU,European Union (aggregate),2011,9.92888294564936,23.7340277566384,49.5712083837619,46206.0702456512,1.96059583488466,3.2894493956421,64.9762579701184,,,18.8534079853744,441414078.0,17.8546794534634,1.52959407141605,67.5122680664062,5.11688995361328,80.1439505204152,9.77039206722476,,27.2652566927372,14.6250037786311,7.50585258859823
EUU,European Union (aggregate),2012,10.8758482088061,25.9520308445522,49.9701063040754,45788.921010839,-0.764412939041037,2.66284165508011,65.2198959540749,,,19.271495116209,442069839.0,18.1644393359346,1.53161547008715,67.3753204345703,4.83311986923218,80.1657773209271,9.88290732858803,,28.1514685720566,16.0530317099573,7.34621232551448
EUU,European Union (aggregate),2013,11.3511730368596,26.9403504407271,50.1041149468768,45724.832051248,-0.0330372559639187,1.21999478919838,65.5383820828304,,,19.7305882108626,442425741.0,18.5106176946398,1.50825013871459,67.5626907348633,4.99779987335205,80.4734324600181,9.92788298240445,,29.22008919732,16.7974520279699,7.14912584618353
EUU,European Union (aggregate),2014,10.8255885011473,25.9642724003625,50.2327670599766,46455.5685991693,1.63271198328248,0.1981012589714,65.5648116418356,,,19.8661678410324,442920819.0,18.8656769773069,1.53815734404476,68.7397079467773,4.88220500946045,80.8760173893061,9.95490367936825,,30.3435202548452,17.4415753867716,6.82268606570061
EUU,European Union (aggregate),2015,10.0165353301996,24.2216014196442,50.2881483598504,47490.9137112119,2.37195113797821,-0.0616408802316966,65.2469963330134,,,19.7479843160941,443793218.0,19.1927508562703,1.54031619030692,69.7687225341797,4.84087491035461,80.5707965259,9.90435202048574,,31.4509303481746,17.6122764341327,6.94479495177865
EUU,European Union (aggregate),2016,9.1056944627421,22.4110498486414,50.4648030294592,48336.5082885839,1.91997902907598,0.184449775233288,65.2339712632701,,,19.6811423683092,444676652.0,19.4904059703204,1.57060182280831,70.514030456543,4.82350015640259,80.9529785979391,9.88833716120595,,32.5654171406935,17.523235814157,6.9487174244534
EUU,European Union (aggregate),2017,8.13208945121752,20.0928174545564,50.7052712896773,49704.2541206968,2.81810835521954,1.42677069523826,65.1720360179447,,,19.8190501061558,445321060.0,19.7868737552614,1.56466473200747,71.7874526977539,4.64034986495972,80.9301511681956,9.85036406670765,,33.7866460425655,17.6857102209371,6.99426005138854
EUU,European Union (aggregate),2018,7.24247265095853,18.1130222214078,50.8086800267743,50737.2331625802,2.04641967934145,1.73668027298334,65.2112694906153,,,19.8820899268369,446058453.0,20.0764287832456,1.54734162624576,72.9149475097656,4.58276510238647,81.0303425240609,9.82989036363975,,34.7500632097183,18.7249884796166,6.83457757497087
EUU,European Union (aggregate),2019,6.67705052747452,16.9775189160847,50.9563983949262,51662.076917369,1.87525498889181,1.63437236731259,65.3362304496178,,,19.955372962423,446910453.0,20.3750307956607,1.52767031959044,74.0401382446289,4.62736988067627,81.3194524901834,9.8723711185958,,35.6346241840124,19.3440009483852,6.50775335523423
EUU,European Union (aggregate),2020,7.05471356704802,19.0143153030688,50.2947202876465,48769.5135471727,-5.57888122067428,0.477700847097022,65.815252884598,,,19.6371839572292,446870959.0,20.672655758064,1.50409489252504,75.0071029663086,4.93078994750977,80.4414754678551,10.7994106667147,,36.8053737269773,21.0591470733795,5.90418586587991
EUU,European Union (aggregate),2021,7.02659354012655,18.7377401369435,50.9889237972271,51968.4388292725,6.37773717070797,2.5545069964204,65.2916331409855,,,19.9481437129587,446228281.0,20.9721893046006,1.5243237978758,77.8575668334961,4.79329490661621,80.3071959761975,10.8123235004203,,37.8613994311883,,6.31584352673514
EUU,European Union (aggregate),2022,6.16137258045926,16.3648450965567,51.5700692630048,53777.3333629813,3.56455510630462,8.83346218008716,65.2365858339502,,,19.9309293342478,447203596.0,21.2740097100551,1.45486807707711,79.6330184936523,4.65688991546631,80.7133261894067,10.3013535917408,,38.6802657254509,,6.14633675709531
EUU,European Union (aggregate),2023,6.02643653344515,16.231917872558,51.9690117680907,53861.7951609765,0.4380089249495,6.29942487419124,65.5042878838448,,,19.629954634996,448897545.0,21.6126887723828,1.3837480486422,79.4997329711914,,81.4249329538218,9.99899300228438,,,,5.59079756161286
EUU,European Union (aggregate),2024,5.92300803762815,16.2391862334408,51.8737033852374,54341.6257163912,1.08657885620458,2.43531202435314,66.0030921800079,,,19.7822230360115,450228188.0,22.0124926642937,1.34087000671597,79.4997329711914,,81.5608466061313,10.5422385397464,,,,5.46920331874023
EUU,European Union (aggregate),2025,5.9260453820781,16.198576943376,51.6146262531769,55086.9866170226,1.53795434836212,2.46605755272817,65.8875741213977,,,,451127411.0,22.4427897823407,,,,,,,,,
FIN,Finland,2010,8.394,21.288,55.871,54017.9458623339,3.1682879121621,1.18413734049094,58.9677220471227,27.7,50.1,18.60088122585,5363352.0,17.2594164785613,1.87,93.1867599487305,6.504310131073,79.8707317073171,9.14183331,86.89,29.0751116373162,33.4,12.2771915772077
FIN,Finland,2011,7.781,19.934,55.743,55053.3906850323,2.39039455396828,3.4168070861099,59.3372290101439,27.6,52.0,20.0526169335458,5388272.0,17.8213910625007,1.83,93.2884292602539,6.45624017715454,80.4707317073171,9.23903561,88.70999491353,29.8056452931485,35.1,10.8053750812877
FIN,Finland,2012,7.689,18.868,55.865,53957.6680986279,-1.52284013040689,2.80833276899532,60.7916038686882,27.1,57.9,20.2018185629161,5413971.0,18.4499585932434,1.8,91.5533828735352,7.1715497970581,80.6268292682927,9.61732101,89.879997974222,30.4323757921866,38.7,9.66512380653683
FIN,Finland,2013,8.193,19.817,55.568,53183.4286685126,-0.979741024949618,1.47828883999966,60.5650206145545,27.2,60.8,20.7270868858018,5438972.0,19.0733570715343,1.75,91.2365264892578,7.15288019180298,80.9756097560976,9.84504986,91.5144,31.6268291557372,38.5,9.80540072646081
FIN,Finland,2014,8.663,20.454,55.297,52710.7334867778,-0.4780684247837,1.04120094211784,60.8821743460203,26.8,64.8,20.735954919725,5461512.0,19.6661048130943,1.71,89.9938812255859,7.13832998275757,81.1804878048781,9.83066177,86.5303927529377,32.1970293411336,41.2,9.05273118506377
FIN,Finland,2015,9.376,22.304,55.407,52782.4873926277,0.466503766322674,-0.218846205108623,60.9404734718733,27.1,68.8,20.5868919844713,5479531.0,20.2090618722589,1.65,89.6573791503906,7.07199001312256,81.4804878048781,9.69998264,86.4221333325445,31.5690938053918,43.2,8.39046261440988
FIN,Finland,2016,8.818,20.057,54.982,53984.6316254715,2.57193414898754,0.36524354685248,60.4690404557823,27.1,68.6,20.9872193661139,5495303.0,20.6838033296157,1.57,89.3280029296875,6.90873003005981,81.4292682926829,9.45625591,87.7036499599455,31.152937083259,42.4,8.88160307084068
FIN,Finland,2017,8.64,20.041,55.027,55637.2262781223,3.30337003591039,0.733944954128445,59.8466440593487,27.4,66.6,20.8810623659359,5508214.0,21.1457473282604,1.49,90.6983871459961,6.40826988220215,81.6317073170732,9.19148445,87.4689290730615,31.0435197469463,44.4,8.36494370044446
FIN,Finland,2018,7.361,16.958,55.688,56226.337241343,1.19297759742292,1.09896782027926,59.9098768892434,27.3,65.3,20.9641879217783,5515525.0,21.6154814502107,1.41,92.3850021362305,6.31771993637085,81.7341463414634,9.10587025,88.8899599985585,31.491717515124,44.2,8.6010307269027
FIN,Finland,2019,6.695,17.128,55.677,56922.4873163103,1.34973845741737,1.02596440654212,60.0093074736498,27.7,65.3,20.7845948733429,5521606.0,22.061393842071,1.35,94.5891189575195,6.45300006866455,81.9829268292683,9.22295189,89.6073851129779,32.5439773811208,45.4,7.99426833424913
FIN,Finland,2020,7.759,21.193,55.175,55424.8574989208,-2.49103605535707,0.290297331840518,60.046026219716,27.1,75.3,20.0057532774645,5529543.0,22.4906828905898,1.37,96.4726333618164,6.6812801361084,81.9317073170732,9.69977188,92.17027106,33.3838974597133,47.3,7.13874546232844
FIN,Finland,2021,7.617,17.058,55.927,56790.3766177692,2.67634641498897,2.20204694538849,60.1590262256597,27.7,73.1,20.8297824444051,5541017.0,22.8749565743109,1.46,100.868072509766,6.58820009231567,81.8853658536585,9.90969753,92.80806082,33.6396818306917,50.2,7.09479866241161
FIN,Finland,2022,6.719,14.138,57.267,57068.3056478074,0.763041912763526,7.11434177839211,59.4281097939016,27.9,74.0,21.1993912863772,5556106.0,23.2287672110978,1.32,104.944221496582,6.37578010559082,81.1878048780488,9.74152565,92.98879471,34.2951599474189,,6.68162198489374
FIN,Finland,2023,7.149,16.106,57.489,56051.7701129501,-1.28973484453397,6.25107162517039,61.7790882950862,27.4,77.0,25.3625391476347,5583911.0,23.5778747195571,1.26,108.130409240723,,81.5853658536585,10.47389507,93.51385075,35.3318092510781,,5.88954587564164
FIN,Finland,2024,8.4,18.68,56.668,55901.3202296588,0.374566568538427,1.57635467980291,62.1965049838221,,82.4,25.3281786132257,5619911.0,23.8972369428395,1.25,110.304496765137,,82.3365853658537,,93.72405196,36.4765341417867,,5.53521221243539
FIN,Finland,2025,9.461,21.479,56.493,55735.2174921326,0.173444509584499,0.332787049734142,62.0939515985316,,89.3,,5646436.0,24.2018896456272,,,,,,,,,
FRA,France,2010,9.279,23.592,51.083,49130.422942344,2.00032476039051,1.5331755858805,70.7106511172851,33.7,86.3,21.9860264776611,65026211.0,16.7822818238459,2.03,54.881721496582,,81.6634146341463,11.22430801,77.28,33.64535986777,11.9,5.80194807906
FRA,France,2011,9.228,23.018,50.995,50085.6829779109,2.43757653729007,2.1080747456689,70.2766502820806,33.3,88.7,21.8260251212647,65340830.0,17.0554720144704,2.01,55.6257286071777,,82.1146341463415,11.17601013,77.8199989926706,35.6937891818337,10.6,5.56604040689413
FRA,France,2012,9.841,24.949,51.196,49935.6269081617,0.183835264973013,1.95512386272455,70.3954825743036,33.1,91.7,22.608974141338,65657659.0,17.4830959695717,2.01,57.9090118408203,,81.9682926829268,11.33749485,81.44,37.4345529509644,12.3,5.55949763606406
FRA,France,2013,9.913,24.363,51.318,50066.5304324783,0.781756446231,0.862729865377273,70.4096711493974,32.5,94.6,23.2041011683014,65997932.0,17.9295780155891,1.99,59.8487586975098,,82.219512195122,11.37891197,81.9198,38.7340855946258,13.4,5.45712098979101
FRA,France,2014,10.273,24.828,51.012,50326.567863089,0.997832947295251,0.50773767900035,70.4282438710721,32.3,96.2,23.1556593525911,66312067.0,18.387873214191,2.0,61.5104789733887,,82.719512195122,11.57935429,83.7510996681821,40.142215573606,13.2,4.93048874498212
FRA,France,2015,10.354,25.262,50.957,50682.8953586333,1.06675474783462,0.0403331518341644,70.3090113135195,32.7,97.0,23.2974119760792,66548272.0,18.8516269618174,1.96,62.7859306335449,,82.3219512195122,11.50032997,78.0060377071902,41.387117104083,13.3,4.99116340691761
FRA,France,2016,10.057,24.938,50.83,50984.075297832,0.860031075424033,0.184449775233288,70.602995081322,31.9,98.1,23.1463283405753,66724104.0,19.2846641669454,1.92,64.7276763916016,,82.5731707317073,11.57036018,79.2698113207547,42.5277884451476,14.2,5.01727531627851
FRA,France,2017,9.409,22.572,50.625,51895.5662985838,2.08361485997399,1.02920611286052,70.3851824021717,31.6,98.8,23.7863349624871,66918020.0,19.6708486830069,1.89,65.8022308349609,5.46482992172241,82.5756097560976,11.44944572,80.5024597243607,43.6242593525939,14.1,5.06155143263354
FRA,France,2018,9.018,20.953,50.813,52560.9536243841,1.64590872395887,1.85222067317272,70.1367025071467,32.4,98.5,24.3098642807809,67158348.0,20.0394210628073,1.87,67.5435180664062,5.42540979385376,82.6756097560976,11.30847645,82.0431867788484,44.4142292018123,15.2,4.89217066506758
FRA,France,2019,8.415,19.929,50.615,53448.5548849943,2.02744646419237,1.1067657411029,70.1101608629661,31.2,98.2,24.6605263993177,67382061.0,20.4100888765873,1.86,67.7331314086914,5.36638021469116,82.8268292682927,11.17058277,83.3397440866883,45.2765022757908,15.5,4.79214044818249
FRA,France,2020,8.009,20.398,50.05,49311.333409639,-7.44064589948231,0.477700847097022,70.9770173200242,30.7,114.9,24.7888064416138,67601110.0,20.747440901072,1.82,68.8709411621094,5.65871000289917,82.1756097560976,12.12949371,84.70639801,46.471240838575,16.8,4.24677642127474
FRA,France,2021,7.871,19.252,51.605,52517.3354905855,6.88233783360239,1.64090620368408,70.6735726050728,31.5,112.8,23.9794445386059,67842811.0,21.0507539717053,1.83,69.9397888183594,5.41743993759155,82.3243902439024,12.24894238,86.09548575,47.6442336298287,16.2,4.66820869200128
FRA,France,2022,7.303,17.856,51.862,53673.8137406422,2.71676264185913,5.22294079215231,71.7575436778909,31.2,111.4,24.5495737523762,68184457.0,21.3773491158756,1.78,71.5107269287109,5.32434988021851,82.1292682926829,11.82888794,85.33331734,48.250226559098,,4.51246828877731
FRA,France,2023,7.335,17.419,52.108,54296.7230897731,1.43921494437743,4.88000215969119,70.2119038407892,31.8,109.6,23.1762031443727,68372286.0,21.7491423914771,1.66,70.4536437988281,,82.8317073170732,11.51974583,86.83635789,48.6688340139444,,4.15598361008436
FRA,France,2024,7.4,18.603,51.773,54799.3482689389,1.19046798275883,1.99742599742599,70.9141844211851,,113.2,22.778486344686,68551653.0,22.1465618989138,1.61,71.5346908569336,,82.9804878048781,11.53530598,88.65381638,48.9251978969333,,4.00355772602595
FRA,France,2025,7.542,18.89,51.48,55124.5392564395,0.840949955479587,0.943824761520197,70.8514738300024,,116.0,,68720337.0,22.5418906984086,,,,,,,,,
GRC,Greece,2010,12.719,33.005,43.229,37566.7483686263,-5.6937412158003,4.71298907760388,70.215254321143,34.1,147.8,20.4346791237019,11121341.0,19.1578896272878,1.48,101.694053649902,,80.3878048780488,9.61952496,44.4,20.2491669415812,11.4,8.01145293539691
GRC,Greece,2011,17.973,44.951,43.077,33906.4917435676,-9.87677875300243,3.3298532335065,70.2096408517314,34.8,175.1,22.4592713947757,11104899.0,19.5073861649055,1.4,105.812690734863,,80.7317073170732,9.18577003,51.6499951676815,22.183064232426,11.4,7.75736006243731
GRC,Greece,2012,24.731,55.656,43.383,31250.2268565956,-8.33113421099992,1.50152696177757,69.875196964307,36.3,164.3,24.9543887136577,11045011.0,19.8890960349321,1.34,110.122978210449,,80.6341463414634,9.04327774,55.0699934418411,24.3424643325153,14.2,7.38387675666416
GRC,Greece,2013,27.686,58.491,43.172,30762.4432227813,-2.27211699888024,-0.921269454256993,70.1765702201216,36.1,180.5,24.7308046940324,10965211.0,20.2915184129021,1.29,112.705833435059,,81.2853658536585,8.52183914,59.8663,26.5619364050644,16.6,6.73744445045335
GRC,Greece,2014,26.708,52.645,43.517,31213.3765120298,0.792225060962835,-1.31257583692997,70.5563330759252,35.8,182.8,25.3987231791514,10892413.0,20.6970672852563,1.3,119.104209899902,,81.3853658536585,7.94358587,63.2073404784561,28.9729450556431,16.4,6.51907892218189
GRC,Greece,2015,24.981,49.731,44.028,31347.976574604,-0.228301892172851,-1.72561164771509,70.0008977954844,36.0,180.0,25.3959107582621,10820883.0,21.0794802004731,1.33,,3.68238997459412,81.0365853658537,8.26719952,66.8349594911035,31.7813956931321,17.5,6.41834866895798
GRC,Greece,2016,23.514,47.223,44.091,31468.6198471099,-0.0317947678412054,-0.837681877998503,69.37737300047,35.0,183.7,27.0349616993722,10775971.0,21.3988876993596,1.38,131.403213500977,,81.3878048780488,8.45097542,69.0879154723892,33.5485838991847,16.4,6.32529541885367
GRC,Greece,2017,21.413,43.392,43.828,31995.4108838386,1.47312472702352,1.12096202512904,69.9648813609874,34.4,182.6,26.7428191688464,10754679.0,21.6563374262051,1.35,135.333923339844,3.46778011322021,81.2878048780488,8.11336899,69.8929706543154,35.1351318678243,16.4,6.35852543809071
GRC,Greece,2018,19.179,40.011,43.387,32722.3310444029,2.06467207892409,0.625108501423381,69.5166420124732,32.9,189.6,27.1083919768284,10732882.0,21.8966337548395,1.35,140.950317382812,3.57626008987427,81.7878048780488,8.07267761,72.2383733920483,36.9203391643751,17.9,6.19923893694163
GRC,Greece,2019,17.045,34.754,43.513,33502.7506488997,2.27718065334808,0.255275185263553,69.7220023100075,33.1,183.7,25.9324359654947,10721582.0,22.1273853041386,1.34,143.96272277832,3.55062007904053,81.6390243902439,8.11709499,75.6712066931757,38.3565690069278,18.5,5.7354129269356
GRC,Greece,2020,15.899,33.74,42.721,30487.1129331045,-9.19623149726978,-1.24746757345197,69.6620817543477,33.6,209.9,24.9618719805557,10698599.0,22.3934327342108,1.39,143.693344116211,,81.2878048780488,9.38074493,78.11584474,39.7876360746134,20.1,4.89415483279633
GRC,Greece,2021,14.656,35.39,43.261,33528.2271202515,8.65449786002131,1.22394673806362,68.9330353905441,32.9,197.8,25.2960070315206,10570130.0,22.8389533365326,1.43,150.605484008789,,80.0829268292683,9.03178692,78.49426371,41.9213046741732,21.5,5.08178234326352
GRC,Greece,2022,12.426,31.29,44.413,35828.1756641776,5.52198580589408,9.64486176520366,67.7189624074765,33.4,179.2,27.5172060191375,10437805.0,23.2281742678017,1.32,166.389556884766,3.37547993659973,80.7878048780488,8.44938278,83.17066333,42.923040428409,,5.28045887042343
GRC,Greece,2023,11.023,26.543,44.646,36700.5134631055,2.13591131996631,3.46456960141384,68.6654116276677,33.4,165.5,26.4902731362127,10407351.0,23.4829980176041,1.26,165.113418579102,,81.7365853658537,8.39367008,85.0102229,43.8539621755853,,4.92324127436463
GRC,Greece,2024,10.02,22.375,45.027,37474.2798239947,2.0865743380603,2.74197509290368,68.0104871945665,,155.4,27.3811388505066,10405134.0,23.939763430194,1.24,,,81.8390243902439,,86.26968886,44.6759828527928,,5.04642227577271
GRC,Greece,2025,8.54,21.389,44.666,38218.721628616,2.07306882481713,2.48162694360829,67.4491828137468,,145.7,,10413962.0,24.3998585549859,,,,,,,,,
HRV,Croatia,2010,11.62,32.355,46.029,28701.8754573033,-1.33616285467264,1.03055505333575,59.8345546913636,32.4,56.8,20.2809603021175,4295427.0,17.8775514569316,1.46,57.0685997009277,4.20651006698608,76.4756097560976,7.94908857,56.55,19.4799756808943,29.8,4.87506829937978
HRV,Croatia,2011,13.678,36.666,44.475,28769.0229490882,-0.111527124990047,2.27272727272722,60.1938953938777,32.3,63.1,19.6484782753049,4280622.0,17.9482034299939,1.41,59.3388595581055,4.10584020614624,76.7756097560976,7.62508154,57.7899789891444,20.8566154553422,27.2,4.77830091047516
HRV,Croatia,2012,16.046,42.512,44.466,28259.1638073948,-2.23702049605232,3.41207349081368,59.8222857270434,32.5,68.9,20.1295684400884,4260368.0,18.2004685581559,1.52,62.0256614685059,,77.1682926829268,7.63413,61.9399731527956,21.581851768721,29.4,4.40975990806428
HRV,Croatia,2013,17.231,50.488,44.453,28397.9820661555,-0.132561080066893,2.21658206429778,59.375970884559,32.0,79.5,20.5987750210821,4233922.0,18.4765925399494,1.46,66.7111129760742,4.50127983093262,77.5707317073171,6.37271595,66.7476,22.5042534905966,32.8,4.34143567122871
HRV,Croatia,2014,17.209,45.703,46.252,28456.3353756076,-0.559537666687092,-0.215196159576175,59.5279486493715,32.1,83.2,20.3827204243559,4201598.0,18.8122396153648,1.46,68.6392517089844,,77.7243902439024,6.56612396,68.5678992528467,23.3319089868678,33.6,4.20723258150827
HRV,Croatia,2015,16.15,42.31,46.662,29466.4506365792,2.32056679330526,-0.464499004645002,59.2981769133707,31.1,82.8,21.4161380150546,4151725.0,19.2311236257324,1.41,68.4413986206055,,77.2756097560976,6.65548038,69.8450359238281,23.5726310188829,33.1,4.34144843408463
HRV,Croatia,2016,13.015,30.949,45.148,30820.8050421355,3.46613146011039,-1.12500000000002,59.2376907875373,30.9,79.3,21.9038199554303,4106867.0,19.6581193481792,1.43,69.5889511108398,,77.9219512195122,6.69167471,72.6972696701463,25.2341141328155,31.8,4.44976669563441
HRV,Croatia,2017,11.078,27.425,45.236,32348.5888556174,3.2840626939789,1.12937210282346,59.6718410681252,30.4,76.2,22.0181754202526,4041407.0,20.1354432241616,1.42,71.3775863647461,3.87207007408142,77.7268292682927,6.62803125,67.0961920368478,26.865096097274,29.8,4.65112768894595
HRV,Croatia,2018,8.322,23.509,45.012,33729.5455811943,2.91107146210912,1.50012501041747,59.5112702759638,29.7,72.8,21.7868108087404,3988775.0,20.6682803013664,1.47,72.8625411987305,3.92432999610901,77.919512195122,6.7136178,75.2946259897258,28.0156020023514,32.8,4.45402410514506
HRV,Croatia,2019,6.551,16.71,44.78,35122.7966231008,3.10247285336254,0.771820346498111,59.168396896514,28.9,70.9,21.9731340837067,3949390.0,21.1822163945349,1.47,74.0501174926758,3.94555997848511,78.2243902439024,6.78699923,79.0797836757554,28.9682951804841,31.6,4.5506268056586
HRV,Croatia,2020,7.389,20.673,44.447,32493.4017010055,-8.31046995309319,0.154811374562106,59.5400441431499,29.5,86.5,20.8751911556046,3914206.0,21.6661760190675,1.48,74.738037109375,4.40854978561401,77.5243902439024,7.68352938,78.32090004,26.0744550144438,32.4,4.39207849561316
HRV,Croatia,2021,7.483,21.542,45.869,36930.076102199,12.6312741312741,2.5545069964204,59.0490718680904,28.9,78.2,21.0722366007919,3878981.0,22.1006673274542,1.62,78.0067901611328,4.0916600227356,76.4243902439025,8.08265686,81.25396608,26.7157501000099,34.1,4.5132213846884
HRV,Croatia,2022,6.811,17.744,46.975,39863.9109377649,7.29479114889533,10.7805806758686,59.815420111517,30.0,68.5,21.6758788990283,3855641.0,22.4847051223347,1.53,80.7626724243164,,77.5756097560976,7.29636335,82.07155532,27.6606739600213,,4.57371420212618
HRV,Croatia,2023,6.121,18.91,47.139,41320.257995772,3.76204092717136,7.94128177586822,59.8274947591746,30.1,60.9,21.1835412825499,3859686.0,22.815365461733,1.46,81.1775207519531,,78.4731707317073,7.14699411,83.24117599,28.4709561519529,,4.83573016043274
HRV,Croatia,2024,5.0,16.479,47.541,42828.7997273569,3.82578440126859,2.97200477643625,60.8381351492928,,57.4,,3866200.0,23.1877713482095,1.46,,,78.9292682926829,,83.63240029,29.5997367962687,,4.83151414825927
HRV,Croatia,2025,5.002,16.474,47.377,44172.0442284906,3.40307537181749,3.69153459605728,60.9271309491799,,55.9,,3876200.0,23.6095692486799,,,,,,,,,
HUN,Hungary,2010,11.172,26.392,46.638,27801.833816111,1.06795068152046,4.8771702326921,56.6270118030494,29.4,80.2,22.6349958124257,10000023.0,16.4983294883917,1.25,60.7487602233887,4.73365020751953,74.2073170731707,7.46420383,65.0,21.639373536508,13.5,5.23461796037869
HUN,Hungary,2011,11.029,25.957,46.838,28415.1173442897,1.91670916599742,3.908503915373,55.9639510898261,29.2,80.5,21.0755779468166,9971727.0,16.702614184748,1.23,59.9984893798828,4.57056999206543,74.8585365853659,7.49342251,68.0199878861296,23.2549245597223,14.7,5.15825393134008
HUN,Hungary,2012,11.003,28.185,47.455,28179.656464434,-1.33948446518181,5.66536656309913,55.199441422864,30.8,78.4,22.9290319408291,9920362.0,16.9920445700114,1.34,60.6758003234863,4.15359020233154,75.0634146341463,7.43047714,70.579998153838,24.1618038721448,16.5,4.80352430687509
HUN,Hungary,2013,10.177,26.545,47.736,28891.0217544976,2.03216990678146,1.72672672672673,55.4667804576846,31.5,77.2,22.8744366474572,9872734.0,17.3215490022521,1.36,57.5212211608887,4.19040012359619,75.5658536585366,7.23645353,72.6439,26.2621916555453,17.2,4.5374057479924
HUN,Hungary,2014,7.725,20.378,48.884,30264.9492302161,4.33435364113967,-0.227552275522772,54.8738788494878,30.9,76.5,23.0029515544783,9833038.0,17.6863017779257,1.45,53.4245910644531,4.59878015518188,75.7634146341463,7.04192352,75.6531974544103,26.164233392363,15.7,4.55934371452648
HUN,Hungary,2015,6.813,17.272,49.901,31485.5675425634,3.65981615406955,-0.0616408802316966,54.1102603119559,30.4,75.7,23.2251876567379,9797755.0,18.0559904650891,1.46,50.9797401428223,4.49287986755371,75.5682926829269,6.8501935,72.8347370323805,27.6322359587573,15.6,4.85223400666785
HUN,Hungary,2016,5.115,12.923,50.839,32378.9674983075,2.43864141309342,0.388577067784991,55.5583018252813,30.3,74.6,23.0038696424493,9759755.0,18.4382661409188,1.55,50.7361488342285,4.60210990905762,76.0634146341464,6.96752644,79.2594121273057,28.6887907811727,15.3,4.94531881179394
HUN,Hungary,2017,4.156,10.699,51.062,33828.714942571,4.12418389451805,2.34701400835596,55.9261229091602,30.6,72.0,22.8501937757718,9726756.0,18.7797493757284,1.56,51.3840599060059,4.64034986495972,75.8170731707317,6.73338366,76.7505471201922,30.2136178819417,14.6,5.2571073027842
HUN,Hungary,2018,3.667,10.115,51.527,35798.0412754022,5.60613813768876,2.85148277104088,56.0731413227318,,68.8,22.4528392167293,9706964.0,19.1292329288769,1.57,52.5629386901855,4.60567998886108,76.0658536585366,6.55460501,76.0743606365063,31.5062908247816,13.6,5.28069332491601
HUN,Hungary,2019,3.411,11.472,51.339,37662.67681014,5.07718495088933,3.33858635382016,56.5905221339387,,65.0,22.2398241353198,9694824.0,19.6029229874294,1.58,54.2122917175293,4.20140981674194,76.3195121951219,6.24677849,80.3716936050482,32.6466329851573,13.6,5.31240175169761
HUN,Hungary,2020,4.248,12.882,51.34,36119.5211735652,-4.33872540024058,3.32674385766727,56.7924026680508,,78.7,22.6858959289388,9670419.0,20.0906737724303,1.61,56.6071815490723,4.12265014648438,75.419512195122,7.230515,84.77115202,33.4922037196533,14.8,5.13443109342005
HUN,Hungary,2021,4.021,13.549,52.211,38887.1909527154,7.22291580811137,5.11096534382864,57.3674994014629,,76.2,21.3456992963306,9630932.0,20.4050134893418,1.63,58.6536102294922,4.65407991409302,74.0658536585366,7.33524847,88.64083466,34.8391868436369,15.3,5.29398400902426
HUN,Hungary,2022,3.583,10.541,53.057,40610.9711368238,4.15238057779229,14.6081439492433,57.6322799683593,,74.1,23.4285893294636,9605074.0,20.6075593133653,1.57,60.2746810913086,3.8011999130249,75.8682926829268,6.6474123,89.14282688,36.5338104764554,,4.95293425120931
HUN,Hungary,2023,4.096,12.779,53.995,40333.2546888118,-0.817107370513455,17.1249659678736,58.1743762001328,,73.2,22.9196603722488,9592186.0,20.819084281895,1.55,56.5924415588379,,76.5707317073171,6.36868954,91.4500713,36.7901885342462,,4.48048025757632
HUN,Hungary,2024,4.5,15.088,54.398,40747.1986679668,0.709070599066038,3.70370370370363,59.4398000685895,,73.5,22.7430789981067,9562065.0,20.9931972318078,1.41,60.5168685913086,,76.7243902439025,,93.77898628,37.542262483936,,4.45791782423566
HUN,Hungary,2025,4.521,14.205,54.312,41160.6419140983,0.509542309726868,4.41198445905566,60.0624898084973,,75.2,,9514251.0,21.1574623970403,,,,,,,,,
IRL,Ireland,2010,14.534,28.157,55.247,59107.4220740498,1.68297175486512,-0.918388645376773,66.7587910328311,32.3,86.2,21.8577885441949,4560155.0,11.378359230371,2.05,63.1264381408691,6.04835987091065,80.7439024390244,10.52062798,69.85,22.3721452573765,5.3,8.97445371922665
IRL,Ireland,2011,15.354,29.579,54.93,59797.0537343463,1.60886648916944,2.5489783020855,65.9202399670773,32.9,109.6,21.6788892286331,4580084.0,11.7171523074328,2.03,67.7985916137695,5.77199983596802,80.7463414634146,10.4888649,74.8899729670944,23.3814204815178,7.0,8.10989492769128
IRL,Ireland,2012,15.451,30.792,54.719,59303.0319813561,-0.40502941658977,1.69474116680366,66.3652752162247,33.2,118.9,22.3408807114637,4599533.0,12.0822402487581,1.98,68.1972503662109,5.70776987075806,80.8463414634146,10.47466946,76.919992540097,24.1750019347271,6.9,8.17522126702863
IRL,Ireland,2013,13.735,26.732,55.227,60285.2376140094,2.1929375750029,0.515099484900573,67.5381296669956,33.5,117.7,22.4770470912618,4623816.0,12.4475140098686,1.93,71.6995468139648,5.23177003860474,80.9487804878049,10.0333004,78.2477,25.7144376937159,7.7,7.8579683966663
IRL,Ireland,2014,11.858,23.416,54.884,65463.1952541564,9.38579335130922,0.190916398713744,67.1617863407972,31.9,101.4,22.4854573798423,4657740.0,12.7951907142582,1.89,73.813232421875,4.73554992675781,81.3487804878049,9.23077869,83.4917223351728,27.0221858517779,8.8,7.75893459059544
IRL,Ireland,2015,9.908,20.235,54.809,80815.6415277345,24.6239856364006,-0.330959783371787,54.2201976171835,31.8,74.0,18.1286187339395,4701957.0,13.1102542122923,1.85,77.2321472167969,3.62438988685608,81.4536585365854,7.07827806,83.4947916666667,27.8462651784045,9.5,8.00687883789665
IRL,Ireland,2016,8.374,16.797,55.533,80760.0974145688,1.22271661130947,0.0201247735963236,55.7172942122237,32.8,72.7,18.6492727236414,4762722.0,13.3920921055483,1.81,77.5571365356445,3.65881991386414,81.6536585365854,7.3382206,83.5,28.6147710435862,8.6,8.29636917712182
IRL,Ireland,2017,6.713,14.402,55.589,87731.7897045734,10.1088576065965,0.362173038229377,55.6039787570193,31.4,65.2,17.6218306435406,4827445.0,13.6720454120936,1.76,77.5191116333008,3.37737011909485,82.1560975609756,6.91718578,84.1140070623844,29.0794615926246,10.1,7.92618041220563
IRL,Ireland,2018,5.741,13.756,55.999,93115.8393498329,7.68865937437435,0.471130713712915,56.2353719627882,30.6,61.3,17.626188645583,4898022.0,13.9535917035732,1.74,76.7604675292969,3.30347990989685,82.2048780487805,6.74710846,87.0001401148942,29.3513301848147,10.8,7.76337876800063
IRL,Ireland,2019,4.95,12.457,56.207,96205.7961557005,4.97288003766816,0.937842961189273,57.4736058194846,30.3,55.8,17.3596434260253,4976456.0,14.2437778846663,1.69,74.444580078125,3.22984004020691,82.7024390243903,6.61860561,87.0000552425146,29.6453160652366,12.3,7.30821291296457
IRL,Ireland,2020,5.623,15.263,55.055,101793.447525871,7.15369505735335,-0.326183651280032,55.7688116989414,29.2,56.9,15.929927751069,5039747.0,14.5621473419585,1.6,74.1961975097656,3.19163990020752,82.4560975609756,6.97323275,91.99989097,30.4353384554187,13.7,6.80456776897729
IRL,Ireland,2021,6.357,15.612,57.851,116702.85817485,16.2581881158197,2.34034113447043,55.1666541370771,29.4,52.4,16.633416481597,5110585.0,14.8535759354494,1.72,78.4613265991211,2.90461993217468,82.2536585365854,6.44113493,93.50610352,31.3616427884193,12.7,7.11906758228265
IRL,Ireland,2022,4.465,9.389,59.114,123007.47648651,7.51113888415304,7.82945736434104,53.5115628227866,29.9,42.9,16.7626298923533,5212836.0,15.16194031114,1.51,77.5933380126953,,82.509756097561,6.02078247,95.03690338,31.5362809040128,,6.84581291258731
IRL,Ireland,2023,4.243,10.161,60.155,117659.728593716,-2.53637409313261,6.29942487419124,60.2983373398224,29.0,41.8,17.519885397856,5311538.0,15.5417068369309,1.5,,,82.8073170731707,6.57538509,96.8660965,31.8907830651788,,6.1870780177041
IRL,Ireland,2024,4.3,10.439,59.838,118833.312071751,2.59946721553708,2.11344999577316,60.5635643631863,,38.3,17.9419509627541,5395790.0,15.8920783803289,1.47,,,83.009756097561,6.85410833,97.18769836,32.3023693358176,,6.03605774131313
IRL,Ireland,2025,4.632,10.493,59.755,131338.444745041,12.3375990291434,2.21044788475856,56.7367145813896,,32.9,,5484367.0,16.2081043488942,,,,,,,,,
ITA,Italy,2010,8.363,27.91,37.881,49301.6959141674,1.52910573247101,1.52551524837656,66.4497865718155,34.7,118.8,23.7379559387907,59819407.0,20.4589612100469,1.44,65.3790435791016,4.31626987457275,82.0365853658537,8.87928963,53.68,21.7704634480966,12.8,7.08186391750757
ITA,Italy,2011,8.359,29.145,38.069,49473.0149235634,0.695463154440176,2.7805745844426,66.2096070490808,35.1,119.1,23.6907780327076,60026841.0,20.6879338870931,1.42,64.2492523193359,4.09431982040405,82.1878048780488,8.728508,54.3899983018814,22.393878996579,11.9,6.9053125750862
ITA,Italy,2012,10.655,35.294,39.368,47795.9579360541,-3.12523877282996,3.04136112082258,66.4231181546189,35.2,125.9,24.9107338882362,60191247.0,20.9966444751961,1.42,62.3447418212891,4.03481006622315,82.2390243902439,8.7983427,55.829997993283,22.7375144996784,14.4,6.55333989010063
ITA,Italy,2013,12.149,40.022,39.323,46833.3615309303,-1.81802510749792,1.21999478919838,66.5056088758581,34.9,131.9,25.1831182980011,60311613.0,21.330672420342,1.39,60.8925285339355,4.12192010879517,82.690243902439,8.7897644,58.4593,23.1031860985354,16.3,5.99742374656768
ITA,Italy,2014,12.683,42.669,39.746,46825.6511245062,-0.00138761730454462,0.241056627262265,66.7725633816902,34.7,134.8,24.9693939747194,60320707.0,21.6978740078895,1.38,60.8831481933594,4.04026985168457,83.090243902439,8.85913563,55.6384602242293,23.7083714537202,17.1,5.68586837020992
ITA,Italy,2015,11.896,40.316,39.391,47311.8255262709,0.885667635240807,0.0387880546123783,66.682063975246,35.4,134.8,24.8391474255923,60229605.0,22.0285256126439,1.36,60.941291809082,4.05422019958496,82.5439024390244,8.84596729,58.1417349568747,24.5977602494059,16.6,5.87319309166979
ITA,Italy,2016,11.688,37.758,40.069,47987.8379581014,1.23622108511661,-0.0940663867932015,66.3771213146536,35.2,134.2,25.0831052252075,60115223.0,22.3095886391617,1.36,61.3571014404297,3.795490026474,83.2439024390244,8.72043991,61.3242527666303,25.7337403103573,16.1,5.80834075921169
ITA,Italy,2017,11.211,34.726,40.578,48849.2183534756,1.60369995294101,1.22652881401135,66.2798589618875,35.9,133.7,24.697204288008,60002252.0,22.558669089969,1.34,62.69580078125,4.02662992477417,82.9463414634147,8.69060516,63.0773469984291,27.4652917045411,16.4,5.7611454316748
ITA,Italy,2018,10.538,32.185,40.777,49355.8751913504,0.826646712344115,1.13748587578675,66.170569852449,35.2,134.2,24.2435864233351,59877221.0,22.8062143288843,1.31,64.4753265380859,4.24094009399414,83.3463414634146,8.65467453,74.3871829234822,28.4648521996575,17.1,5.68452233279163
ITA,Italy,2019,9.884,29.102,40.908,49690.6298505274,0.429162533780342,0.611249440506398,66.0942211230759,34.6,133.9,24.6616145255819,59729081.0,23.104171093177,1.27,65.6895065307617,4.07843017578125,83.4975609756098,8.61536789,67.8507102874836,29.0544644701951,17.3,5.56784056329278
ITA,Italy,2020,9.192,29.629,39.501,45505.0688708956,-8.86822122185345,-0.137707259048216,66.7072551997983,35.2,154.4,24.8458109789517,59438851.0,23.379233231567,1.24,68.7231063842773,4.41803979873657,82.1951219512195,9.5643034,70.48342785,30.2586365187027,18.7,4.96667406979317
ITA,Italy,2021,9.497,29.665,39.884,49825.3934111848,8.93106210800055,1.87378306224529,64.8364560164046,34.8,145.8,24.8769150126615,59133173.0,23.6619735523658,1.25,71.2745208740234,4.17118978500366,82.6463414634146,9.28164482,74.8623274,31.2852927413407,17.5,5.58651571090224
ITA,Italy,2022,8.069,23.704,40.517,52333.3274270604,4.82117669913565,8.20128981173605,64.5973224396351,33.7,138.4,24.6064132004012,59013667.0,23.929189689659,1.24,73.8962097167969,4.06775999069214,82.7,8.85022926,85.06074504,31.19136706407,,5.60897190137329
ITA,Italy,2023,7.627,22.727,41.312,52842.6288831758,0.922796543670316,5.62219292216457,64.3081181311219,34.3,133.9,24.7358481020881,58984216.0,24.2187831541913,1.21,75.9496536254883,,83.3512195121951,8.40559483,87.0278292,31.8410876819321,,5.1591446091273
ITA,Italy,2024,6.5,20.246,41.03,53284.8745049149,0.783039135276795,0.982375111637719,64.6729437802698,,134.7,25.6045418430039,58952704.0,24.624776723376,1.18,,,83.9512195121951,8.44437313,89.2207202,31.7807732477772,,5.07573834102673
ITA,Italy,2025,6.391,20.545,40.806,53606.0789571011,0.539583636778445,1.5316735709312,64.5143614484488,,137.1,,58915656.0,25.0981380733118,,,,,,,,,
LTU,Lithuania,2010,17.814,35.744,52.31,26897.7243702338,0.427199566550769,1.31921135329693,60.0343254564853,33.6,36.7,16.2409988579148,3097282.0,17.6097771279808,1.5,86.5725708007812,5.36880016326904,73.2682926829268,6.9058671,62.12,21.9297095928618,21.5,4.53332954506564
LTU,Lithuania,2011,15.39,32.587,52.699,29251.8774718539,6.32363664821298,4.13028795542932,57.6254914588371,32.5,37.5,15.6660449989807,3028115.0,17.9884941813021,1.55,84.0555877685547,5.15469980239868,73.5634146341464,6.54017687,63.6399774002179,24.0272372898481,22.7,4.72911365651569
LTU,Lithuania,2012,13.365,26.684,53.2,30932.0983180261,4.38290584355157,3.0899881500594,57.6622186397042,35.1,39.9,15.6846191314427,2989139.0,18.1799731254535,1.6,79.7516326904297,4.78232002258301,73.8634146341464,6.30798101,67.2299893276414,25.7287935833036,23.9,4.8479177448757
LTU,Lithuania,2013,11.77,21.896,52.927,32487.0008217277,4.04691318575325,1.0474357007626,58.9225729509242,35.3,38.9,15.7811714718234,2961250.0,18.3577356444558,1.59,74.3968200683594,4.62416982650757,73.9146341463415,6.15501022,68.4529,28.2656607039035,26.3,4.51309413254538
LTU,Lithuania,2014,10.698,19.258,53.871,33988.0148951198,3.7725437958099,0.103797269855511,58.7478006463531,37.7,40.7,16.0335026552639,2937253.0,18.6035201529541,1.57,72.034538269043,4.5076699256897,74.5170731707317,6.22244453,72.1335378644566,27.337779493026,27.7,4.49797821297655
LTU,Lithuania,2015,9.12,16.302,54.428,35264.7149248316,2.83280643343234,-0.884095480682298,59.2019719495734,37.4,42.4,16.7577252933798,2911109.0,18.8803013596424,1.63,72.1163330078125,4.21646022796631,74.3219512195122,6.47396851,71.3780590101754,28.6774149586821,29.0,4.69257592209704
LTU,Lithuania,2016,7.862,14.455,55.606,36632.0832798438,2.67192215053329,0.905505760893051,60.4983280052475,38.4,39.8,17.0998350982682,2877325.0,19.1757756195781,1.63,74.0858306884766,4.01143980026245,74.6707317073171,6.64928818,74.3766455618662,29.8964138705034,31.5,4.69887829841954
LTU,Lithuania,2017,7.073,13.266,55.821,38789.2463179035,4.61224310312809,3.72290534916912,60.2020468532002,37.3,39.1,16.7642158990642,2842639.0,19.504402571296,1.57,76.5389785766602,3.81236004829407,75.4804878048781,6.44472837,77.6152565124514,28.2319064734089,33.8,4.91240709777077
LTU,Lithuania,2018,6.147,11.117,56.494,41035.4018152732,4.91836780106811,2.69793626194618,61.178353815629,35.7,33.3,16.7524651283353,2819200.0,19.7309309832227,1.53,77.3577728271484,3.85628008842468,75.6804878048781,6.46896172,79.7225827680518,28.1444849879285,33.7,4.97247446083995
LTU,Lithuania,2019,6.255,11.85,57.226,43078.7118585461,4.67735183530451,2.33450641721588,61.179068325455,35.3,35.6,20.0889400531483,2811089.0,19.8571907989029,1.43,75.0942306518555,3.9415500164032,76.2829268292683,6.94472647,81.5818683764046,28.2791627222047,33.5,5.08575146500164
LTU,Lithuania,2020,8.487,19.556,57.363,43108.1976060283,0.0428158336981426,1.19988413415409,61.0170094436429,36.0,45.9,20.5030171627523,2810369.0,19.9341539675463,1.36,73.5892868041992,4.47348022460938,75.0292682926829,7.41619062,83.05554724,28.4988545174577,31.7,5.07196741780172
LTU,Lithuania,2021,7.112,14.304,57.369,45897.3715026327,6.39481772930206,4.68353816718102,60.8408068662956,36.7,43.3,21.2633953094284,2808380.0,19.9469849122603,1.36,75.0314712524414,4.23977994918823,74.0365853658537,7.73210812,86.93054425,28.712701575387,33.2,5.10322677130588
LTU,Lithuania,2022,5.955,11.873,58.035,46642.5947251086,2.46532013155011,19.7050363314043,61.0597541409748,36.6,38.3,21.4560996107325,2831639.0,19.8607556942966,1.27,76.9154586791992,4.25285005569458,75.6439024390244,7.24367952,87.72420219,28.4400438919259,,4.65112254775415
LTU,Lithuania,2023,6.841,13.712,57.914,46333.9006965206,0.739537398185803,9.11734190721293,63.1748358971823,36.0,37.1,21.3397813891106,2871585.0,19.8561787800633,1.18,77.0064163208008,,77.290243902439,7.31801939,88.50287484,27.9638162516437,,4.51994281903548
LTU,Lithuania,2024,6.851,13.688,57.86,47462.0039386975,3.03019543767596,0.715728099283774,64.2015365423613,,38.0,21.8686469645785,2888278.0,20.1664889015269,1.11,75.6177368164062,,77.1951219512195,7.59519005,89.16116293,27.8460080234758,,4.49056496639174
LTU,Lithuania,2025,6.731,13.756,57.668,48839.5436452948,2.92007656461696,3.79132375529774,64.7989613523829,,39.8,,2888774.0,20.7219454695688,,,,,,,,,
LUX,Luxembourg,2010,4.423,13.917,48.847,131434.360018803,3.76040578658925,2.27367911621542,78.9069331999142,30.5,19.1,23.8178404378116,506953.0,13.9918409176011,1.63,18.2021293640137,,80.6317073170732,6.66263008,90.62,33.1818450562661,3.7,22.1192102620953
LUX,Luxembourg,2011,5.122,18.048,49.499,129887.626962873,1.0442860057217,3.4106834106835,78.8371852508105,32.1,18.5,23.9870478540645,518347.0,13.958297980655,1.52,,,80.9878048780488,5.95225334,90.0298585646936,32.7339447418355,3.8,21.3951272024339
LUX,Luxembourg,2012,5.03,16.578,51.173,128897.403218507,1.64971134354685,2.66284165508011,78.8749393406791,34.3,20.8,24.4278271542178,530946.0,13.9654108927907,1.57,19.117790222168,3.87815999984741,81.3926829268293,5.29404306,91.9499237417387,31.9617588949556,4.2,20.4689365773544
LUX,Luxembourg,2013,6.045,16.289,51.459,129947.336184196,3.17168513780955,1.73403963519162,78.9578031864228,32.0,22.4,24.5522669560732,543360.0,14.0256757341215,1.55,,,81.8,5.23557377,93.7765,32.4834270107517,5.7,18.9995583038869
LUX,Luxembourg,2014,6.044,24.278,52.214,130249.550482759,2.62308838097542,0.628543985440716,78.2098735301689,31.2,21.9,24.7451561578152,556319.0,14.1251062865936,1.5,,3.85569000244141,82.2292682926829,5.23040915,94.6702052774766,33.580271770101,6.8,17.6515632218206
LUX,Luxembourg,2015,6.796,17.5,54.247,130097.338289025,2.26836572735107,0.47474316143787,79.7314000527203,32.9,21.1,23.3218593726636,569604.0,14.1954152151927,1.47,20.2907104492188,3.76792001724243,82.2926829268293,5.08113575,96.3767141704759,34.2910720305652,9.1,16.3436352272807
LUX,Luxembourg,2016,6.669,21.98,53.625,133661.734541281,4.97819047122638,0.290833333333225,79.1113350489115,31.7,19.6,23.7675096749456,582014.0,14.2424413802086,1.41,19.9203605651856,,82.6853658536585,5.07103872,98.1366986657616,34.8068400324932,13.5,15.5348496771555
LUX,Luxembourg,2017,5.523,15.473,54.011,132169.829576174,1.31711942298405,1.73079959118896,80.0810310904901,34.5,21.8,24.5181470528935,596336.0,14.3068137144371,1.39,19.5990200042725,3.48645997047424,82.0951219512195,5.13535357,97.3629603241751,35.9768313229784,15.3,15.408092082316
LUX,Luxembourg,2018,5.589,14.18,54.798,131733.884471489,1.61129891211624,1.5281952430737,79.3906348113495,35.4,20.9,26.8854541322106,607950.0,14.3776280584969,1.38,19.3915195465088,3.65772008895874,82.2951219512195,5.27355194,97.061298705829,36.8853200372964,16.0,15.6999753269183
LUX,Luxembourg,2019,5.592,16.975,54.933,132724.754668303,2.74932091920692,1.74332075653848,78.7000438836607,34.2,22.3,26.8884834309941,620001.0,14.4700667405182,1.34,19.3969497680664,3.73705005645752,82.6390243902439,5.46640301,97.120635693272,37.3611453762962,16.4,15.63174898105
LUX,Luxembourg,2020,6.766,23.182,55.927,129865.631871124,-0.510051634039826,0.819957302127035,79.3002385873037,33.4,24.5,25.6864231937241,630419.0,14.5852263807154,1.36,19.961389541626,3.85499000549316,82.1439024390244,5.7671175,98.45962893,37.2960860898482,20.8,12.6787105084079
LUX,Luxembourg,2021,5.571,18.666,56.929,136772.443753292,6.92973270801744,2.52692009066166,79.9504402405608,32.7,24.2,26.1173902630411,640064.0,14.7153406197971,1.38,20.7341499328613,3.68531990051269,82.5975609756098,5.60806084,98.66086333,38.0399641403524,20.5,13.0933781621838
LUX,Luxembourg,2022,4.588,17.599,56.998,132570.832272626,-1.09741256293819,6.33600807777918,81.1291457144646,34.1,24.9,26.709050992885,653103.0,14.8424375777289,1.31,21.032600402832,3.74451994895935,82.9463414634147,5.60926914,98.24203749,38.3269581349215,,11.1248914795982
LUX,Luxembourg,2023,5.184,18.848,57.196,130048.922273147,0.0994370594039111,3.74140361983135,81.8147567078408,33.6,24.7,26.983997047085,666430.0,15.1061948765445,1.25,21.5371704101562,,83.309756097561,5.78777981,99.34785707,38.3793065082138,,10.4160977146887
LUX,Luxembourg,2024,6.4,21.689,57.645,128475.283540415,0.358614003982225,2.05113269954859,81.1809464995936,,26.3,28.636905101724,677012.0,15.4763638200631,1.25,22.4103698730469,,83.1951219512195,5.89136267,98.7606147,40.3174570156723,,10.5572722492364
LUX,Luxembourg,2025,6.343,21.467,57.474,127420.601625165,0.63787818818335,2.25723817871725,81.4468728023096,,27.0,,686970.0,15.8123957037476,,,,,,99.12902211,,,
LVA,Latvia,2010,19.482,36.24,53.73,24119.7307848939,-3.66125859554762,-1.08463595015154,63.7264639687939,35.0,48.2,14.1617549792208,2097555.0,18.2544494766261,1.36,69.0510406494141,5.14355993270874,73.4829268292683,6.22420359,68.42,20.7297918659797,33.1,4.23345275809216
LVA,Latvia,2011,16.206,31.069,52.909,25308.7322074626,3.03634482668815,4.37073559939223,62.8873750736246,35.8,46.8,15.0349474767828,2059709.0,18.4754761239579,1.33,67.9534683227539,5.24315977096558,73.5756097560976,5.91758251,69.7499545592245,22.2055874415821,35.5,3.99736079222842
LVA,Latvia,2012,15.047,28.564,54.088,27496.5454583635,7.30524057200897,2.25778924374585,63.0435674657414,35.2,44.4,15.4465961149387,2034319.0,18.6755010177509,1.44,66.6435470581055,6.83852005004883,73.7780487804878,5.62075043,73.1199437663748,23.4018125136081,40.4,3.94598880509891
LVA,Latvia,2013,11.867,23.237,53.773,28375.1842887263,2.09609028156248,-0.0294547782578279,63.5400681711989,35.5,41.8,15.9028434483155,2012647.0,18.9296873835699,1.52,69.0765991210938,7.24962997436523,73.9829268292683,5.60404825,75.2344,24.6397186303098,39.6,3.86525804077913
LVA,Latvia,2014,10.846,19.595,53.301,29243.7412502629,2.0949597710559,0.620490636732421,64.3035202598626,35.1,43.1,16.1740602062131,1993782.0,19.2414909818675,1.65,70.8979415893555,5.47479009628296,74.1243902439024,5.66363621,75.8261041383556,25.3240856124593,40.2,3.79876034591545
LVA,Latvia,2015,9.873,16.316,54.029,30599.6133134147,3.78336712084972,0.174242243625185,64.1295120425511,34.2,38.3,16.3739257773551,1977527.0,19.5243158412573,1.7,74.2998809814453,5.46670007705688,74.4804878048781,5.84916782,79.2005829239344,25.4568684345307,38.1,3.86745667695055
LVA,Latvia,2016,9.643,17.271,54.863,31668.5148442662,2.55168601974034,0.140633334505326,64.3727854982171,34.3,41.7,17.2317291892857,1959537.0,19.7753873612594,1.74,80.6048126220703,4.82350015640259,74.580487804878,6.35184479,79.8420977843089,26.4893005276389,38.5,3.81753444818853
LVA,Latvia,2017,8.715,16.971,55.064,33036.3915943437,3.39894872623931,2.93036312374665,63.4246447186638,35.6,40.3,17.2061420461167,1942248.0,20.0107948444194,1.69,88.0574264526367,4.52905988693237,74.6292682926829,6.18721867,80.1140770037369,27.0886247975645,42.6,3.82654532273942
LVA,Latvia,2018,7.412,12.192,55.639,34729.7062763057,4.30971286294503,2.53445424186598,63.2634274962391,35.1,38.3,16.1995106602059,1927174.0,20.1981958800325,1.6,93.0244827270508,4.39430999755859,74.7829268292683,6.40854263,83.5771748630956,27.2877295355647,41.0,4.20714476222697
LVA,Latvia,2019,6.312,12.415,55.474,35208.1934590859,0.675372771884227,2.81140920075624,63.0987194135787,34.5,37.9,16.1998506375401,1913822.0,20.4072272200842,1.61,94.8645324707031,4.58675003051758,75.3878048780488,6.86276913,86.13545644343,26.5858975490829,41.5,4.13194121501373
LVA,Latvia,2020,8.098,14.868,55.844,34225.8976044058,-3.46922750780554,0.219064904841984,62.3876227829268,35.7,44.0,16.2818527296083,1900449.0,20.6721709557533,1.55,94.5108337402344,4.99749994277954,75.1853658536585,7.50587368,88.89796078,25.804169430384,43.8,3.82914774350693
LVA,Latvia,2021,7.513,14.785,54.167,36912.0130602161,6.94254173062592,3.27582937431165,61.6249417393174,34.3,45.9,16.4485824289653,1884490.0,20.8461609037398,1.57,93.4839324951172,4.76774978637695,72.9804878048781,9.4105072,91.17964988,25.9761549056076,44.0,3.99598830452802
LVA,Latvia,2022,6.815,15.27,55.299,37718.7097958367,1.90853419029801,17.3102830198814,61.6485862349309,33.7,44.4,17.142238825739,1879383.0,21.0117630297337,1.47,91.3303680419922,4.3196702003479,74.2780487804878,8.1044302,91.03009059,25.989241189689,,3.68567769315781
LVA,Latvia,2023,6.465,12.323,55.436,37277.7217221317,-0.941606068823631,8.9380462331663,63.8600315168596,34.0,44.4,16.6264388220862,1883710.0,21.3320948408305,1.36,85.7360610961914,,75.4268292682927,7.27783823,92.18791291,25.9948491178264,,3.66319656422698
LVA,Latvia,2024,6.9,13.614,55.516,37615.0762450744,-0.0370556648288982,1.26579885828728,64.7309385900209,,46.2,17.6470478263995,1866124.0,21.7358403074143,1.24,82.917350769043,,76.4292682926829,,92.70757011,25.7542854181725,,3.647774745944
LVA,Latvia,2025,6.568,12.95,55.248,38800.5425281872,2.13786855731288,3.74577316751945,64.2451214016393,,46.9,,1847785.0,22.1950582635891,,,,,,,,,
MKD,North Macedonia,2010,33.135,55.198,40.714,16731.0901838425,3.35875085773812,1.50997522027613,55.0944897735173,40.1,24.3,16.8656928030442,1946298.0,11.6140833193192,1.6,38.147590637207,,74.9975609756098,6.71369696,51.9,12.6122529557569,22.3,4.71412907992507
MKD,North Macedonia,2011,31.502,55.109,42.815,17201.236162644,2.33988604520331,3.9047542206974,55.0949403902746,39.4,27.7,16.999651001969,1937398.0,11.8089652480304,1.46,,,75.1,6.51887369,56.7,13.7991890008361,18.6,5.28745255234082
MKD,North Macedonia,2012,31.096,53.713,42.408,17189.9956305456,-0.456183223607937,3.31605566687646,56.3116157384889,38.1,33.7,16.4166504179317,1929821.0,12.0723567464621,1.5,39.7961082458496,,74.9024390243903,6.61468363,57.449947312961,15.4034279276413,18.3,4.98507374518155
MKD,North Macedonia,2013,29.017,51.588,43.551,17758.2275594412,2.92525766450484,2.78500056726108,54.8447770531849,36.2,34.0,15.6689580043276,1922716.0,12.458575061591,1.5,38.9499015808105,,75.4,6.71928358,65.24,16.8126639116268,21.2,4.57514266277495
MKD,North Macedonia,2014,28.215,53.073,42.995,18452.2062280148,3.62912351276373,-0.281705032928494,53.8266326277266,35.2,38.0,16.2352837081218,1917557.0,12.9263524713146,1.5,39.3214912414551,,75.4512195121951,6.28993368,68.0584815397496,17.7239038498213,21.2,4.35528122501704
MKD,North Macedonia,2015,26.395,47.478,42.307,19215.0740381192,3.85586514041738,-0.299920475631461,53.7301817323071,35.6,38.0,16.8182331222247,1912430.0,13.4042646662284,1.49,42.0811805725098,,75.4024390243902,6.34227896,70.3802030766689,18.4016994838328,23.9,4.14802110404041
MKD,North Macedonia,2016,24.312,48.48,41.114,19825.7724685057,2.84820519363306,-0.2392907876845,53.5495422792727,34.5,39.7,16.9511578216024,1906313.0,13.9040754168431,1.5,,,75.4,6.37943363,72.1568144676058,19.4533715332855,21.4,3.99771705905588
MKD,North Macedonia,2017,22.857,46.759,41.241,20121.0510180726,1.08177273813243,1.35161889677442,54.5391890711302,34.2,39.4,17.1611135905492,1898657.0,14.4580662828714,1.43,43.5097694396973,,75.9536585365854,6.43909454,74.5168241807954,20.4183259234605,19.0,4.20312884317705
MKD,North Macedonia,2018,21.208,45.495,41.277,20805.9221192555,2.88059670964267,1.45831298507126,54.3216751049362,33.0,40.4,17.5749363175957,1889051.0,15.0850497869881,1.42,43.8547897338867,,76.6487804878049,6.45699358,79.1677551850871,22.2929498345599,20.9,3.99285143704431
MKD,North Macedonia,2019,17.414,35.353,42.856,21766.8842062487,3.91041953840173,0.766439573459804,54.994997711796,33.5,40.4,17.0832810795126,1876262.0,15.7588026396984,1.34,43.1991004943848,,76.6024390243903,7.06654119,81.4128827618364,23.9402500262168,17.0,4.62504703500897
MKD,North Macedonia,2020,16.575,35.622,41.861,20971.4421033593,-4.68845000956652,1.20007348888468,56.5553416357877,,50.8,16.1270346639672,1856124.0,16.3463390126845,1.31,43.782169342041,,74.3951219512195,7.73212385,81.40553811,25.4041233643961,20.0,4.08399438830595
MKD,North Macedonia,2021,15.801,36.097,40.931,22144.1924252732,4.51067949038222,3.23074912132927,56.6626681929412,,52.7,17.3929631432116,1837114.0,16.724393369915,1.6,44.3020210266113,,73.2463414634146,8.41851234,81.873703,26.9448892231031,19.5,4.15543074626833
MKD,North Macedonia,2022,14.476,32.595,42.206,22822.2333994259,2.75888415332967,14.2047173195832,56.3668315026394,,50.4,17.6879383146833,1831712.0,17.047678201619,1.6,53.1601181030273,,74.4248780487805,7.42164755,83.85030365,28.0035734605346,,4.47897922817561
MKD,North Macedonia,2023,13.174,29.685,42.158,23455.2221318176,2.554965253403,9.36187249769014,56.9248687459104,,50.5,17.7577976488562,1827816.0,17.5017325840163,1.5,55.0082015991211,,75.3160975609756,7.42730284,88.5,29.1771708951077,,4.38791431960329
MKD,North Macedonia,2024,12.265,28.656,42.884,24203.1855800189,2.99373536567732,3.48974086026953,56.2488933827217,,52.9,18.7571347667176,1824359.0,18.0247601630052,1.4,,,76.6165853658537,,93.6,29.8921727758887,,3.99992545326879
MKD,North Macedonia,2025,12.256,28.75,42.742,25094.6225007185,3.48706619829503,4.07249176848347,56.9507036614351,,52.5,,1820909.0,18.5237163487965,,,,,,93.1,,,
MLT,Malta,2010,6.861,13.245,34.347,37528.7341525511,6.19734978656928,1.51563513618531,69.4975430059037,29.0,65.0,25.1397908735498,414508.0,15.096989119852,1.36,36.8344192504883,6.20798015594482,81.3975609756098,7.89857197,63.0,29.7855677615811,1.2,6.25971030715933
MLT,Malta,2011,6.388,13.341,35.559,37740.8473665429,0.992201768011597,2.9629852819288,69.9305576736028,29.1,68.9,25.4110072148213,416268.0,15.8139408918619,1.45,39.4486618041992,7.57771015167236,80.7463414634146,8.31816673,68.0198237885462,30.3037011219232,2.0,6.20225431693044
MLT,Malta,2012,6.203,13.846,38.681,38937.1487755674,4.10167460261891,2.37582057760386,71.9762151405502,29.4,65.6,25.2954088688708,420028.0,16.5765962159862,1.42,42.5473289489746,6.24788999557495,80.7463414634146,8.24921417,68.1998742928975,31.8224330830663,2.7,6.48623425104993
MLT,Malta,2013,6.115,12.729,40.724,40921.3167795062,6.29233378116625,1.1802843636655,73.0407527212857,28.8,64.9,25.1421033341581,424810.0,17.3519818416277,1.36,44.4813919067383,7.40672016143799,81.7463414634146,8.30319595,68.9138,33.3783014199957,3.2,5.60886043172242
MLT,Malta,2014,5.737,11.696,42.259,43163.1473000396,7.6313628225042,0.310306472181664,74.3571270267968,29.0,60.7,25.5760346210372,433481.0,17.9435630039737,1.38,45.4103507995605,6.84973001480103,81.8951219512195,8.88463974,73.1141157845193,34.8819867199098,4.5,5.4659835148484
MLT,Malta,2015,5.389,11.653,43.02,46171.8893420758,9.62070302842181,1.10054826378929,76.1301108539473,29.4,55.0,24.3217053391404,444220.0,18.3273199612118,1.37,48.0389709472656,4.91352987289429,81.7975609756098,8.70199776,75.9600189752747,36.6768468766082,6.0,3.76435099725361
MLT,Malta,2016,4.694,10.713,44.653,46967.3486291212,4.07800422216982,0.642702771527304,75.7999147817915,29.1,53.1,26.2493786095596,454505.0,18.6555640731084,1.37,49.2171897888184,4.95570993423462,82.3536585365854,8.69928074,78.0751488032182,37.6179796999137,9.2,3.00436738869759
MLT,Malta,2017,4.008,10.589,46.159,51628.2677400365,12.9713425287845,1.36435448150708,77.4370338064483,29.2,45.6,26.0056800216801,467106.0,18.8131074315696,1.26,54.0890197753906,4.34281015396118,82.1951219512195,8.31366253,81.0119110762945,38.7512769768028,7.3,3.33585952653145
MLT,Malta,2018,3.956,9.355,48.214,53419.0022708322,7.18921425536917,1.15782362451517,77.1218458623675,28.7,41.4,25.4268199377914,483903.0,18.7496839900321,1.23,57.8407592773438,,82.2487804878049,8.11269569,81.6580442928014,39.5892751744889,7.6,3.23907890630974
MLT,Malta,2019,4.08,10.07,49.326,53393.4231642463,4.0850557312243,1.6420600176894,77.2158688775137,31.0,39.2,25.1029745880045,503912.0,18.5815714000859,1.14,58.4985084533691,4.79941987991333,82.6585365853659,8.89282227,85.7785963798031,40.1799549616579,7.4,3.32002413119751
MLT,Malta,2020,4.856,11.536,51.25,50389.6963309289,-3.45728232537419,0.638544956776712,78.5580595685488,31.4,48.6,22.4923846366951,515490.0,18.4997679496494,1.14,61.4767112731934,,82.0975609756098,9.85403538,86.85876183,41.1094408219109,9.2,3.14341694310268
MLT,Malta,2021,3.754,9.871,52.216,56823.9958525022,13.3509818925498,1.49789217934724,79.6729350126186,31.6,49.6,22.4193457501334,518150.0,18.7721036316463,1.13,70.2313537597656,4.92963981628418,82.2585365853659,9.52782059,87.46977742,42.1830899964911,8.6,3.14078934671427
MLT,Malta,2022,3.471,9.064,55.307,56874.4339327368,2.59276776884379,6.15375621933036,80.5841599572973,34.6,50.1,22.9781648948001,531113.0,19.2843700775476,1.08,74.5901336669922,4.71258020401001,82.2975609756098,9.09105396,91.54062209,43.4449972737186,,3.3821427831742
MLT,Malta,2023,3.479,9.323,55.525,60459.7655182644,10.6340558017004,5.09396758978882,81.7274239180303,31.8,46.8,21.4475598333078,552747.0,19.800039778143,1.06,80.5250091552734,,83.3560975609756,8.84301376,92.07266941,44.282454836797,,3.23421022637843
MLT,Malta,2024,3.1,9.119,55.894,62398.4892388947,6.21275996991034,1.65079469283108,81.5881262237052,,46.0,24.0777855096016,568847.0,20.2123026573043,1.01,,,82.9560975609756,,93.86029816,44.5068355303026,,3.17888641409729
MLT,Malta,2025,2.896,8.431,55.799,63655.5160659665,3.96156139018959,2.36351752252186,81.3306641928291,,46.8,,579704.0,20.5407907884966,,,,,,,,,
MNE,Montenegro,2010,19.649,36.707,41.589,19476.1626179487,2.77559782547836,0.654946570148478,60.7888561942815,28.9,45.1,,619428.0,13.3195747114526,1.7,55.2963485717773,,75.990243902439,,37.5,10.2303793142727,49.1,
MNE,Montenegro,2011,19.759,37.039,41.589,20110.4869725048,3.40978812497193,3.450143112487,63.291503899449,30.8,49.0,,620345.0,13.3252988244592,1.65,59.0115089416504,,76.0829268292683,7.96692181,35.6115412460109,10.2281061123334,42.8,
MNE,Montenegro,2012,19.808,44.038,42.801,19576.412051459,-2.48732882965353,4.14524724981098,64.0175673838773,41.2,57.1,,621418.0,13.4746819458913,1.72,60.3092498779297,,76.3,8.29550457,56.8387825490631,13.8535846197557,45.9,
MNE,Montenegro,2013,19.585,41.825,42.866,20201.2916344369,3.38612548540247,2.20589268141187,61.1310638130195,39.0,59.2,,622587.0,13.6939604628851,1.73,60.4347686767578,,76.490243902439,8.47144604,60.31,15.1169768888917,49.3,
MNE,Montenegro,2014,18.054,36.008,45.008,20641.7645176561,2.37030892464516,-0.710514051710317,61.450852276444,38.8,63.6,,623744.0,14.0035525610354,1.75,63.2196388244629,,76.3390243902439,8.00086784,63.8868840056697,16.450287071867,46.0,
MNE,Montenegro,2015,17.555,37.722,46.123,21131.8410316247,2.52306333975571,1.54869158222494,63.1079872713535,39.0,69.5,,624651.0,14.420476163943,1.7,63.9372711181641,,76.6024390243903,9.02188778,68.1197860085679,17.8930024118635,43.0,
MNE,Montenegro,2016,17.732,36.061,45.699,21834.0918741924,3.4393056210999,-0.271385023385265,62.2581684285081,38.5,66.7,,625353.0,14.8258265738724,1.8,59.1839218139648,,76.5414634146342,8.63302994,69.8816468416779,18.3977867805956,43.9,
MNE,Montenegro,2017,16.082,31.846,45.296,22513.7807637171,3.21668504736274,2.38023599053139,62.3775307490001,36.9,66.9,,625982.0,15.2378556506188,1.8,60.9102210998535,,76.6853658536585,7.98255396,71.2723325399382,22.1614090312426,37.8,
MNE,Montenegro,2018,15.19,29.61,45.52,23562.1762558957,4.73292113433965,2.61121647230226,61.4557592293687,36.8,72.9,,626438.0,15.7080684318645,1.8,58.1831512451172,,77.8853658536585,8.34355545,71.5171004874886,25.8249904594873,40.6,
MNE,Montenegro,2019,15.128,25.305,46.888,24585.1159529158,4.39391565821528,0.361570854604296,60.9084834181942,35.7,79.6,,626753.0,16.2013123164339,1.8,56.2633209228516,,76.6829268292683,8.32983208,73.4766657478691,29.2284854340679,38.7,
MNE,Montenegro,2020,17.878,36.216,43.343,20904.5999314513,-14.9926187023533,-0.25565569984838,60.8813578426969,35.4,108.4,,626590.0,16.6406770460658,1.75,58.0944709777832,,75.9317073170732,11.42177582,77.60879306,30.2953440746132,39.6,
MNE,Montenegro,2021,16.543,37.399,41.433,23689.9791090651,13.0462607426359,2.41080198403156,62.3980563675667,34.3,86.2,,625053.0,16.9128782703666,1.75,57.9613914489746,,73.8243902439024,10.55253506,82.21969752,31.180870777725,39.6,
MNE,Montenegro,2022,14.851,29.795,48.489,25583.3155690619,7.73954689516201,13.0403036347003,63.1549881438444,,70.3,,623591.0,17.1459251034129,1.8,57.4317893981934,,76.1878048780488,10.19081783,88.22192026,31.8922375082974,,
MNE,Montenegro,2023,13.146,23.335,51.777,27243.404228981,6.47836283518564,8.58476910455402,63.962450941937,,59.6,,623529.0,17.4661274844054,1.74,55.1743011474609,,77.5878048780488,9.6549921,88.5515976,32.0155251660479,,
MNE,Montenegro,2024,13.206,23.952,51.429,28105.5927726624,3.16409886329913,3.33675009282281,63.7695853263977,,60.8,,623525.0,17.8320804850907,1.8,,,77.890243902439,,88.88258428,32.305369479654,,
MNE,Montenegro,2025,13.572,24.438,51.246,28895.3171970071,2.74455354258522,3.89921045747158,63.381094445619,,67.1,,623129.0,18.2940089675043,,,,,,,,,
NLD,Netherlands,2010,4.991,10.765,60.276,61518.5768954231,1.31935287897116,1.27457727418663,68.7900258467051,27.8,58.9,20.7736282739937,16615394.0,15.2790715770186,1.79,63.7049789428711,5.45634984970093,80.7024390243902,10.09452248,90.72,37.7372328275169,3.9,11.2017265434693
NLD,Netherlands,2011,4.977,9.777,60.534,62318.1391154389,1.77330320575034,2.34208658623133,68.891165266542,27.8,61.2,20.6627002818542,16693074.0,15.7302862366438,1.76,75.518798828125,5.41595983505249,81.2048780487805,10.14537811,91.4199957622284,38.5614208058284,4.7,10.4278277326273
NLD,Netherlands,2012,5.821,11.454,61.08,61480.8416416324,-0.977826121310997,2.45588024295758,69.0876469086887,27.6,65.7,20.3256602535276,16754962.0,16.3399904352262,1.72,75.8141632080078,5.36694002151489,81.1048780487805,10.45467281,92.859992359525,39.3374146344405,4.9,10.2418555171895
NLD,Netherlands,2013,7.241,12.942,61.038,61281.3125686741,-0.0302410184270769,2.51137822383009,69.3644666878015,28.1,67.2,20.5483444942433,16804432.0,16.8801636441145,1.68,,5.48417997360229,81.3048780487805,10.50247383,93.9564,40.030499091092,5.0,10.0780436970437
NLD,Netherlands,2014,7.419,12.529,60.271,62045.849197561,1.61255885112396,0.971061678923497,70.3026846854015,28.6,67.2,21.6080409414892,16865008.0,17.3524406523196,1.71,,5.40205001831055,81.7073170731707,10.45699596,91.6666666666667,40.2287973950107,5.6,9.59164086966339
NLD,Netherlands,2015,6.872,11.104,60.755,63081.4083495966,2.12064007193544,0.600935791194569,70.5458576179068,28.2,63.8,21.7393356455823,16939923.0,17.7566909073968,1.66,80.1601486206055,5.27802991867065,81.509756097561,10.18857956,91.7241379310345,41.0879703576802,5.8,9.99734178248626
NLD,Netherlands,2016,6.007,10.64,60.816,64267.7476553623,2.42428065449427,0.319406464338503,70.6379699378623,28.2,60.9,22.3460964348943,17030314.0,18.0943972670713,1.66,79.8454895019531,5.38952016830444,81.5609756097561,9.89148426,90.4109589041096,41.9813942626003,5.6,10.028805106001
NLD,Netherlands,2017,4.837,8.716,60.887,65665.9910229578,2.78150834679987,1.37968786656694,70.3995812806898,28.5,56.0,23.0992154340151,17131296.0,18.4202330068604,1.62,83.2009887695312,5.08747005462646,81.7609756097561,9.93712521,93.1972789115646,42.0988982620643,6.4,9.81688717537774
NLD,Netherlands,2018,3.832,7.046,61.139,66758.2454283317,2.25873158164956,1.70361881253579,70.2823544056509,28.1,51.6,22.9733523187001,17231624.0,18.7510079268288,1.59,83.652473449707,5.26723003387451,81.8121951219512,9.85083961,91.8918918918919,42.5152457224727,7.4,9.46486529650368
NLD,Netherlands,2019,3.379,6.606,61.656,67847.8818461095,2.3001616053659,2.63397403948254,70.2508053465611,29.2,47.7,23.7024369491677,17344874.0,19.0648534024819,1.57,,5.0559401512146,82.1121951219512,9.93616295,93.2885906040269,42.5292659897442,8.6,9.10784361996519
NLD,Netherlands,2020,3.82,8.879,61.776,64862.1890353474,-3.86799714191608,1.26788070731057,69.8215350848722,26.0,53.4,23.8138164252391,17441500.0,19.3703952280046,1.54,85.3370819091797,5.29139995574951,81.3585365853659,10.94954681,91.33333333,42.6667277513049,10.7,8.15069804775965
NLD,Netherlands,2021,4.209,9.335,61.894,68573.5648786447,6.27683593745216,2.68123345078501,69.4429925410801,25.7,50.5,24.2474342437328,17533044.0,19.6618088308361,1.62,89.3898620605469,5.37661981582642,81.309756097561,11.13498974,92.05298013,42.9460563127039,12.2,8.32113351224123
NLD,Netherlands,2022,3.526,7.647,62.565,71324.0360229425,5.00723453395074,9.99817255172687,69.0713610110483,,48.4,23.9133847175545,17700982.0,19.9012830406524,1.49,,5.17918014526367,81.6146341463415,10.03109169,92.51968504,43.5643185557355,,7.52014775225465
NLD,Netherlands,2023,3.535,8.272,63.079,70198.9546022361,-0.598061017580278,3.84231997489532,70.0541740903295,,45.8,25.2407076056081,17877117.0,20.1567559021407,1.43,86.5938262939453,,81.8634146341464,9.83150005,97.00680272,43.2644444744139,,6.87570596534106
NLD,Netherlands,2024,3.7,8.778,62.882,70493.9051219267,1.07383137319854,3.34639895475025,70.4741592609467,,43.7,25.2758922306144,17993485.0,20.4960775816586,1.43,,,81.9658536585366,10.00551128,97.00679779,42.9782483069868,,6.60188395966651
NLD,Netherlands,2025,3.874,8.833,62.71,71378.4856331012,1.78463214703797,3.20363967869003,70.4111549542247,,43.3,,18087633.0,20.8687702211484,,,,,,,,,
POL,Poland,2010,9.578,23.576,48.879,27112.1333797381,3.16892748258036,2.58069370250547,55.3297957201817,33.2,53.7,16.5370235494052,38042794.0,13.5707882889596,1.41,76.5571212768555,5.08126020431519,76.2463414634146,6.43533468,62.32,15.378511671936,9.5,8.65823367232175
POL,Poland,2011,9.576,25.523,48.967,28521.6612623568,5.25546256612796,4.23940149625932,54.294328089083,33.2,54.8,16.6696825635336,38063255.0,13.7095291987932,1.33,75.8021011352539,4.82901000976562,76.6951219512195,6.24533606,61.94999896898,18.2475205937044,10.4,8.58934161043243
POL,Poland,2012,10.031,26.322,49.354,28952.9157305301,1.51178167644575,3.56037151702792,55.3349007114845,33.0,54.5,16.0052569222101,38063164.0,14.0246184967044,1.33,75.0382919311523,4.83311986923218,76.7463414634146,6.22854042,62.3099972714691,18.0079998184474,10.9,8.39990338165267
POL,Poland,2013,10.293,27.167,49.227,29168.624211075,0.684240607051805,0.991982606332335,56.7410646685001,33.1,56.9,15.6742591136229,38040196.0,14.4308218173312,1.29,73.317268371582,4.99779987335205,77.0,6.44993687,62.8492,18.3773931656078,11.4,8.28307772126095
POL,Poland,2014,8.971,23.732,49.534,30334.8786569618,3.92050862390032,0.0538213132399802,55.7052599572561,32.8,51.1,15.6271982270924,38011735.0,14.8828006858362,1.32,70.2389678955078,4.93858003616333,77.6024390243903,6.39059496,66.5987360557248,18.904567196757,11.6,7.95991816737647
POL,Poland,2015,7.475,20.686,49.527,31700.3682364154,4.43176700264478,-0.874125874125862,55.299619134775,31.8,51.1,15.6135953190934,37986412.0,15.3775328347538,1.32,69.3731994628906,4.78748989105225,77.4512195121951,6.36490345,67.9969871556415,18.9867934497166,11.9,8.05009433373176
POL,Poland,2016,6.141,17.592,49.64,32675.3052259954,3.03117767594847,-0.664767331433962,55.0625951252974,31.2,54.1,16.2090291324573,37970087.0,15.9129115092505,1.39,69.8503799438477,4.62726020812988,77.8512195121951,6.5470438,73.3007040962669,19.1513139299534,11.3,8.34151367627891
POL,Poland,2017,4.867,14.762,49.757,34354.5987616319,5.15245773325907,2.07593553673859,56.0708540911722,29.7,50.4,16.7355756807269,37974826.0,16.4659360432975,1.48,70.6174621582031,4.54246997833252,77.7536585365854,6.53713226,75.9853659493832,19.9531726069815,11.1,8.69581601242887
POL,Poland,2018,3.835,11.686,49.857,36500.4114282584,6.2458584723942,1.81295156542688,56.4266313774483,30.2,48.2,17.1848218488937,37974750.0,17.0145616085721,1.46,71.0217437744141,4.55985021591187,77.6024390243903,6.25094128,77.5417345350006,20.5313862679212,15.1,8.68031784277711
POL,Poland,2019,3.267,9.835,49.596,38181.6230334689,4.58045817256199,2.22747880938291,56.8247340346225,28.8,45.2,17.1407592886385,37965475.0,17.5584217024462,1.44,70.9065017700195,4.62736988067627,77.9048780487805,6.38906956,80.4359068768673,20.5043205670712,15.6,8.21985501300853
POL,Poland,2020,3.155,10.836,49.333,37852.8021313639,-2.03556882399977,3.37446972618589,57.0960625229325,28.5,56.6,17.291144093996,37515748.0,18.0760468179361,1.39,70.9730377197266,4.80081987380981,76.4,6.42739105,83.18488715,21.9255858346119,16.1,7.91347409626485
POL,Poland,2021,3.268,11.817,50.969,41059.5847829682,6.92718266052501,5.05502704719272,56.4521825514612,28.5,53.0,18.9590677200004,36981559.0,18.5352368986876,1.33,72.2060623168945,4.61998987197876,75.3512195121951,6.3654809,85.37490906,22.8165643900514,15.2,8.76145594619199
POL,Poland,2022,2.811,10.56,51.594,43405.0215797441,5.25545697386036,14.4294507575757,57.2217295257752,28.9,48.8,17.1225309189416,36821749.0,19.0192157040405,1.29,75.2911071777344,4.31372976303101,77.1560975609756,6.46619797,86.94113479,23.8373449056172,,8.36357881859441
POL,Poland,2023,2.743,11.176,52.209,43672.7668014946,0.249610834017872,11.5289127961104,58.2011282257295,28.5,49.5,17.9988487014512,36687353.0,19.5609114692528,1.2,76.8794097900391,,78.2585365853659,7.13848782,86.414744,24.526154479274,,7.64977784033642
POL,Poland,2024,2.807,10.662,51.913,45153.0439773281,3.02841630700273,3.79060897630196,59.1475357964785,,55.1,17.389703708732,36559233.0,20.1434028173028,1.14,80.9149627685547,,78.409756097561,8.06380177,88.58496367,25.3612522999634,,7.55108565871718
POL,Poland,2025,2.976,10.699,51.612,46924.5887897477,3.5727250346774,3.81419531520146,59.7400109398795,,58.8,,36435861.0,20.75382733073,,,,,,,,,
PRT,Portugal,2010,10.771,22.753,55.835,36703.1141882825,1.73762453640036,1.40257289895372,65.9900107723019,35.8,100.1,19.8714612760875,10573100.0,18.5177045107792,1.39,,5.40499019622803,79.0268292682927,10.01858425,53.3,20.1035764454099,27.8,5.03622400242124
PRT,Portugal,2011,12.715,30.305,54.621,36127.2949766157,-1.71352745905065,3.6530110043073,66.2727108617798,36.3,114.0,21.3595814303725,10557560.0,18.8655829835079,1.35,,5.11688995361328,80.4707317073171,9.71847439,55.2499968797194,21.2468026111835,27.2,4.86833131897901
PRT,Portugal,2012,15.509,37.978,54.674,34804.6333340484,-4.05090267621935,2.77333854051576,66.391814938701,36.0,128.6,21.0111817015375,10514844.0,19.2003728663626,1.28,,4.94226980209351,80.3731707317073,9.64000225,60.3399974868057,22.7408340982484,25.5,4.73413585593852
PRT,Portugal,2013,16.237,38.452,54.157,34651.7719455059,-0.984106574148328,0.274416666666663,66.8740172770633,36.2,130.8,22.8736947705996,10457295.0,19.6276592820198,1.21,,5.26528978347778,80.7219512195122,9.39476109,62.0956,24.5102597000009,30.2,4.60337018320703
PRT,Portugal,2014,13.88,34.663,53.777,35097.4098263232,0.741391420706506,-0.278153367467428,66.307724667619,35.6,132.5,22.8746795754976,10401062.0,20.1141031472732,1.24,,5.12005996704102,81.1219512195122,9.33570766,64.5924200648949,27.4622463014594,30.5,4.58326274759251
PRT,Portugal,2015,12.405,31.786,53.7,35803.3575649772,1.58979803702681,0.487938623904719,65.4357541364739,35.5,131.0,23.078466918073,10358076.0,20.5742532955034,1.31,61.7960205078125,4.89425992965698,81.1243902439025,9.33309937,68.6328614804299,30.2999720257926,27.2,4.99335011637296
PRT,Portugal,2016,11.058,27.799,53.484,36636.2978441636,2.00414129666575,0.607397074641718,65.4115109280948,35.2,131.2,22.6170386298855,10325452.0,21.026998642616,1.37,63.2387504577637,,81.1243902439025,9.39989281,70.423567088723,32.6259001706105,29.0,4.89305456071076
PRT,Portugal,2017,8.878,23.802,54.028,37943.1150505677,3.31472008175986,1.36861411643481,65.2644211981992,33.8,126.0,22.6364061063622,10300300.0,21.4882830483163,1.38,64.2040176391602,5.02685022354126,81.4243902439025,9.32668972,73.7912139515729,34.6016066063915,24.4,5.35359164296186
PRT,Portugal,2018,6.966,20.235,54.337,39123.6151282575,2.94628343449202,0.993715683468233,65.1189858053297,33.5,121.1,22.8445730542681,10283822.0,21.9323930135851,1.42,65.1127395629883,4.6793999671936,81.3243902439024,9.42121029,74.6609681487507,36.6542819407724,27.5,4.96972818082616
PRT,Portugal,2019,6.422,18.326,54.511,40188.2868799223,2.74568432648596,0.338178410046124,65.5860785423015,32.8,116.1,22.4472570141358,10286263.0,22.3900784021367,1.44,66.0920562744141,4.6275200843811,81.6756097560976,9.50868607,75.3463779408712,38.3605751907072,28.2,4.51358282400518
PRT,Portugal,2020,6.85,22.46,53.157,36852.2287338103,-8.20463159324387,-0.0124383299576209,65.5669578738445,34.7,134.1,22.2595830862446,10297081.0,22.8627033998973,1.42,68.1568908691406,4.86407995223999,81.3292682926829,10.52074051,78.26166044,40.1215406866329,31.3,3.94717687468905
PRT,Portugal,2021,6.712,23.424,52.886,38657.6677223429,5.55875672070374,1.26565719069043,65.0687062575411,34.6,123.9,22.2832932193953,10361831.0,23.2908706037669,1.35,72.5122375488281,4.77341985702515,81.3780487804878,11.22031498,82.30902804,41.5145728650954,32.3,3.76014625214405
PRT,Portugal,2022,6.138,19.183,53.799,41070.8611529744,6.98584137580278,7.83269124233323,66.1933718129425,36.3,111.2,23.1729317343953,10434332.0,23.688003515383,1.43,75.0714797973633,4.55160999298096,81.6317073170732,10.5492239,84.49690644,42.937003513367,,3.8017191709062
PRT,Portugal,2023,6.498,20.463,54.719,41768.2583096874,3.09998745904281,4.3112819189868,66.2923756073157,33.9,96.9,22.6749724614278,10578174.0,24.1115106141099,1.45,77.6778182983398,,82.3292682926829,10.02761173,85.79012676,44.1107426914567,,3.53665954067309
PRT,Portugal,2024,6.5,21.766,54.888,42228.1580446502,2.21459232301109,2.41613187791875,66.2948271282742,,93.5,22.3472676749446,10694681.0,24.5306498594644,1.41,,,82.3829268292683,10.24061108,88.48704454,45.2439221846256,,3.32476489948602
PRT,Portugal,2025,6.164,20.221,54.628,42576.8139673545,1.86448007464475,2.33601620316701,66.5504575914073,,89.9,,10804871.0,24.9426193763087,,,,,,,,,
ROU,Romania,2010,6.959,22.18,41.865,24902.9044891466,-3.90581157302972,6.09141668601891,45.9961975955111,35.5,30.2,16.2393386961731,20246871.0,15.8399964683843,1.59,75.2290267944336,3.41647005081177,73.4585365853659,5.63882685,39.93,14.6853744418104,24.1,4.11641877898071
ROU,Romania,2011,7.177,24.061,41.865,26150.7476231736,4.49558909946313,5.7892532881588,42.3345168458964,35.9,32.6,17.2153737430501,20147528.0,16.0573968725291,1.47,66.7865829467773,2.91359996795654,74.409756097561,4.47503996,40.0099967810008,16.1874973837653,21.1,4.45806056206995
ROU,Romania,2012,6.794,22.806,41.763,26767.4556487181,1.90361696799603,3.33492267693442,49.4343903967501,36.5,36.2,17.1451995582204,20058035.0,16.2663527867529,1.52,54.9534912109375,2.8234601020813,74.4121951219512,4.50939083,45.8799942529424,17.567519569459,21.5,4.36901221879411
ROU,Romania,2013,7.096,24.017,41.706,26941.9318849595,0.278771877470234,3.98471235548129,50.5530892890503,36.9,39.3,17.7604277160507,19983693.0,16.4582814237269,1.46,51.3826103210449,3.06785011291504,75.0634146341463,5.2240696,49.7645,18.8919150905294,23.1,3.9798049339529
ROU,Romania,2014,6.802,24.364,42.049,28156.1307843293,4.11600109267832,1.06830987684298,50.9162586615439,36.0,40.5,17.9382124516934,19908979.0,16.7939266755188,1.56,51.0950393676758,3.12494993209839,74.909756097561,5.0276823,54.0783206550943,20.1139523323465,24.3,3.96756659394738
ROU,Romania,2015,6.812,22.029,42.473,29181.8781722441,3.1570360543854,-0.594156437495203,52.6060117162535,35.9,39.4,18.9161834013848,19815616.0,17.209625303825,1.62,49.3609886169434,3.10693001747131,74.9121951219512,4.94292021,55.7631556336233,21.4489855804576,23.7,4.0525613738175
ROU,Romania,2016,5.901,21.024,42.123,30189.147723024,2.85993252302089,-1.54479666813896,55.1153784636175,34.4,39.5,17.1093366816947,19702267.0,17.5741928757273,1.69,49.911319732666,3.0255401134491,75.209756097561,5.08012772,59.5039512852713,22.4982986593906,24.4,3.99479410161277
ROU,Romania,2017,4.927,18.726,43.175,32852.6355672255,8.19547826641261,1.3390212110439,56.9119041977143,36.0,37.1,15.5817390983731,19588715.0,17.9121340991497,1.78,50.5108184814453,3.11819005012512,75.209756097561,5.18878555,63.7472821822484,24.148941859633,23.4,4.17578692629915
ROU,Romania,2018,4.187,16.607,42.932,34828.8958637884,5.39452228185675,4.62548443137778,56.7769219049761,35.8,36.4,14.4681093064241,19473970.0,18.2496778221635,1.76,51.9943504333496,3.31710004806519,75.3585365853659,5.51454878,70.6812779273268,25.9702175828069,23.0,4.26219717910626
ROU,Romania,2019,3.912,17.143,42.958,36399.4746080793,3.96028958497598,3.82785432599437,58.3617382577699,34.8,36.8,14.5462809277142,19371648.0,18.604236526527,1.77,52.4439697265625,3.55761003494263,75.6073170731707,5.69924641,73.6574757545465,27.060557570268,23.5,4.18922540818417
ROU,Romania,2020,5.035,17.584,42.742,35283.6060358241,-3.59802546034757,2.63107311184742,59.918608618412,34.6,49.5,14.2496122082184,19265250.0,19.0166656963587,1.8,53.4911117553711,3.57968997955322,74.2536585365854,6.20959711,78.45526895,29.314080636148,24.1,3.92941176470588
ROU,Romania,2021,5.59,21.149,42.751,37534.0002643549,5.58735072538869,5.05232876096582,59.5240162986079,33.9,51.8,14.9923011117731,19122059.0,19.3269658332554,1.81,55.2656097412109,3.31562995910644,72.809756097561,6.45246983,83.5904265,31.6949603653045,23.6,4.22268857135102
ROU,Romania,2022,5.614,22.874,43.223,39256.8260854977,4.18771305104109,13.795488743252,60.3937908900332,32.3,51.9,16.4561867713498,19048502.0,19.5152470245056,1.71,58.2390403747559,3.2788200378418,75.1536585365854,5.79823256,85.50309124,33.2115600895132,,3.97277959180202
ROU,Romania,2023,5.589,21.701,42.172,40116.6891416904,2.25773416555121,10.3971874764995,60.9101722747782,29.8,52.6,15.6722108460327,19061062.0,19.7531409207066,1.54,55.1682891845703,,76.4048780487805,5.70901489,89.20335498,34.6706189336505,,3.68569180458046
ROU,Romania,2024,5.4,23.63,41.904,40503.8323253789,0.916003764382594,5.72140574354438,62.5509064348212,,57.5,16.2063555287274,19051804.0,19.9809987731847,1.39,,,76.4585365853659,,91.29048551,35.7995871488999,,3.72055055783694
ROU,Romania,2025,5.992,24.544,41.807,40845.9843440113,0.677829835052762,7.18903362292063,61.7445457376988,,60.6,,19020271.0,20.1384043774039,,,,,,,,,
SRB,Serbia,2010,19.204,46.439,41.802,17841.4312599018,1.61097281449412,6.14255360247248,52.9129127744788,29.0,42.4,19.4313895022311,7291436.0,17.3759538185157,1.4,49.0825119018555,,74.3365853658537,9.15153027,40.9,11.7956770547049,20.5,
SRB,Serbia,2011,22.959,51.182,41.669,17986.5840283539,0.0542724836581954,11.1373976342129,52.2712525828359,,46.0,18.3137738004771,7236519.0,17.3957653090008,1.4,51.5937690734863,4.0735502243042,74.5365853658537,8.75940418,42.2,13.442273512,17.4,
SRB,Serbia,2012,24.0,51.244,42.013,17993.8147169993,-0.443956070983248,7.33038589596645,52.3042523803937,39.9,58.0,17.8145603317234,7201497.0,17.5891851362179,1.45,53.5000305175781,,74.8365853658537,8.95716667,48.09999847,14.8105248871613,19.5,
SRB,Serbia,2013,22.154,49.464,43.063,18163.2047330246,0.451578805330726,7.69426362896655,51.069034379434,39.4,61.2,19.9874009064063,7166553.0,17.9500038447375,1.43,56.3808784484863,,75.1853658536585,8.93188286,53.450364175,16.4163582396862,20.0,
SRB,Serbia,2014,19.223,47.632,43.683,17922.4357685757,-1.80427041681132,2.08244793880153,51.9408244194964,40.4,63.5,21.0521740869991,7131787.0,18.3902831005496,1.46,58.0549697875977,,75.3365853658537,8.85966778,62.0750804639377,16.7418077691238,23.2,
SRB,Serbia,2015,17.66,43.23,43.295,18247.8091057968,1.2957386351958,1.39235822000186,51.8159405243436,40.5,67.1,21.4666537370513,7095383.0,18.883979706442,1.46,58.2876892089844,,75.2878048780488,8.46289921,65.3170254003801,18.6568767159217,21.2,
SRB,Serbia,2016,15.257,34.962,45.271,18889.3816415548,2.97519807160826,1.12231397417769,51.329177657504,38.8,65.0,22.4444642528224,7058322.0,19.3853692133533,1.46,62.1369705200195,3.50275993347168,75.6878048780488,8.15184307,67.0568413716938,20.6094025912635,20.9,
SRB,Serbia,2017,13.477,31.905,46.067,19438.9917129776,2.3634031250553,3.13106248590115,52.0475699154042,36.1,55.3,23.1289563600506,7020858.0,19.9073825690271,1.49,66.4867401123047,3.56539011001587,75.5390243902439,7.89965153,70.3308355269141,21.1492657800305,20.0,
SRB,Serbia,2018,12.733,29.696,46.379,20454.225884367,4.64935035491007,1.959840762938,52.5465914880611,35.0,51.1,22.6384537211685,6982604.0,20.4864046664261,1.49,67.1586608886719,3.43663001060486,75.890243902439,8.18469906,73.360709154564,22.2890953800272,21.0,
SRB,Serbia,2019,10.395,27.495,46.746,21541.1264037184,4.75020793899014,1.84922984511086,53.1890492036739,34.5,49.5,23.0002958047357,6945235.0,21.0643608505556,1.52,67.7898406982422,3.45865988731384,75.9365853658537,8.28762531,77.4167736219802,23.4424592934158,21.4,
SRB,Serbia,2020,9.011,26.608,46.159,21479.0788553347,-0.950023991851594,1.57553290083414,54.5312198459318,35.0,54.3,22.4302344933492,6899126.0,21.5708751193576,1.48,68.1431121826172,,74.4780487804878,8.30643559,78.36804864,25.1834994361532,26.0,
SRB,Serbia,2021,9.843,24.498,49.002,23406.3065657117,7.94905650472278,4.08510285335102,54.2584607355448,33.1,53.6,19.6609961159321,6834326.0,21.888601009739,1.52,69.1800231933594,3.14615988731384,72.780487804878,9.23441029,81.16588116,26.4794202826056,27.2,
SRB,Serbia,2022,8.439,23.27,50.142,24651.8478183529,2.70347705543654,11.9815117344702,54.2740773134141,32.8,50.9,23.8929959453301,6664449.0,22.0776743361109,1.59,69.8046798706055,3.08255004882812,75.2365853658537,8.58397198,83.53825397,29.3457941392192,,
SRB,Serbia,2023,8.268,24.129,51.414,25735.1334774195,3.74793303561771,12.3719043552519,57.7862970567227,32.8,45.7,,6623183.0,22.3383596618497,1.62,73.2060012817383,3.40377998352051,76.1414634146341,8.03133774,85.35746686,31.2695286708104,,
SRB,Serbia,2024,7.24,21.448,52.619,26900.7415340646,3.94992622592932,4.6705297488997,58.7832317170655,,44.1,,6586476.0,22.6860376805019,1.64,70.582649230957,,75.9682926829268,,87.69071294,33.3746847922718,,
SRB,Serbia,2025,7.123,20.926,52.629,27603.3916309287,2.03039196235113,3.89036786060009,59.7322459886897,,42.4,,6549143.0,23.050411277315,,,,,,,,,
SVK,Slovakia,2010,14.387,33.749,50.554,29745.9196662166,6.79058159142423,0.957018132975173,59.1835880081695,27.3,40.7,15.0118814047322,5391428.0,12.4478217220765,1.43,58.0442390441895,4.04704999923706,75.1121951219512,7.67065239,75.71,16.2644145767381,10.3,7.40271408613822
SVK,Slovakia,2011,13.634,33.487,50.155,30468.8257049455,2.56242473215553,3.91928599146291,58.3282317364822,26.5,43.3,16.0042157471556,5398384.0,12.6254872424295,1.45,57.1524887084961,3.90686988830566,75.9585365853659,7.31452227,74.4399971746757,17.6561458836789,10.4,7.01956363237591
SVK,Slovakia,2012,13.966,34.102,50.648,30894.3118010926,1.56917104702706,3.60610263522889,59.0349975688211,26.1,51.7,15.4994966810736,5407579.0,12.9097808254813,1.34,57.0384407043457,3.85490989685059,76.109756097561,7.52780581,76.7099901181121,19.3434773928924,10.5,6.67699907851554
SVK,Slovakia,2013,14.226,33.711,50.988,31078.1848215695,0.703323545247201,1.40047368963025,60.4707594132048,28.1,54.6,16.6590836493512,5413393.0,13.2842884791878,1.34,55.253978729248,4.06078004837036,76.4121951219512,7.48013163,77.8826,20.4985858774048,10.7,6.72042469482633
SVK,Slovakia,2014,11.536,26.745,52.008,31888.805351531,2.70795151449488,-0.076165329541987,57.8083495401784,26.1,53.4,17.3884614229196,5418649.0,13.6950033798192,1.37,53.8843002319336,4.20446014404297,76.8121951219512,6.86543369,79.9843017656729,21.9975144176702,12.2,6.27281818770694
SVK,Slovakia,2015,11.492,26.571,51.931,33507.7913603774,5.17687909722133,-0.325219777427765,58.0921327972931,26.5,51.6,18.0514912186747,5423801.0,14.1487853575038,1.4,52.7206687927246,4.56416988372803,76.5634146341463,6.74109745,77.6346820339875,23.5008610259474,13.4,6.36564652722325
SVK,Slovakia,2016,9.679,22.274,52.511,34116.4502039273,1.94781841524558,-0.520010196278358,59.4295223886459,25.2,52.1,18.0127305314246,5430798.0,14.6624290456748,1.48,50.3014488220215,3.88375997543335,77.1658536585366,7.06081343,80.475857275668,24.626445872585,13.1,6.5265914880281
SVK,Slovakia,2017,8.142,18.962,52.626,35042.7858925618,2.87473327453695,1.31194588223246,59.7079238237781,23.2,51.4,18.5023794034795,5439232.0,15.2000556322042,1.52,49.1256103515625,3.91876006126404,77.1658536585366,6.73388767,81.6256675172655,25.8590797873319,12.4,6.93642043582623
SVK,Slovakia,2018,6.544,14.971,52.241,36415.7920529507,4.06211981896483,2.51403712883802,59.0323950532463,25.0,49.3,18.4643033716736,5446771.0,15.7269155531126,1.54,47.8138313293457,3.93534994125366,77.2658536585366,6.63677502,80.4489224826099,27.6953839189658,12.4,6.83757404157436
SVK,Slovakia,2019,5.761,16.12,52.171,37194.2104548698,2.27589910019393,2.6645613342544,58.6553990162234,23.2,48.0,18.7604262425428,5454147.0,16.259188968312,1.57,48.1902389526367,4.26779985427856,77.6658536585366,6.91102982,82.8536605021784,29.181106904051,17.6,6.3818228588265
SVK,Slovakia,2020,6.719,19.438,51.796,36201.4863805533,-2.58551241733207,1.93694126694222,59.4854550464346,24.2,58.4,18.4644586007277,5458827.0,16.7640891006244,1.59,48.3790016174316,4.720290184021,76.8658536585366,7.06027794,89.92090413,31.192548373756,17.6,5.98002098252976
SVK,Slovakia,2021,6.894,21.211,54.62,38330.302743447,5.6558588065555,3.14960629921259,60.1256272734401,24.1,60.2,18.9752480894666,5447247.0,17.1648882487724,1.63,50.7342491149902,4.71766996383667,74.6146341463415,7.62857914,88.92560523,32.6060735005904,17.9,6.72785720933896
SVK,Slovakia,2022,6.143,19.924,55.692,38648.9855746919,0.544591632137454,12.774146363761,60.6244300812706,24.1,57.8,19.8495900641177,5431752.0,17.5706371952843,1.57,52.4959106445312,4.65688991546631,76.9658536585366,7.70245218,89.06766196,33.9988127597088,,6.11012800289851
SVK,Slovakia,2023,5.843,19.867,55.698,39501.9474231962,2.11263633214959,10.5319476645211,60.0252424547974,23.8,55.8,19.4161031226021,5426740.0,18.0508365765507,1.49,53.417610168457,,78.119512195122,7.35262203,87.2131343,33.17259432898,,5.73978115774848
SVK,Slovakia,2024,5.3,18.995,55.464,40302.4514288424,1.93867445549446,2.75760909424278,59.9609861243037,,59.7,19.1422953144335,5422069.0,18.5373993543753,1.46,54.4743194580078,,78.3707317073171,,89.82507032,33.8136036435218,,5.51311685631444
SVK,Slovakia,2025,5.359,18.427,55.127,40689.8179557427,0.807418690144758,4.00042823495829,59.8076497946185,,61.6,,5413813.0,19.0363041680723,,,,,,,,,
SVN,Slovenia,2010,7.236,14.7,53.142,38063.314683572,1.11213719306735,1.79686310339571,58.6420215397293,24.9,38.6,22.0180158109209,2048583.0,16.3680688560959,1.57,90.2514877319336,5.59362983703613,79.4219512195122,8.63941956,70.0,23.0130215414954,20.1,8.37691223640926
SVN,Slovenia,2011,8.166,15.764,52.351,38233.2905622851,0.655438128379743,1.8054197111789,58.1676012805429,24.9,46.8,21.6954700360199,2052843.0,16.4955993838356,1.56,87.1887130737305,5.58290004730225,79.9707317073171,8.60054302,67.3399948092396,24.1297849867532,19.1,7.83269836027402
SVN,Slovenia,2012,8.841,20.649,52.321,37040.7082746106,-2.91553782040462,2.59737323959585,57.688460637012,25.6,54.1,21.7020526038348,2057159.0,16.7904579946341,1.58,89.0215606689453,5.6702299118042,80.1243902439024,8.79263687,68.3499745287825,24.8054736692412,20.2,7.54292692008736
SVN,Slovenia,2013,10.103,21.665,51.929,36685.7496645094,-0.823776417691676,1.76816639492352,56.9767649955258,26.2,70.8,21.8958895091008,2059953.0,17.1479957003396,1.55,87.8572082519531,5.46767997741699,80.3219512195122,8.84043884,72.6756,25.5111136181393,22.5,7.52978344651553
SVN,Slovenia,2014,9.668,20.236,52.531,37662.2559898098,2.76283327639742,0.1981012589714,56.3977533700188,25.7,81.1,22.0340192699754,2061980.0,17.5469496825326,1.58,84.3780288696289,5.34328985214233,81.0780487804878,8.58487225,71.5862515855601,27.0022702087688,22.9,6.85069690297675
SVN,Slovenia,2015,8.962,16.299,52.275,38534.6437425951,2.39330621338168,-0.526145203111483,56.278935273132,25.4,83.4,22.1224219708005,2063531.0,18.0184247458794,1.57,82.1997833251953,4.95528984069824,80.7756097560976,8.57742882,73.0986599745829,27.6233320566015,21.4,6.92739774687175
SVN,Slovenia,2016,8.0,15.243,52.113,39674.8931561968,3.03441486663654,-0.0510464522715298,56.6168276408096,24.8,79.4,22.1634784860129,2065042.0,18.5120548294753,1.58,79.4747467041016,4.84419012069702,81.1756097560976,8.5691185,75.4985042610791,28.5889065200718,21.0,7.27283028626052
SVN,Slovenia,2017,6.564,11.24,53.539,41700.651085028,5.17440215579958,1.42677069523826,56.5851812852398,24.2,74.9,21.9054599223497,2066388.0,19.0009988314642,1.62,79.2703475952148,4.82381010055542,81.0292682926829,8.2588892,78.8854263554775,29.180424842781,19.7,7.42566255708028
SVN,Slovenia,2018,5.108,8.817,53.719,43369.221946981,4.37908347331195,1.73668027298334,56.5036144676369,24.6,71.0,22.033082917798,2073894.0,19.4617683036878,1.6,77.3015975952148,4.97948980331421,81.3780487804878,8.35228634,79.7499765956562,29.6086313428343,20.6,7.44975394113682
SVN,Slovenia,2019,4.446,8.136,53.382,44577.9418583069,3.50525332381912,1.63437236731259,56.5174939998697,24.4,66.0,21.6992617438153,2088385.0,19.8516683589804,1.61,76.4720077514648,4.93479013442993,81.5292682926829,8.56564522,83.1083578026717,30.1395433223627,20.9,7.0993135844205
SVN,Slovenia,2020,4.971,14.179,53.105,42471.5228031277,-4.08500094942896,-0.0549154509283246,57.1774558808323,24.0,80.2,20.4885506119886,2102419.0,20.1213887142885,1.59,75.8166809082031,5.41901016235352,80.5317073170732,9.48984432,86.60130109,30.9930132861242,22.7,6.44048593548669
SVN,Slovenia,2021,4.744,12.846,53.467,45922.6632600134,8.41686457725321,1.91687660042081,57.8590988226047,24.3,74.8,21.6087104347701,2108079.0,20.4309073032618,1.64,82.2400436401367,5.39167022705078,80.6756097560976,9.52724361,89.00399524,31.5502669986288,23.4,6.57475360268757
SVN,Slovenia,2022,4.011,10.14,53.875,47058.8865960028,2.66850555542486,8.83346218008716,58.1702790663945,24.3,72.8,21.0310570417072,2112076.0,20.8812714279501,1.55,82.3922576904297,5.28065013885498,81.2829268292683,9.62683296,88.91248552,32.0104972135392,,6.3394025593776
SVN,Slovenia,2023,3.652,9.948,52.986,47986.4195855821,2.3758326648385,7.44541647973679,57.8684736464045,24.7,68.3,20.3262503886026,2120461.0,21.3323429613727,1.51,80.0806884765625,,81.9292682926829,9.30008888,90.37794678,31.8814801387465,,5.95087577654104
SVN,Slovenia,2024,3.7,11.029,52.644,48658.0265180267,1.73139722479493,1.96593538509715,57.9394382652417,,66.6,20.9851312589996,2127400.0,21.7723491779025,1.52,,,82.2853658536585,9.87630939,90.76355487,34.2332575162942,,6.26652251574692
SVN,Slovenia,2025,3.175,9.536,52.297,49091.0184405902,1.05992996255246,2.37420873927207,58.6373041107386,,65.9,,2130986.0,22.2111482273631,,,,,,,,,
SWE,Sweden,2010,8.61,24.76,58.976,55520.4324178534,5.75076477579255,1.15997116455861,62.9438881558682,27.7,38.6,27.8145320559063,9378126.0,18.2772882991165,1.98,73.0818328857422,6.56318998336792,81.4512195121951,8.32384682,90.0,31.9840349438999,44.7,5.63902638970728
SWE,Sweden,2011,7.804,22.782,59.526,56846.1368290625,3.16388567406926,2.959686077074,63.3981651455389,27.6,37.7,27.1369948907058,9449213.0,18.6361385585896,1.9,71.9184112548828,6.40655994415283,81.8024390243903,10.50179005,92.7699860554046,32.0391154481002,45.4,5.12869166987769
SWE,Sweden,2012,7.976,23.608,59.719,56193.3287488246,-0.414397702454409,0.888988764045007,64.301791249552,27.6,38.0,26.7821006606265,9519374.0,18.9775519929568,1.91,68.742301940918,7.57456016540527,81.7048780487805,10.834198,93.1799880065108,32.2829791143157,48.3,4.80375075083719
SWE,Sweden,2013,8.052,23.518,60.127,56353.0856347897,1.13766671801426,-0.0463297071428012,65.4244862516873,28.8,40.8,26.844295469932,9600379.0,19.2744218602549,1.89,65.7820892333984,7.6465802192688,81.9560975609756,10.9872179,94.7836,32.7855388506159,47.3,4.579871273832
SWE,Sweden,2014,7.954,22.821,60.279,57077.6693544196,2.29577238758284,-0.17827377503636,65.9159475091998,28.4,45.7,26.9323651387377,9696110.0,19.5210692673755,1.88,64.9541931152344,7.62924003601074,82.2536585365854,11.07212639,92.5236065037579,33.841393015349,48.6,4.41199615103377
SWE,Sweden,2015,7.432,20.363,60.562,58955.6412361461,4.38824673608589,-0.0464339610847765,65.1985990806762,29.2,44.5,27.5056157786362,9799186.0,19.6982615865952,1.85,66.4283218383789,7.49442005157471,82.2048780487805,10.93069172,90.6101966398616,35.6778078349251,51.9,4.37800649972355
SWE,Sweden,2016,6.99,18.894,60.691,59460.2872722689,2.13117914731151,0.98181980613754,65.1614994624159,29.6,42.9,28.3765415278316,9923085.0,19.773834861054,1.85,68.306037902832,7.63991022109985,82.3073170731707,10.95692444,89.6509476102355,37.0821744423215,50.9,4.2819344992006
SWE,Sweden,2017,6.718,17.873,61.036,59769.0136237,1.88282184966646,1.79945856998777,64.9520864398133,28.8,41.6,28.5539988730335,10057698.0,19.8018336203973,1.78,70.4342498779297,7.63849020004272,82.409756097561,10.94730949,93.0062669652127,38.3266046004608,51.8,4.15961982553065
SWE,Sweden,2018,6.365,17.398,61.259,60124.5711994179,1.7702553546772,1.95015121493372,64.8986769536089,30.0,39.9,28.3406068478267,10175214.0,19.8625371600706,1.76,73.4083786010742,7.69825983047485,82.5585365853659,11.09132671,89.2469631588137,38.7413375683818,51.6,3.89655686848453
SWE,Sweden,2019,6.833,20.092,61.315,61070.5243445838,2.60823012869524,1.78413120567382,65.0399033572829,29.3,35.8,27.7012981685122,10278887.0,19.9506621429353,1.71,75.1148529052734,7.66307020187378,83.109756097561,10.93444347,94.4934434072202,39.2905524546107,52.9,3.8423518032643
SWE,Sweden,2020,8.291,23.891,60.587,59458.2805291969,-1.93379704032216,0.498304091118424,65.6476199690595,28.9,40.4,27.0128699114576,10353442.0,20.0599853974717,1.67,79.1196365356445,7.95333003997803,82.3560975609756,11.42458725,94.53943122,40.3679810262741,57.8,3.67402454179006
SWE,Sweden,2021,8.803,24.555,60.704,62190.8526983825,5.2258643028773,2.16416666666663,64.8989803904197,29.8,37.3,28.0126472933463,10415811.0,20.1967832299352,1.67,85.9426193237305,7.60224008560181,83.0560975609756,11.23013592,94.6703163,40.8351431063991,57.9,3.88625523254982
SWE,Sweden,2022,7.417,21.597,61.05,62544.5002248644,1.25543620445816,8.36888341476543,63.6853972765011,31.6,34.2,28.1710469421456,10486941.0,20.3419018248482,1.53,83.8976135253906,7.31909990310669,83.0585365853659,10.85505676,95.00970335,40.6093424279832,,3.59996303974629
SWE,Sweden,2023,7.611,21.941,61.685,62122.5116950792,-0.204061304891439,8.54678338363812,65.4646684204795,29.3,32.1,27.3763764638778,10536632.0,20.5364235623884,1.45,81.3998184204102,,83.309756097561,11.152915,95.70327461,40.7340135908716,,3.4800778844701
SWE,Sweden,2024,8.4,24.336,61.68,62558.4065876041,1.01779633304398,2.83679582836375,66.4793112706122,,33.9,27.2263453447308,10569709.0,20.7467682423653,1.43,83.9988098144531,,84.0634146341463,11.21510124,95.52930428,40.6156538715616,,3.57381645984766
SWE,Sweden,2025,8.694,24.312,61.537,63362.4612808079,1.54316373266217,0.679015259300199,67.0276538693302,,34.9,,10596620.0,20.9127967529707,,,,,,95.76629783,,,
